region_name,nodes,edges,edge_node_ratio
abujapropertyco.com,13,12,0.9230769230769231
202.com,11,10,0.9090909090909091
afreesite.net,27,30,1.1111111111111112
cnsltd.com,13,14,1.0769230769230769
collectivehaul.com,14,13,0.9285714285714286
alepato.com,29,28,0.9655172413793104
abhacool.com,11,10,0.9090909090909091
ajova.net,32,36,1.125
6star.net,35,37,1.0571428571428572
bbplz.com,12,13,1.0833333333333333
bilraqlaw.com,15,14,0.9333333333333333
1031explained.com,12,13,1.0833333333333333
1clickbd.com,17,16,0.9411764705882353
bishopleroydavisministries.org,17,19,1.1176470588235294
cassanodadda.com,12,13,1.0833333333333333
aygs.com,12,13,1.0833333333333333
1ppl.com,14,14,1.0
buncomic.com,15,16,1.0666666666666667
a-sf.com,12,13,1.0833333333333333
burnopfield.net,14,15,1.0714285714285714
baja.eu,12,13,1.0833333333333333
boxingscene.com,30,36,1.2
buzzybees.com,15,16,1.0666666666666667
chocay.net,19,20,1.0526315789473684
batsnballs.info,14,15,1.0714285714285714
clicktoenter.com,14,13,0.9285714285714286
bouncefunplex.com,11,10,0.9090909090909091
audiovideoconcepts.net,10,9,0.9
alexwichert.com,13,14,1.0769230769230769
benelliclubgb.net,17,16,0.9411764705882353
bluespy.net,18,17,0.9444444444444444
barrympeterson.com,17,16,0.9411764705882353
buenosdiasflorida.com,17,16,0.9411764705882353
c9035.cn,5,4,0.8
camvas.com,14,15,1.0714285714285714
cinepipoca.net,13,12,0.9230769230769231
03941.de,12,13,1.0833333333333333
bintankitecenter.com,13,12,0.9230769230769231
4lava.com,18,17,0.9444444444444444
austro-immo.de,17,16,0.9411764705882353
allenhalloween.com,16,17,1.0625
b-zyz.com,9,8,0.8888888888888888
cocabags.com,17,16,0.9411764705882353
chivuco.com,21,20,0.9523809523809523
aktcam.de,12,13,1.0833333333333333
95f.com,8,7,0.875
authoritydomain.com,13,12,0.9230769230769231
1aq.net,15,14,0.9333333333333333
8ks.com,13,14,1.0769230769230769
bigblondtits.com,16,15,0.9375
assistirjogos.net,13,14,1.0769230769230769
apocrypha.us,11,10,0.9090909090909091
biologia.com,13,14,1.0769230769230769
besonderekinder.de,14,15,1.0714285714285714
9zll.com,5,4,0.8
2cv.net,15,14,0.9333333333333333
christianpathologist.com,21,20,0.9523809523809523
acpsupplies.com,13,12,0.9230769230769231
94975.com,12,13,1.0833333333333333
biskaia.net,13,14,1.0769230769230769
bergamini.eu,12,13,1.0833333333333333
cnkmt.com,20,24,1.2
benelliamerica.com,17,16,0.9411764705882353
4sheart.com,13,12,0.9230769230769231
afilihosting.com,12,11,0.9166666666666666
cognite.jp,13,14,1.0769230769230769
bojicafe.com,23,27,1.173913043478261
29lm.com,13,12,0.9230769230769231
2mesh.net,35,48,1.3714285714285714
belladan.com,11,10,0.9090909090909091
ausim.com,12,13,1.0833333333333333
20kxy.com,14,13,0.9285714285714286
c-arts.ru,21,23,1.0952380952380953
b-daman.com,12,11,0.9166666666666666
billiecotton.com,24,29,1.2083333333333333
atrila.net,53,58,1.0943396226415094
azguard.com,15,14,0.9333333333333333
blauertacho4u.de,18,20,1.1111111111111112
c6229.cn,5,4,0.8
autobloggingblueprint.com,12,13,1.0833333333333333
21carinsurance.org,17,16,0.9411764705882353
alteposthattingen.de,14,15,1.0714285714285714
biur.com,17,16,0.9411764705882353
analoge.com,12,13,1.0833333333333333
badrish.com,12,13,1.0833333333333333
badewannenshop24.de,15,14,0.9333333333333333
c6025.cn,5,4,0.8
b2514.cn,5,4,0.8
auroratownship.org,13,12,0.9230769230769231
carterlakepd.com,12,13,1.0833333333333333
54536.de,12,13,1.0833333333333333
caosclub.org,14,15,1.0714285714285714
52dr.com,19,18,0.9473684210526315
cnpcaa.com,5,4,0.8
basilios.net,16,15,0.9375
bj7ch.com,13,14,1.0769230769230769
babakale.com,12,13,1.0833333333333333
2387.de,12,13,1.0833333333333333
brd8.com,11,10,0.9090909090909091
bpaq.com,15,15,1.0
antithesis.org,15,16,1.0666666666666667
cardcasters.com,13,14,1.0769230769230769
aircraftshots.com,13,14,1.0769230769230769
bostongals.com,18,18,1.0
cheapthrills.net,11,10,0.9090909090909091
briarhopper.com,15,16,1.0666666666666667
9n.ca,15,16,1.0666666666666667
altawheedislamiccenter.com,15,16,1.0666666666666667
augce.com,12,13,1.0833333333333333
bbcradio.eu,12,13,1.0833333333333333
cassarisparmio.com,14,13,0.9285714285714286
ccne.com,8,7,0.875
andorracorp.com,15,14,0.9333333333333333
aviationschoolsonline.com,17,18,1.0588235294117647
averagerating.com,17,16,0.9411764705882353
b766.cn,5,4,0.8
bluebatmobile.com,15,16,1.0666666666666667
bevelled.com,12,11,0.9166666666666666
alcoholicos.net,12,13,1.0833333333333333
apartments360.de,14,15,1.0714285714285714
5jul.com,14,13,0.9285714285714286
billigster.at,12,13,1.0833333333333333
capigroupe.net,24,23,0.9583333333333334
azzaza.com,13,12,0.9230769230769231
austinem.com,20,24,1.2
36g.com,11,10,0.9090909090909091
axthony.me,14,15,1.0714285714285714
blvo.com,40,45,1.125
32zp.com,5,4,0.8
boxingift.com,13,12,0.9230769230769231
bleh9.com,3,2,0.6666666666666666
apurie.com,34,37,1.088235294117647
8mhk.com,3,2,0.6666666666666666
cashadvance31.com,21,20,0.9523809523809523
blogatronica.com,15,16,1.0666666666666667
bhhq.com,18,17,0.9444444444444444
327ss.com,15,15,1.0
artsacademy.it,14,15,1.0714285714285714
classvisits.com,15,15,1.0
adteractive.com,26,25,0.9615384615384616
98z.com,13,13,1.0
50ci.com,12,11,0.9166666666666666
batistainfo.com,13,14,1.0769230769230769
carbi.com,20,21,1.05
blackbabe.de,12,13,1.0833333333333333
cloudmusic.pro,15,14,0.9333333333333333
adpersonam.org,13,12,0.9230769230769231
allopurinol.de,12,13,1.0833333333333333
baseball-reference.com,28,32,1.1428571428571428
ax111.com,16,17,1.0625
7xad.com,6,5,0.8333333333333334
blackcatclub.org,13,12,0.9230769230769231
0523u.com,8,7,0.875
coaday.com,17,17,1.0
coachdiaperbag-coupons.com,11,11,1.0
69grad.de,45,58,1.288888888888889
brainiax.com,15,16,1.0666666666666667
candylips.com,12,13,1.0833333333333333
aborrecido.com,12,13,1.0833333333333333
aymnry.com,11,12,1.0909090909090908
afgview.com,11,10,0.9090909090909091
aiccinc.com,18,17,0.9444444444444444
cepid.com,18,19,1.0555555555555556
5000dy.com,5,4,0.8
689a.com,13,12,0.9230769230769231
cichewicz.ca,13,12,0.9230769230769231
acgltd.com,19,18,0.9473684210526315
ahannan.net,16,16,1.0
clubreposoir.ch,17,20,1.1764705882352942
bummm.info,28,34,1.2142857142857142
allskin.com,17,18,1.0588235294117647
brk.com,12,13,1.0833333333333333
bstc.com,20,21,1.05
123fb.com,14,14,1.0
clubpinguin.es,12,13,1.0833333333333333
babesteenagers.com,13,12,0.9230769230769231
cncjn.com,13,13,1.0
bonbonfemme.com,17,16,0.9411764705882353
ansl.info,12,13,1.0833333333333333
alti.info,12,13,1.0833333333333333
chablis-the-french-chic.com,21,20,0.9523809523809523
0m0d.com,14,15,1.0714285714285714
28dayslateranalysis.com,21,20,0.9523809523809523
45941.com,12,13,1.0833333333333333
beteilig.com,15,15,1.0
arcatas.net,12,11,0.9166666666666666
bul.de,14,15,1.0714285714285714
alleine.org,12,13,1.0833333333333333
blueciel.com,15,16,1.0666666666666667
antropologia.org,16,15,0.9375
bukittinggi.de,14,15,1.0714285714285714
buckinghamnicks.com,14,13,0.9285714285714286
cancunhoteles-mx.com,10,9,0.9
calpinetech.com,15,15,1.0
1-amateur-nude-chats.com,12,13,1.0833333333333333
christianguardian2.com,22,21,0.9545454545454546
citygate.ca,15,16,1.0666666666666667
americansports.org,10,9,0.9
chileactores.cl,15,14,0.9333333333333333
454zy.com,4,4,1.0
bleusyrus.info,15,14,0.9333333333333333
75112.com,11,11,1.0
agoomo.com,15,14,0.9333333333333333
barockkunst.de,9,8,0.8888888888888888
blagpanorama.ru,15,16,1.0666666666666667
cancerhelp101.com,17,16,0.9411764705882353
behavioral-or.org,10,9,0.9
asock.com,13,14,1.0769230769230769
18mona.com,18,21,1.1666666666666667
bhall.com,14,13,0.9285714285714286
adultindir.net,13,14,1.0769230769230769
ascending-star.com,17,16,0.9411764705882353
badmonkeybistro.com,19,20,1.0526315789473684
buy6.com,12,13,1.0833333333333333
asiaia.com,20,19,0.95
33-33-33.com,12,13,1.0833333333333333
b474.cn,5,4,0.8
72505.com,12,13,1.0833333333333333
actinicexpress.com,24,23,0.9583333333333334
awalhosting.com,21,21,1.0
boardgames.fr,12,13,1.0833333333333333
basketballguy.com,15,16,1.0666666666666667
berichten.de,12,13,1.0833333333333333
chinasayno.com,19,22,1.1578947368421053
anuf.com,12,13,1.0833333333333333
aneo.net,20,21,1.05
c1779.cn,5,4,0.8
bucara.de,16,15,0.9375
antinomy.com,14,15,1.0714285714285714
blouyobs.com,21,20,0.9523809523809523
1onlinedegree.com,10,9,0.9
bublik.de,15,14,0.9333333333333333
bj59ad.com,7,6,0.8571428571428571
alhoob.com,12,13,1.0833333333333333
apsnygov.org,12,13,1.0833333333333333
augentraum.com,15,16,1.0666666666666667
activityebooks.com,17,16,0.9411764705882353
10fuck.com,13,12,0.9230769230769231
basket-supplies.info,12,13,1.0833333333333333
arcoparma.it,13,14,1.0769230769230769
cincinnati-excite.com,16,15,0.9375
blog-design.net,17,16,0.9411764705882353
addhq.net,7,6,0.8571428571428571
aowcincinnati.com,15,16,1.0666666666666667
blacklisted.pl,26,29,1.1153846153846154
classannual.com,18,17,0.9444444444444444
bmrtl.com,15,14,0.9333333333333333
babyhao.net,3,2,0.6666666666666666
38abra.com,12,13,1.0833333333333333
classixfestival.de,16,15,0.9375
cheapmountainbikesinfo.com,12,13,1.0833333333333333
c-artpinchuk.org,17,16,0.9411764705882353
ceilingfanonline.com,15,16,1.0666666666666667
1490theoutlaw.com,28,29,1.0357142857142858
bdpress.net,25,27,1.08
caucasian.ca,14,16,1.1428571428571428
ancientguru.com,14,14,1.0
betrates.com,15,16,1.0666666666666667
3ggays.com,15,16,1.0666666666666667
56405.com,11,10,0.9090909090909091
canadianembassy.net,15,16,1.0666666666666667
120filmi.com,16,16,1.0
anhaguera.com,13,14,1.0769230769230769
adno.de,12,13,1.0833333333333333
69560.com,12,13,1.0833333333333333
co.pl,185,224,1.2108108108108109
antonellaclerici.it,25,32,1.28
ambientrance.org,17,16,0.9411764705882353
alzol.com,22,25,1.1363636363636365
c164.cn,5,4,0.8
bangkopost.com,13,14,1.0769230769230769
24worldnews.com,21,20,0.9523809523809523
celticloreandmagic.com,12,13,1.0833333333333333
5i5u.cn,8,7,0.875
av3x.com,21,26,1.2380952380952381
brighten-your-day.com,15,16,1.0666666666666667
armaya.com,15,16,1.0666666666666667
astroweb.eu,12,13,1.0833333333333333
56ast.com,5,4,0.8
barbizonschool.com,15,14,0.9333333333333333
adressit.com,17,16,0.9411764705882353
automufflerking.com,13,12,0.9230769230769231
cicadea.com,12,13,1.0833333333333333
a8627.cn,5,4,0.8
buy-kindle-book.info,17,16,0.9411764705882353
arigatougozaimasu.org,13,12,0.9230769230769231
161sex.com,16,15,0.9375
0504506012.com,16,17,1.0625
55kkz.com,12,11,0.9166666666666666
8npc.com,14,14,1.0
avirc.com,13,12,0.9230769230769231
cavic.com,12,13,1.0833333333333333
0512yuesao.com,5,4,0.8
blognisa.com,12,11,0.9166666666666666
chocoladetaart.com,15,16,1.0666666666666667
basf.com,576,786,1.3645833333333333
a8124.cn,5,4,0.8
atlasmedia.net,12,13,1.0833333333333333
bestprideparades.com,14,15,1.0714285714285714
223388.info,14,13,0.9285714285714286
cmctv-america.com,13,12,0.9230769230769231
cadviet.com,18,17,0.9444444444444444
bortigiadas.com,12,13,1.0833333333333333
ahardcoresex.com,18,17,0.9444444444444444
aphelion.org,12,13,1.0833333333333333
42092.com,12,13,1.0833333333333333
4mind4body.com,14,15,1.0714285714285714
cmperformance.com,12,13,1.0833333333333333
35702.com,12,13,1.0833333333333333
alshawkany.net,19,22,1.1578947368421053
85am.com,4,4,1.0
cipfg.com,15,16,1.0666666666666667
bgcnc.com,12,13,1.0833333333333333
29smm.com,14,14,1.0
c1160.cn,5,4,0.8
angionet.org,12,13,1.0833333333333333
700x23.org,29,36,1.2413793103448276
blogofsport.info,17,16,0.9411764705882353
bikok.com,15,16,1.0666666666666667
chairslivingroom.com,12,13,1.0833333333333333
altareshfamily.com,13,12,0.9230769230769231
alcc.org,21,21,1.0
aupr.com,12,13,1.0833333333333333
80035.net,12,13,1.0833333333333333
callessen.com,15,15,1.0
ascregistry.org,13,12,0.9230769230769231
ad-get.com,22,21,0.9545454545454546
alone-themovie.com,19,18,0.9473684210526315
atech.biz,17,16,0.9411764705882353
369jp.com,5,4,0.8
bowdontreeservice.com,11,10,0.9090909090909091
bjzyyt.net,6,5,0.8333333333333334
articlebarge.com,14,13,0.9285714285714286
classbooks.net,12,13,1.0833333333333333
bizerte.org,15,16,1.0666666666666667
atronomia.com,14,15,1.0714285714285714
clubcode.com,12,13,1.0833333333333333
backhuhn.de,17,18,1.0588235294117647
closp.com,10,9,0.9
arkitecto.com,17,16,0.9411764705882353
586hj.com,11,10,0.9090909090909091
7qw.com,8,7,0.875
cashforlaptops.biz,22,27,1.2272727272727273
bigrussiansoul.org,15,16,1.0666666666666667
566sq.com,15,14,0.9333333333333333
69445.com,12,13,1.0833333333333333
cant-find-me.com,14,15,1.0714285714285714
4emo.com,20,23,1.15
ahdnsy.com,5,4,0.8
columbiana.net,14,15,1.0714285714285714
3gpba.com,13,12,0.9230769230769231
banml.com,14,14,1.0
71aaa.com,14,13,0.9285714285714286
biorust.org,18,17,0.9444444444444444
cabinmatch.com,17,16,0.9411764705882353
bafelo.de,12,13,1.0833333333333333
222222222.com,12,13,1.0833333333333333
chessfidelity.com,12,13,1.0833333333333333
08jh.com,14,13,0.9285714285714286
canhub.com,12,13,1.0833333333333333
bobbyjoe.org,18,17,0.9444444444444444
523y.com,12,11,0.9166666666666666
angaron.com,17,16,0.9411764705882353
72kb.com,13,12,0.9230769230769231
1app.de,14,15,1.0714285714285714
berukkk.com,20,23,1.15
berryhilldrip.com,18,17,0.9444444444444444
ash3ar.com,13,12,0.9230769230769231
8afmuseum.net,13,12,0.9230769230769231
chockalate.com,13,14,1.0769230769230769
clouster.com,14,15,1.0714285714285714
adisutjipto-airport.com,18,19,1.0555555555555556
alertpay-global.com,15,16,1.0666666666666667
1belong.eu,12,13,1.0833333333333333
bjlmd.com,13,12,0.9230769230769231
artbizu.pl,17,19,1.1176470588235294
autogallerycars.com,17,16,0.9411764705882353
alain-flaig.ch,17,19,1.1176470588235294
afghanhost.org,24,26,1.0833333333333333
al9ada.com,17,16,0.9411764705882353
4cadet.org,14,15,1.0714285714285714
anpool.com,11,10,0.9090909090909091
333bo.net,12,12,1.0
brelli.com,10,9,0.9
cheapestdomainregistrations.org,14,15,1.0714285714285714
cashloans180.com,17,16,0.9411764705882353
cheffromhell.com,21,20,0.9523809523809523
3kajans.com,24,26,1.0833333333333333
1fdgo.com,12,11,0.9166666666666666
chikchirik.de,15,14,0.9333333333333333
bestaffiliateproducts.com,19,20,1.0526315789473684
awesomeperson.org,13,12,0.9230769230769231
calculators.pro,12,13,1.0833333333333333
42cap.net,14,15,1.0714285714285714
4ydo.net,18,18,1.0
cie.de,13,14,1.0769230769230769
alternations.de,14,13,0.9285714285714286
cc5354.com,17,19,1.1176470588235294
brandononline.net,14,13,0.9285714285714286
8626.info,25,29,1.16
4hamsters.com,15,16,1.0666666666666667
04214.com,14,15,1.0714285714285714
bskilled.net,14,13,0.9285714285714286
c1326.cn,5,4,0.8
cbsmmw.com,5,4,0.8
animekeys.com,14,13,0.9285714285714286
child-prodigy.com,13,14,1.0769230769230769
aitsensor.com,12,13,1.0833333333333333
alton.eu,12,13,1.0833333333333333
bleumagic.com,17,16,0.9411764705882353
4servers.net,25,27,1.08
28939.com,14,15,1.0714285714285714
aywana.com,16,17,1.0625
balancity.de,13,14,1.0769230769230769
boltamarson.com,16,18,1.125
bajasae.org,16,15,0.9375
aghareed.net,13,14,1.0769230769230769
c-nic.com,15,16,1.0666666666666667
aletm.com,16,17,1.0625
555js.com,12,13,1.0833333333333333
aspenco.org,12,13,1.0833333333333333
benny75.com,20,20,1.0
05952.de,12,13,1.0833333333333333
angryip.org,18,17,0.9444444444444444
1zjj.com,5,4,0.8
bypasswebfilter.info,15,16,1.0666666666666667
bookseed.com,12,11,0.9166666666666666
abitep.com,14,15,1.0714285714285714
chinaeiga.com,18,17,0.9444444444444444
2pg.com,20,21,1.05
71b1.com,5,4,0.8
agenciadenoticiasdelperu.com,21,20,0.9523809523809523
aerialathletics.com,11,10,0.9090909090909091
aircompressor.eu,12,13,1.0833333333333333
101txt.com,13,14,1.0769230769230769
actors.nu,23,27,1.173913043478261
2cfx.com,12,12,1.0
beat-scuba.com,15,14,0.9333333333333333
cavitechorale.com,15,16,1.0666666666666667
775dh.com,13,12,0.9230769230769231
78tf.com,15,14,0.9333333333333333
bjjrqc.cn,4,4,1.0
artepalineco.com,15,16,1.0666666666666667
archers.fr,12,13,1.0833333333333333
bjjcf.com,7,7,1.0
125th.com,12,13,1.0833333333333333
65909.com,13,12,0.9230769230769231
aroundthelakes.net,10,9,0.9
aikida.com,12,13,1.0833333333333333
aquaforum.net,20,21,1.05
70mmonle.com,13,14,1.0769230769230769
c-56.com,11,11,1.0
batteringram.com,12,13,1.0833333333333333
catherine-elise.net,11,10,0.9090909090909091
churchofbodmod.com,14,15,1.0714285714285714
ceche.com,13,14,1.0769230769230769
centralst.com,15,16,1.0666666666666667
bankschool.com,15,14,0.9333333333333333
39f-mint.com,14,14,1.0
bgir.com,15,16,1.0666666666666667
asiandrops.jp,15,16,1.0666666666666667
3hatsadmin.com,14,13,0.9285714285714286
ash.it,13,15,1.1538461538461537
americasroofwarranty.com,11,11,1.0
alqrnihost.org,20,26,1.3
atjt.com,12,13,1.0833333333333333
apolipoprotein.com,12,13,1.0833333333333333
881.jp,12,13,1.0833333333333333
b7960.cn,5,4,0.8
1vai.it,25,31,1.24
allspice.net,12,13,1.0833333333333333
b1074.cn,5,4,0.8
angelinna.com,15,16,1.0666666666666667
ariyasu.com,13,14,1.0769230769230769
arthurplace.com,22,25,1.1363636363636365
caqueta.com,13,14,1.0769230769230769
blackcod.com,12,13,1.0833333333333333
36rtys.com,16,15,0.9375
assurantie.com,15,16,1.0666666666666667
7460.com,12,13,1.0833333333333333
cashflow365now.com,16,15,0.9375
bluto.net,20,23,1.15
apaza.com,10,9,0.9
bassbait.com,12,13,1.0833333333333333
bewohner.at,15,16,1.0666666666666667
bicsdns.com,21,21,1.0
bernadettemsdeanniesteven.com,15,16,1.0666666666666667
badunkadunk.com,9,8,0.8888888888888888
arrasate.org,12,13,1.0833333333333333
charlesetta.net,20,21,1.05
casinoroyale.net,12,11,0.9166666666666666
aveyron-sorgues.com,18,17,0.9444444444444444
clcf.info,13,12,0.9230769230769231
bttk.com,13,14,1.0769230769230769
bpfr.com,13,14,1.0769230769230769
amdbuilder.net,19,18,0.9473684210526315
cnsina.com,15,16,1.0666666666666667
60ies.de,12,13,1.0833333333333333
canadmin.ca,29,33,1.1379310344827587
bnlx.net,12,13,1.0833333333333333
bbv-sailing.de,13,14,1.0769230769230769
53.com,139,147,1.0575539568345325
ciudadcaborojo.com,12,11,0.9166666666666666
canalli.com,17,16,0.9411764705882353
albamoda.de,38,38,1.0
calivan.net,14,15,1.0714285714285714
anpicavriago.org,16,15,0.9375
2au.de,12,13,1.0833333333333333
avp3d.de,17,16,0.9411764705882353
apexcollege.org,13,12,0.9230769230769231
a-zwebsites.com,19,18,0.9473684210526315
cdreader.com,14,13,0.9285714285714286
alisil.com,12,13,1.0833333333333333
9959.net,15,14,0.9333333333333333
bmeij.com,5,4,0.8
bksoft.com,11,10,0.9090909090909091
1088.ca,13,12,0.9230769230769231
carrotpatch.com,12,13,1.0833333333333333
bahala.net,12,13,1.0833333333333333
bollardsnsleeves.com,22,26,1.1818181818181819
borinage.net,13,14,1.0769230769230769
029tsd.com,11,10,0.9090909090909091
bient.com,13,14,1.0769230769230769
cinemaspot.de,12,13,1.0833333333333333
4stroke.net,12,13,1.0833333333333333
achievementart.com,11,10,0.9090909090909091
bh2net.com,13,12,0.9230769230769231
chojnice.pl,246,331,1.3455284552845528
carsafetyseats101.info,16,15,0.9375
capside.net,39,46,1.1794871794871795
blamesystem.com,15,16,1.0666666666666667
bingdang.com,15,16,1.0666666666666667
browni.de,13,14,1.0769230769230769
01778.com,11,10,0.9090909090909091
airrock.com,15,17,1.1333333333333333
7elm-el3omr.net,14,15,1.0714285714285714
bijouteriegeschaefte.ch,12,13,1.0833333333333333
abbresciafineart.com,24,29,1.2083333333333333
avanti-avanti.com,18,17,0.9444444444444444
all-computers.com,16,19,1.1875
blkfri.com,12,11,0.9166666666666666
anoda.net,18,17,0.9444444444444444
123games.fr,12,13,1.0833333333333333
arrowbikes.ch,12,13,1.0833333333333333
bjycdl.com,5,4,0.8
alfdesigns.com,15,14,0.9333333333333333
8282find.com,11,12,1.0909090909090908
a8061.cn,5,4,0.8
34124.com,16,17,1.0625
4latina.com,14,15,1.0714285714285714
7box.jp,21,25,1.1904761904761905
21win.com,18,21,1.1666666666666667
calorieocunt.com,13,14,1.0769230769230769
anybodycandoit.com,17,16,0.9411764705882353
alaskanativetech.com,14,15,1.0714285714285714
atlantasfinest.com,61,63,1.0327868852459017
bfpnh.com,20,23,1.15
anudos.com,18,20,1.1111111111111112
amerigirl.com,12,13,1.0833333333333333
42919.com,11,10,0.9090909090909091
cactusfile.com,11,10,0.9090909090909091
chi-townbulldogs.com,15,16,1.0666666666666667
arctis.ch,24,26,1.0833333333333333
aionblah.com,18,17,0.9444444444444444
casinon.de,12,13,1.0833333333333333
abnehmen-erfahrungen.info,15,14,0.9333333333333333
catcat.de,12,13,1.0833333333333333
atr-rothfuss.de,16,17,1.0625
b5680.cn,5,4,0.8
centralamerica-photo.com,17,19,1.1176470588235294
blogideas.com,12,13,1.0833333333333333
collabrating.com,14,14,1.0
brickbuilding.info,73,86,1.178082191780822
abouttexas.com,12,13,1.0833333333333333
3w3d.net,18,17,0.9444444444444444
aprikosenkerne.net,12,13,1.0833333333333333
cd420.com,12,13,1.0833333333333333
assistedlivingconsult.com,14,13,0.9285714285714286
bestmba.com,12,13,1.0833333333333333
buildlist.net,19,18,0.9473684210526315
50bestgifts.com,14,15,1.0714285714285714
airbrushart.net,18,17,0.9444444444444444
appztr.com,15,16,1.0666666666666667
benjaminleon.com,18,17,0.9444444444444444
5starhotel.com,14,13,0.9285714285714286
anovelweblog.com,21,20,0.9523809523809523
arianne.com,8,7,0.875
cantanyonehereplaythisgame.com,13,14,1.0769230769230769
amilamia.com,9,8,0.8888888888888888
alandalus.net,12,13,1.0833333333333333
auabid.com,13,14,1.0769230769230769
3288w.com,5,4,0.8
c3573.cn,5,4,0.8
al-uzaizat.com,22,21,0.9545454545454546
advancedcolonmax.com,10,9,0.9
cacities.com,18,19,1.0555555555555556
ceteam.com,25,27,1.08
arquivohistorico.org,13,12,0.9230769230769231
5f9.net,19,18,0.9473684210526315
c5343.cn,5,4,0.8
23cb.com,9,9,1.0
cinziapirozzi.com,21,20,0.9523809523809523
adgizmo.com,12,11,0.9166666666666666
bigphreaknastybutklassy.com,15,14,0.9333333333333333
assasinos.com,12,13,1.0833333333333333
attakapas.com,13,14,1.0769230769230769
88a.us,14,14,1.0
carbonsequestration.ca,14,16,1.1428571428571428
canada-stockwatch.com,16,16,1.0
angioedema.com,15,16,1.0666666666666667
16my.com,18,17,0.9444444444444444
boomy.it,17,16,0.9411764705882353
chakus.de,14,13,0.9285714285714286
caboo.com,12,13,1.0833333333333333
buybooks.eu,13,14,1.0769230769230769
artbcn.eu,13,14,1.0769230769230769
chroniccaresolutions.com,13,14,1.0769230769230769
almizan.org,12,11,0.9166666666666666
cancergenomics.com,11,10,0.9090909090909091
chandlerwheels.com,17,16,0.9411764705882353
a2608.cn,5,4,0.8
afoolandaknave.com,15,16,1.0666666666666667
bijouxluna.com,17,16,0.9411764705882353
bartelsen24.de,18,18,1.0
1sizedoesntfitall.com,17,16,0.9411764705882353
ashendael.com,16,17,1.0625
catoctinkennelclub.org,18,20,1.1111111111111112
biopi.com,12,13,1.0833333333333333
addyourpoint.com,14,13,0.9285714285714286
century21dfw.com,13,14,1.0769230769230769
carolpotterpoetry.com,12,11,0.9166666666666666
blogtopics.net,14,15,1.0714285714285714
casket.eu,12,13,1.0833333333333333
citywork.de,12,13,1.0833333333333333
bullified.com,21,22,1.0476190476190477
811it.com,15,16,1.0666666666666667
budon.com,15,16,1.0666666666666667
cheeranddance.com,14,14,1.0
carapp.de,12,13,1.0833333333333333
antiguabarbuda.com,12,13,1.0833333333333333
amundsen.eu,12,13,1.0833333333333333
achse.at,12,13,1.0833333333333333
aristeg.com,18,17,0.9444444444444444
charlesnullens.com,11,10,0.9090909090909091
bdtoys.com,12,13,1.0833333333333333
boombastick.net,9,8,0.8888888888888888
chopsticklarceny.com,14,15,1.0714285714285714
career1.net,14,13,0.9285714285714286
amivil.com,14,13,0.9285714285714286
bretagne20.fr,12,13,1.0833333333333333
aljesr.com,11,10,0.9090909090909091
315weixiu.com,10,9,0.9
9vk.net,19,20,1.0526315789473684
clintrial.com,15,16,1.0666666666666667
aimut.com,15,16,1.0666666666666667
10tacle.com,22,23,1.0454545454545454
baumaschine-verkauf.de,12,13,1.0833333333333333
7designs.co,18,20,1.1111111111111112
celtic-music.com,13,12,0.9230769230769231
36ucc.com,14,13,0.9285714285714286
careme350.com,18,17,0.9444444444444444
brandhorn.com,14,15,1.0714285714285714
bokeplucah.com,13,12,0.9230769230769231
antitoxic.com,12,13,1.0833333333333333
bigbayhost.com,22,27,1.2272727272727273
bagse.com,20,19,0.95
axiomat.com,16,15,0.9375
amigasvip.net,11,10,0.9090909090909091
bvor.com,13,14,1.0769230769230769
asdev.net,13,12,0.9230769230769231
ceti.eu,12,13,1.0833333333333333
cashocash.de,13,14,1.0769230769230769
atascosacountytexas.us,14,13,0.9285714285714286
b8909.cn,5,4,0.8
cloues.com,10,9,0.9
changeu.com,15,16,1.0666666666666667
adrianarchitecture.com,15,16,1.0666666666666667
besparenoptelecom.nl,17,16,0.9411764705882353
bahio.com,12,11,0.9166666666666666
avshd.com,3,2,0.6666666666666666
cascades.net,12,13,1.0833333333333333
aaahosting95.de,22,27,1.2272727272727273
3790.de,12,13,1.0833333333333333
burnsvilleblaze.com,13,12,0.9230769230769231
blastalliance.com,16,15,0.9375
caycoreps.com,22,27,1.2272727272727273
babees.com,12,13,1.0833333333333333
cebu.cn,12,13,1.0833333333333333
carpathianforest.com,12,11,0.9166666666666666
aigue.de,15,16,1.0666666666666667
at-gc.com,16,16,1.0
coffeerepublicans.net,13,12,0.9230769230769231
barrelracingsaddles.biz,13,14,1.0769230769230769
bywild.com,25,25,1.0
caughtandloose.com,12,13,1.0833333333333333
b6482.cn,5,4,0.8
abcinvestigations.net,19,19,1.0
auditionsshoes.com,46,50,1.0869565217391304
0419w.com,9,9,1.0
06g35.com,11,10,0.9090909090909091
3-well.net,12,11,0.9166666666666666
amateurbangers.com,17,18,1.0588235294117647
5ysj.com,14,13,0.9285714285714286
adwebmark.com,14,14,1.0
chapelcreek.net,15,16,1.0666666666666667
beobachter.ch,23,26,1.1304347826086956
bvna.com,12,13,1.0833333333333333
amc20-dunkerque.com,21,20,0.9523809523809523
chewingnews.com,15,16,1.0666666666666667
atdhw.com,12,13,1.0833333333333333
1download.com,17,16,0.9411764705882353
cartwheelers.com,12,13,1.0833333333333333
10-cash.com,12,11,0.9166666666666666
blackberryprogramupdate.com,22,21,0.9545454545454546
academiadepoker.com,18,19,1.0555555555555556
bmg-online.com,14,15,1.0714285714285714
5724.de,13,14,1.0769230769230769
armsongs.com,14,15,1.0714285714285714
artinjan.com,12,13,1.0833333333333333
americancomposers.com,20,21,1.05
chuk.org,12,13,1.0833333333333333
ac2i-cotefleurie.com,14,13,0.9285714285714286
brumm.org,12,13,1.0833333333333333
besitztitel.de,12,13,1.0833333333333333
0mbt.com,10,9,0.9
churlishly.com,13,14,1.0769230769230769
0va.net,12,13,1.0833333333333333
34mpg.com,13,14,1.0769230769230769
bryansk.ru,327,442,1.3516819571865444
bthi.cn,14,14,1.0
bargainpoint.com,11,10,0.9090909090909091
cevapcici.com,15,16,1.0666666666666667
business-leserservice.de,18,20,1.1111111111111112
aocmovies.com,11,10,0.9090909090909091
bigvoice.nl,13,14,1.0769230769230769
bizula.com,17,17,1.0
08774.de,12,13,1.0833333333333333
bridgeways.com,18,17,0.9444444444444444
clambaked.com,12,13,1.0833333333333333
atefm.com,13,15,1.1538461538461537
bnlmerch.com,17,16,0.9411764705882353
bananagang.com,13,14,1.0769230769230769
atxoffice.be,21,20,0.9523809523809523
allcanadianmeds.net,18,17,0.9444444444444444
c83.com,12,13,1.0833333333333333
blogulucostel.com,15,16,1.0666666666666667
appletvsource.com,13,14,1.0769230769230769
banff2004.com,16,15,0.9375
biddestone.org,15,14,0.9333333333333333
cancerwatch.info,14,13,0.9285714285714286
50centpimp.com,15,14,0.9333333333333333
10x10-tur.info,14,15,1.0714285714285714
antispayware.com,17,16,0.9411764705882353
allaccessmusicmagazine.com,15,16,1.0666666666666667
bearingbeads.com,15,14,0.9333333333333333
animef.com,22,25,1.1363636363636365
annetts-tortenshop.de,14,15,1.0714285714285714
92026.com,12,13,1.0833333333333333
christcrusher.com,12,12,1.0
centralcityseoul.com,12,13,1.0833333333333333
bingandbong.net,12,13,1.0833333333333333
archibial.pl,36,47,1.3055555555555556
allnavysurplus.info,13,14,1.0769230769230769
a350.ca,12,13,1.0833333333333333
61md10.org,13,14,1.0769230769230769
bigskyinternational.com,10,9,0.9
cockshut.com,12,13,1.0833333333333333
christophermordetzky.com,12,13,1.0833333333333333
a1chat.com,14,13,0.9285714285714286
agilbis.de,15,16,1.0666666666666667
bojori.com,15,15,1.0
60frames.com,19,18,0.9473684210526315
360qs.com,15,14,0.9333333333333333
badisco.it,12,13,1.0833333333333333
abracadabrasolutions.com,18,17,0.9444444444444444
accesscomms.com,25,24,0.96
allanhecox.com,16,15,0.9375
aptyp.net,11,10,0.9090909090909091
b-rfence.com,16,15,0.9375
cnjlcom.com,24,26,1.0833333333333333
bratzcom.com,13,14,1.0769230769230769
byfz.com,13,14,1.0769230769230769
brandhof.eu,12,13,1.0833333333333333
alleswatjewetenwilt.nl,18,17,0.9444444444444444
abbaziafiastramonaci.it,13,14,1.0769230769230769
cfltap.com,13,14,1.0769230769230769
101ramadan.com,11,10,0.9090909090909091
cliccalo.net,12,13,1.0833333333333333
apprehensive.com,12,13,1.0833333333333333
cienciapolitica.com,13,14,1.0769230769230769
bivinc.com,14,15,1.0714285714285714
coloradocaves.com,20,21,1.05
bamcomp.com,25,25,1.0
benesse-artsite.jp,15,16,1.0666666666666667
bleider.com,16,17,1.0625
adanigas.com,16,15,0.9375
1m9.de,12,13,1.0833333333333333
anythingyoucandoicandovegan.com,11,10,0.9090909090909091
anglefoodministries.com,13,12,0.9230769230769231
campuslie.org,15,14,0.9333333333333333
abc-hp.com,16,19,1.1875
asunalhall.com,12,13,1.0833333333333333
americomp.com,17,16,0.9411764705882353
africanwomen.com,15,16,1.0666666666666667
angguntraders.com,15,16,1.0666666666666667
c6497.cn,5,4,0.8
bobbyhenry.com,16,17,1.0625
athletics.ca,47,57,1.2127659574468086
71587.com,12,13,1.0833333333333333
balkarsingh.com,15,16,1.0666666666666667
chiffon.org,10,9,0.9
bootworld.de,12,13,1.0833333333333333
billbryson.com,15,14,0.9333333333333333
bjlfty.com,3,2,0.6666666666666666
49596.de,12,13,1.0833333333333333
acig.ru,32,33,1.03125
alaskamobility.org,11,10,0.9090909090909091
affactive.com,14,13,0.9285714285714286
adateforsex.com,12,13,1.0833333333333333
2kcut.com,13,14,1.0769230769230769
airodump.com,15,14,0.9333333333333333
articlesyoucantmiss.com,17,16,0.9411764705882353
amphilophus.com,14,15,1.0714285714285714
7i.ca,15,16,1.0666666666666667
bomox.de,12,13,1.0833333333333333
alliancebikeco.com,14,15,1.0714285714285714
adult-toys.com,16,15,0.9375
autoranchtx.com,15,17,1.1333333333333333
bhel.org,9,8,0.8888888888888888
blacklilac.com,14,15,1.0714285714285714
79ch.net,14,14,1.0
06735.de,12,13,1.0833333333333333
casus-belli.net,17,18,1.0588235294117647
bodydancer.com,15,16,1.0666666666666667
archdiosa.org,22,26,1.1818181818181819
airenti.com,18,17,0.9444444444444444
chefinprogress.com,18,17,0.9444444444444444
adose.com,12,13,1.0833333333333333
2comtech.com,17,20,1.1764705882352942
circuitodejerez.com,14,13,0.9285714285714286
abihayat.com,12,13,1.0833333333333333
bombmason.mp,14,15,1.0714285714285714
b2278.cn,5,4,0.8
adet.it,15,16,1.0666666666666667
clearwaterbeach.de,12,13,1.0833333333333333
colfe.com,14,15,1.0714285714285714
ahr1.com,13,12,0.9230769230769231
basilisco.com,12,13,1.0833333333333333
adrenalinerushfitness.com,14,15,1.0714285714285714
51jwz.net,7,6,0.8571428571428571
annmariestyle.com,16,15,0.9375
biblebuddiesshow.org,18,17,0.9444444444444444
chateaudestuileries.org,18,19,1.0555555555555556
b2bmic.com,5,4,0.8
btwlol.com,12,13,1.0833333333333333
35584.de,12,13,1.0833333333333333
cfgzt.com,10,9,0.9
abc-networks.de,14,15,1.0714285714285714
bs4host.com,17,16,0.9411764705882353
buvin.com,13,15,1.1538461538461537
coldfree.com,12,11,0.9166666666666666
alinm.com,12,13,1.0833333333333333
alfrankenshow.com,13,14,1.0769230769230769
breakfreebooks.com,22,22,1.0
chnlove.com,26,25,0.9615384615384616
acornvideos.com,15,16,1.0666666666666667
blogdeq.com,17,18,1.0588235294117647
ccsap.com,16,17,1.0625
chopstickz.com,15,16,1.0666666666666667
amonos.com,12,13,1.0833333333333333
afwr.com,13,14,1.0769230769230769
bulletsnbabesdvds.com,16,15,0.9375
cmdays.com,5,4,0.8
51jbp.com,12,13,1.0833333333333333
bittenbyparanormalromance.com,21,20,0.9523809523809523
celestium.com,15,16,1.0666666666666667
chuzao.com,12,13,1.0833333333333333
bujx.com,12,13,1.0833333333333333
bigbangblog.org,16,15,0.9375
angelrecordscanada.com,13,12,0.9230769230769231
bloggingtofame.com,14,15,1.0714285714285714
borarir.com,25,24,0.96
2008sky.net,13,14,1.0769230769230769
arenza.com,12,13,1.0833333333333333
arteven.org,11,10,0.9090909090909091
casonbuildersupply.com,18,17,0.9444444444444444
animation.pro,12,13,1.0833333333333333
3gops.com,16,17,1.0625
ameliaweb.com,17,16,0.9411764705882353
baanpa.com,12,13,1.0833333333333333
bau-haus-grund.de,14,15,1.0714285714285714
04527.de,12,13,1.0833333333333333
appint.com,12,13,1.0833333333333333
atibloggo.com,15,16,1.0666666666666667
androidomnia.com,14,13,0.9285714285714286
calixnetworks.com,17,16,0.9411764705882353
bunnys-s.net,12,11,0.9166666666666666
boldbusinesstalk.com,17,16,0.9411764705882353
benic.us,12,13,1.0833333333333333
aluminiumrohr.net,12,13,1.0833333333333333
258xt.com,13,12,0.9230769230769231
belestrane.org,13,12,0.9230769230769231
abusers.de,13,14,1.0769230769230769
ballsports.de,14,15,1.0714285714285714
asbest.com,12,13,1.0833333333333333
camelfart.com,12,11,0.9166666666666666
brasserie-madeira.com,17,16,0.9411764705882353
a7640.cn,5,4,0.8
bemaps.com,15,16,1.0666666666666667
animetengoku.com,30,29,0.9666666666666667
candidatepro.com,12,13,1.0833333333333333
breimeier.de,12,13,1.0833333333333333
brandtjes.nl,21,25,1.1904761904761905
c2meworld.com,11,10,0.9090909090909091
0and6.com,12,13,1.0833333333333333
ayefir.com,15,16,1.0666666666666667
a992.cn,5,4,0.8
aggravatedmusic.com,17,16,0.9411764705882353
2009lincoln.net,11,10,0.9090909090909091
billones.org,12,13,1.0833333333333333
6680x.net,1,0,0.0
atollmusic.com,17,16,0.9411764705882353
ciegos.org,13,14,1.0769230769230769
ahmetusal.com,18,19,1.0555555555555556
beitler.net,14,15,1.0714285714285714
cdreleases.net,12,13,1.0833333333333333
candidatestats.com,21,20,0.9523809523809523
bikebali.com,24,24,1.0
7n.org,13,14,1.0769230769230769
78983.com,13,12,0.9230769230769231
1080t.com,8,7,0.875
blacknight-mt2.de,19,18,0.9473684210526315
aahoroscopes.com,10,9,0.9
ant1fm.net,15,14,0.9333333333333333
aquabib.com,15,16,1.0666666666666667
browse007.com,18,17,0.9444444444444444
abortionrights.net,15,14,0.9333333333333333
aspservice.ch,23,24,1.0434782608695652
bcbsv.com,12,13,1.0833333333333333
besiri.net,12,13,1.0833333333333333
bossbuildhost.com,25,28,1.12
chczy.com,17,16,0.9411764705882353
billigsten.de,13,14,1.0769230769230769
75883.com,12,13,1.0833333333333333
17silver.com,13,12,0.9230769230769231
apocc.org,15,16,1.0666666666666667
ameritar.com,11,10,0.9090909090909091
clabberhead.com,13,14,1.0769230769230769
8jdh.com,10,9,0.9
atouchofclassautobody.com,11,10,0.9090909090909091
beug.com,20,24,1.2
arisaithendral.com,11,10,0.9090909090909091
235c.com,17,16,0.9411764705882353
claudiablacknews.com,13,14,1.0769230769230769
astroberater24.de,14,15,1.0714285714285714
bedwab.com,16,17,1.0625
clubbingspain.net,12,13,1.0833333333333333
cfakes.net,13,14,1.0769230769230769
1moment.net,12,13,1.0833333333333333
1clicktofreecash.com,16,15,0.9375
bpmjapan.com,17,16,0.9411764705882353
bridgitmendlerfan.net,18,17,0.9444444444444444
adho.net,10,9,0.9
738yc.com,17,20,1.1764705882352942
annetsofa.com,15,16,1.0666666666666667
authenticsportsinc.com,20,24,1.2
6868gs.com,5,5,1.0
cbda.org,29,32,1.103448275862069
carolcity.net,20,21,1.05
brexio.com,12,13,1.0833333333333333
6load.com,25,25,1.0
a4e.org,12,13,1.0833333333333333
artesian.ca,13,14,1.0769230769230769
artsa7.com,17,18,1.0588235294117647
4uk4e.com,14,15,1.0714285714285714
cesvasf.com,13,14,1.0769230769230769
13ns.com,13,12,0.9230769230769231
abioc.com,19,18,0.9473684210526315
7stv.com,18,17,0.9444444444444444
cerg.net,10,9,0.9
blindsquirrelseeds.com,14,15,1.0714285714285714
cabinetofdrcaligari.com,16,15,0.9375
afro-masks.com,22,21,0.9545454545454546
applyhotjobs.com,15,14,0.9333333333333333
brandonchurch.org,14,15,1.0714285714285714
71694.com,12,13,1.0833333333333333
belsoft.ch,28,28,1.0
alnashmi.com,15,14,0.9333333333333333
cfmgy.com,13,12,0.9230769230769231
37192.com,12,13,1.0833333333333333
anassin.com,39,44,1.1282051282051282
afre.org,12,13,1.0833333333333333
a6364.cn,5,4,0.8
7ssw.com,12,11,0.9166666666666666
bleiksdagan.com,16,15,0.9375
101team.com,17,16,0.9411764705882353
clubpenguincommunity.com,21,22,1.0476190476190477
bjltld.com,3,2,0.6666666666666666
83257.de,12,13,1.0833333333333333
bisdu.com,12,13,1.0833333333333333
bizunit.com,12,13,1.0833333333333333
9mhw.com,15,14,0.9333333333333333
assietteaubeurre.com,15,16,1.0666666666666667
bridejunk.com,12,13,1.0833333333333333
burettes.fr,15,16,1.0666666666666667
bestaffiliateprograms2010.info,15,16,1.0666666666666667
61cf.com,11,10,0.9090909090909091
abonnieren.de,12,13,1.0833333333333333
azasta.com,13,14,1.0769230769230769
caswellcounty.com,13,14,1.0769230769230769
champions-league.eu,12,13,1.0833333333333333
bendhosting.net,27,29,1.0740740740740742
brevardrealestateonline.com,22,21,0.9545454545454546
ashelleydesign.com,26,29,1.1153846153846154
co.cu,419,518,1.2362768496420047
amelian.com,15,16,1.0666666666666667
almunaband.com,14,13,0.9285714285714286
92109.net,12,13,1.0833333333333333
bluewonders.com,11,10,0.9090909090909091
cmg-ag.ch,14,16,1.1428571428571428
adagrin.com,17,16,0.9411764705882353
4dipad.com,12,13,1.0833333333333333
blueblog.com,12,13,1.0833333333333333
batagem.com,15,16,1.0666666666666667
2biz.com,15,16,1.0666666666666667
blogshot.de,13,14,1.0769230769230769
41by.com,8,7,0.875
88pk.net,5,4,0.8
4dbe.com,11,10,0.9090909090909091
alifeussale.com,17,16,0.9411764705882353
belez.com,13,14,1.0769230769230769
bulkreo.org,13,14,1.0769230769230769
azharacademy.org,18,20,1.1111111111111112
censorshipsucksballs.com,14,15,1.0714285714285714
awyx.com,32,41,1.28125
animatorhost.com,16,15,0.9375
adamcain.com,17,16,0.9411764705882353
billboardcharts.net,12,13,1.0833333333333333
bellys-circus-tokyo.com,11,10,0.9090909090909091
cafy.org,32,42,1.3125
ccorv.com,14,15,1.0714285714285714
autowonder.com,12,13,1.0833333333333333
aaau.de,16,17,1.0625
amerikando.com,21,20,0.9523809523809523
aj1.net,12,13,1.0833333333333333
chinasteam.com,21,20,0.9523809523809523
50354.de,12,13,1.0833333333333333
bernhardguenter.com,16,17,1.0625
bebes.es,12,13,1.0833333333333333
buoyancy.com,17,16,0.9411764705882353
16pm.com,10,9,0.9
askbabynames.com,25,28,1.12
chicklit.eu,12,13,1.0833333333333333
05228.de,12,13,1.0833333333333333
cliniccs.com,12,13,1.0833333333333333
22xa.com,14,15,1.0714285714285714
aufdermauer.com,15,16,1.0666666666666667
blogjulianatoledo.com,15,16,1.0666666666666667
bronchiolar.com,17,16,0.9411764705882353
48193.net,12,13,1.0833333333333333
adrianhervella.es,15,16,1.0666666666666667
bed4u.com,15,16,1.0666666666666667
arbeitszeitermittlung.de,12,13,1.0833333333333333
c9860.cn,5,4,0.8
cnwywl.com,10,9,0.9
2wc3.com,14,13,0.9285714285714286
accessfromeverywhere.com,16,15,0.9375
androxan.us,23,26,1.1304347826086956
bevera.com,15,15,1.0
123-ptp.com,15,16,1.0666666666666667
b4935.cn,5,4,0.8
capisci.com,12,13,1.0833333333333333
allago.com,13,14,1.0769230769230769
bluzzaworld.com,47,78,1.6595744680851063
areusa.com,11,10,0.9090909090909091
albarod.com,16,17,1.0625
alabama13.com,13,14,1.0769230769230769
clex.com,14,14,1.0
bonvivantvancouverisland.com,21,20,0.9523809523809523
avrelian.com,12,13,1.0833333333333333
5cfj.com,14,13,0.9285714285714286
adabstu.com,14,13,0.9285714285714286
artofdesigns.com,14,15,1.0714285714285714
bmfla.com,14,13,0.9285714285714286
bambyk.com,15,16,1.0666666666666667
51ns.com,18,21,1.1666666666666667
calvas.org,13,14,1.0769230769230769
collectionconnection.nl,63,74,1.1746031746031746
amvila-real.com,18,17,0.9444444444444444
cheapelectricguitars.biz,12,11,0.9166666666666666
butxaca.com,15,14,0.9333333333333333
blogadictos.com,15,16,1.0666666666666667
alatrionline.net,13,14,1.0769230769230769
battlegroundrestaurant.com,12,13,1.0833333333333333
civita.info,12,11,0.9166666666666666
cdfux.de,12,13,1.0833333333333333
ajanslar.com,12,13,1.0833333333333333
accessthefuture.net,19,19,1.0
25.org,15,16,1.0666666666666667
apgs.de,12,13,1.0833333333333333
bellvillesassoon.com,15,16,1.0666666666666667
007pr.com,13,14,1.0769230769230769
boronchamber.org,13,14,1.0769230769230769
ccccam.de,13,14,1.0769230769230769
b92.net,87,96,1.103448275862069
autolounge.net,13,14,1.0769230769230769
boapp.com,13,15,1.1538461538461537
bandar-music.com,18,22,1.2222222222222223
a8086.cn,5,4,0.8
506.de,12,13,1.0833333333333333
bananaloca.com,13,12,0.9230769230769231
avonmass.net,12,13,1.0833333333333333
blogget.biz,10,10,1.0
aesthetica.de,13,14,1.0769230769230769
bluetoquemarketing.com,10,9,0.9
akxlyb.com,5,4,0.8
3pintracking.com,15,16,1.0666666666666667
buylegalincense.com,16,17,1.0625
ami1980.com,16,19,1.1875
buildyourowntoolbar.com,14,13,0.9285714285714286
3drives.com,14,15,1.0714285714285714
cnusa.org,10,9,0.9
chiangmai-chiangrai.com,23,27,1.173913043478261
begreifen.de,12,13,1.0833333333333333
bkdbet.com,14,13,0.9285714285714286
balilure.com,11,10,0.9090909090909091
ahmetaslan.org,14,15,1.0714285714285714
birdwoman.com,13,14,1.0769230769230769
chansiuki.com,17,16,0.9411764705882353
buaso.com,13,12,0.9230769230769231
casinoplatz.de,12,13,1.0833333333333333
bridgeview-il.gov,13,12,0.9230769230769231
bananasurprise.com,10,9,0.9
5887.de,13,14,1.0769230769230769
11xsk.com,14,14,1.0
almaguinnews.ca,13,14,1.0769230769230769
a1452.cn,5,4,0.8
charbel.org,14,13,0.9285714285714286
bestpocketknifereviews.com,12,13,1.0833333333333333
baroncohen.com,20,21,1.05
aria-nightclub.com,19,19,1.0
anhsau.info,18,17,0.9444444444444444
cityabode.net,13,14,1.0769230769230769
cnedra.org,14,15,1.0714285714285714
1oy.de,12,13,1.0833333333333333
businessad.biz,29,36,1.2413793103448276
aldeas.com,17,16,0.9411764705882353
baantalaydao.com,13,12,0.9230769230769231
1064.net,14,13,0.9285714285714286
bodenweb.de,12,13,1.0833333333333333
arrolite.com,18,18,1.0
aieip.com,13,12,0.9230769230769231
amigoslapelicula.com,15,16,1.0666666666666667
addmotion.net,14,15,1.0714285714285714
34017.com,14,15,1.0714285714285714
benift.com,19,18,0.9473684210526315
collegiate.com,27,28,1.037037037037037
369z.net,15,14,0.9333333333333333
boror.com,15,15,1.0
chinesewall.org,12,13,1.0833333333333333
adventistickiwebcentar.com,15,16,1.0666666666666667
brokencapillariesnyc.org,21,20,0.9523809523809523
c5495.cn,5,4,0.8
51mdt.com,12,12,1.0
chicmagnet.com,12,13,1.0833333333333333
cinderellaonstage.com,14,15,1.0714285714285714
c8707.cn,5,4,0.8
bigcityvideo.net,20,23,1.15
biopla.org,14,15,1.0714285714285714
alheavyrescue.com,16,15,0.9375
baileju.cc,5,4,0.8
artcarrier.com,12,13,1.0833333333333333
acrobate.de,12,13,1.0833333333333333
aintab.com,15,16,1.0666666666666667
aajnews.tv,14,16,1.1428571428571428
adam-italia.it,29,36,1.2413793103448276
bstv.com,12,13,1.0833333333333333
battlecenter.net,25,29,1.16
bomhus.com,12,13,1.0833333333333333
acquisitionx.org,13,14,1.0769230769230769
btjnh.com,7,7,1.0
candialomellina.com,12,13,1.0833333333333333
banjamin.com,12,13,1.0833333333333333
00130gallery.net,12,11,0.9166666666666666
buyprinter.net,14,13,0.9285714285714286
chilax.de,12,13,1.0833333333333333
anicma.de,14,15,1.0714285714285714
cintapuccino.com,14,15,1.0714285714285714
activador.net,12,13,1.0833333333333333
ads-4-free.net,13,12,0.9230769230769231
9wd.com,12,13,1.0833333333333333
118artist.com,24,27,1.125
brozolo.com,14,13,0.9285714285714286
c6402.cn,5,4,0.8
ceoof.com,20,21,1.05
4bmalaysia.com,19,18,0.9473684210526315
closurei.com,16,15,0.9375
a9853.cn,5,4,0.8
cdtin.com,12,13,1.0833333333333333
011.cn,14,15,1.0714285714285714
ckooora.com,13,14,1.0769230769230769
baths.pro,37,52,1.4054054054054055
codecollege.net,15,16,1.0666666666666667
6up23.com,12,11,0.9166666666666666
angelaberry.com,15,16,1.0666666666666667
78mov.com,14,13,0.9285714285714286
biznesiuspeh.ru,18,18,1.0
baou.com,73,92,1.2602739726027397
araon.com,13,14,1.0769230769230769
029paoku.com,13,12,0.9230769230769231
cobraball.org,18,17,0.9444444444444444
building7.org,13,14,1.0769230769230769
atime.de,12,13,1.0833333333333333
21279.de,12,13,1.0833333333333333
addbusinesslink.com,16,16,1.0
candyshandjobs.com,14,15,1.0714285714285714
adroitwebservices.net,16,19,1.1875
chrisrobinson.ca,12,11,0.9166666666666666
cloaktool.com,13,12,0.9230769230769231
07992.com,15,14,0.9333333333333333
balatartin.com,13,14,1.0769230769230769
browncatastrophe.com,13,12,0.9230769230769231
buchhelfer.de,17,16,0.9411764705882353
cannonsex.com,25,30,1.2
bluejeans.eu,12,13,1.0833333333333333
callasia.net,17,16,0.9411764705882353
cmxcon.com,35,44,1.2571428571428571
bahama.org,12,13,1.0833333333333333
bibirussell.com,17,16,0.9411764705882353
anxiety.pro,12,13,1.0833333333333333
beautysupercity.com,13,12,0.9230769230769231
c1063.cn,5,4,0.8
betag.de,13,15,1.1538461538461537
7ashion.com,12,13,1.0833333333333333
ac104.com,24,24,1.0
casaasia.org,22,26,1.1818181818181819
5ys.net,11,10,0.9090909090909091
braceletts.com,12,13,1.0833333333333333
aucobuy.com,11,10,0.9090909090909091
backbuch.net,15,14,0.9333333333333333
1strr.com,35,34,0.9714285714285714
b1950.cn,5,4,0.8
chicksdigit.com,12,13,1.0833333333333333
6-f.net,14,15,1.0714285714285714
91tv.org,12,13,1.0833333333333333
asstulip.net,11,10,0.9090909090909091
climateresource.com,9,8,0.8888888888888888
buggybathe.com,13,12,0.9230769230769231
ad-aminoflight.net,16,18,1.125
chalks.net,20,21,1.05
cakewalk-ramin.de,17,18,1.0588235294117647
cashswing.com,15,14,0.9333333333333333
anyjaumeprimer.com,20,24,1.2
bar95.com,12,12,1.0
aprendendocoreano.com,22,21,0.9545454545454546
authoritarian.com,15,16,1.0666666666666667
36939.com,10,9,0.9
afdie.org,13,14,1.0769230769230769
carwashery.com,14,15,1.0714285714285714
alexim.com,15,15,1.0
chekist.com,13,14,1.0769230769230769
boonshouse.com,16,15,0.9375
autothemes.com,17,16,0.9411764705882353
aope.com,53,62,1.169811320754717
biochemikerin.com,12,13,1.0833333333333333
chronobiologie.org,14,15,1.0714285714285714
animesdublados.com,16,15,0.9375
coacalcoautomotriz.com,11,10,0.9090909090909091
21stcenturyidealism.info,17,17,1.0
azerin.com,30,33,1.1
37gb.com,12,11,0.9166666666666666
cipac.it,16,17,1.0625
bucknerbrewing.com,13,12,0.9230769230769231
alexismarrero.com,15,14,0.9333333333333333
bizpropose.com,15,16,1.0666666666666667
best-of-pfalz.de,12,13,1.0833333333333333
cb62.cn,5,4,0.8
binary-evolution-studios.com,18,17,0.9444444444444444
21869.com,12,13,1.0833333333333333
bigscreen.org,15,16,1.0666666666666667
brijean.com,19,18,0.9473684210526315
christianitas.de,16,17,1.0625
carobo.com,12,13,1.0833333333333333
collectionfromthemiddle.com,21,20,0.9523809523809523
2cha.net,12,13,1.0833333333333333
carbon0.com,17,16,0.9411764705882353
87480.com,4,4,1.0
bbk-mittelhessen.de,15,14,0.9333333333333333
bigtitsandguns.com,18,21,1.1666666666666667
accak.com,17,16,0.9411764705882353
andrewalderete.com,12,11,0.9166666666666666
5-k.org,14,13,0.9285714285714286
aambc.org,15,15,1.0
astrocollection.com,12,11,0.9166666666666666
443sf.com,10,9,0.9
avmmm.net,12,13,1.0833333333333333
cmadp.com,16,18,1.125
cardiographer.com,20,21,1.05
aktmalen.de,13,14,1.0769230769230769
4827.de,12,13,1.0833333333333333
atheism.ru,28,29,1.0357142857142858
4ped.com,28,29,1.0357142857142858
akrep-burcu.info,15,14,0.9333333333333333
chicagowatertower.com,20,21,1.05
atacg.com,12,12,1.0
campanella.net,40,45,1.125
98729.com,12,13,1.0833333333333333
biscoito.com,12,13,1.0833333333333333
allfurfun.com,40,50,1.25
ariarman.org,22,25,1.1363636363636365
chinaten.net,12,13,1.0833333333333333
aclickthru11110.info,31,38,1.2258064516129032
akamaiedge.net,11715,12150,1.0371318822023048
boundforever.com,15,16,1.0666666666666667
573g.com,14,13,0.9285714285714286
b2684.cn,5,4,0.8
asianprincess.com,16,15,0.9375
68p8.com,7,6,0.8571428571428571
bostonez.org,18,17,0.9444444444444444
bottles-n-jars.com,15,16,1.0666666666666667
bnose.net,4,4,1.0
beatha.com,13,14,1.0769230769230769
cnanow.com,20,19,0.95
33479.com,14,13,0.9285714285714286
beachromana.com,17,19,1.1176470588235294
ch588.com,12,13,1.0833333333333333
brha.org,12,13,1.0833333333333333
aequi.com,13,14,1.0769230769230769
29n5.com,13,12,0.9230769230769231
biohaus.ch,13,15,1.1538461538461537
anz24.de,13,15,1.1538461538461537
b4416.cn,5,4,0.8
7p51.com,14,13,0.9285714285714286
03576.de,12,13,1.0833333333333333
airtickets.vg,12,13,1.0833333333333333
bacsi.org,13,12,0.9230769230769231
arlingtoncourt.com,20,21,1.05
avporn.info,15,14,0.9333333333333333
bixic.com,15,15,1.0
a8361.cn,5,4,0.8
balancedgrowthgame.org,15,15,1.0
cheez.net,12,13,1.0833333333333333
booksp.com,17,16,0.9411764705882353
beachgrillpadaro.com,16,15,0.9375
cctvspecialty.com,10,9,0.9
alterp.org,23,24,1.0434782608695652
bobmaley.com,15,14,0.9333333333333333
ameriquecentrale.fr,12,13,1.0833333333333333
bakhmach.com,17,16,0.9411764705882353
4-m.de,33,35,1.0606060606060606
autaa.com,18,17,0.9444444444444444
cccd.edu,146,177,1.2123287671232876
1djp.com,12,11,0.9166666666666666
bareiss.com,20,23,1.15
cndb.de,16,17,1.0625
askteren.com,15,16,1.0666666666666667
collegefb.com,17,16,0.9411764705882353
bhangra.biz,13,12,0.9230769230769231
beer4all.com,14,15,1.0714285714285714
4pillars.ca,32,37,1.15625
3838388.com,11,10,0.9090909090909091
caeap.org,18,17,0.9444444444444444
chiharin.net,13,13,1.0
4587.de,15,14,0.9333333333333333
casamega.com,15,16,1.0666666666666667
chinachunjing.com,10,9,0.9
angestellter.com,13,14,1.0769230769230769
cnow.eu,12,13,1.0833333333333333
233h.com,14,13,0.9285714285714286
armadaargentina.com,8,7,0.875
51baidudu.com,14,13,0.9285714285714286
campinagrande.com,14,13,0.9285714285714286
cb-secrets.com,13,12,0.9230769230769231
cis.by,35,43,1.2285714285714286
bestsavingsinterest.info,14,13,0.9285714285714286
12-01.com,10,9,0.9
bumphiphop.com,13,14,1.0769230769230769
8000go.com,15,16,1.0666666666666667
buenamuela.com,13,12,0.9230769230769231
bean1.com,12,13,1.0833333333333333
businesssolutionsmadeeasy.com,21,26,1.2380952380952381
cannapower.to,9,8,0.8888888888888888
82576.com,20,19,0.95
asnany.com,12,13,1.0833333333333333
aprendecorretaje.com,17,16,0.9411764705882353
articleextent.com,15,16,1.0666666666666667
ajaccio.org,12,13,1.0833333333333333
ceratophrys.com,16,17,1.0625
cdgbdt.com,12,13,1.0833333333333333
cabasia.net,11,10,0.9090909090909091
boersenprospekt.eu,12,13,1.0833333333333333
cmshx.net,6,5,0.8333333333333334
7fwg.com,9,9,1.0
amateursexcentral.com,24,29,1.2083333333333333
bbkonline.de,13,14,1.0769230769230769
ahf.com,18,18,1.0
bizgres.org,13,13,1.0
atlantisrecords.com,30,33,1.1
claramar.com,17,16,0.9411764705882353
afghanculture.org,12,13,1.0833333333333333
bleistiftzeichnungen.org,12,13,1.0833333333333333
31nb.com,3,2,0.6666666666666666
alnilhosting.com,37,42,1.135135135135135
11-99.de,12,13,1.0833333333333333
army-reserves.info,14,13,0.9285714285714286
bmcpa.org,12,11,0.9166666666666666
asr-tech.com,21,27,1.2857142857142858
citizenguide.com,12,13,1.0833333333333333
alsaifi.com,13,14,1.0769230769230769
cileo.fr,18,17,0.9444444444444444
cfcyouthforchrist.com,17,16,0.9411764705882353
borgosesia.com,17,16,0.9411764705882353
callancity.com,19,19,1.0
citadelchambers.com,19,21,1.105263157894737
bigfatbaby.com,23,22,0.9565217391304348
bekhar.in,17,22,1.2941176470588236
bilderleben.com,14,15,1.0714285714285714
32691.com,17,16,0.9411764705882353
cddhg.com,17,16,0.9411764705882353
arabbusiness.org,12,13,1.0833333333333333
b891.cn,5,4,0.8
caddo911.com,24,27,1.125
buxglobal.com,27,32,1.1851851851851851
bunnycreek.com,12,13,1.0833333333333333
04529.com,14,15,1.0714285714285714
arynews.pk,13,14,1.0769230769230769
athenadental.com,13,12,0.9230769230769231
chipandcookie.com,12,13,1.0833333333333333
carolchesen.com,13,12,0.9230769230769231
astersolutions.com,15,15,1.0
6ftoverhead.com,15,16,1.0666666666666667
bptown.com,12,13,1.0833333333333333
aiith.com,19,18,0.9473684210526315
2xcar.com,12,13,1.0833333333333333
coburnmusic.com,17,18,1.0588235294117647
3d22.com,11,10,0.9090909090909091
citologias.com,12,13,1.0833333333333333
blognews.co,18,17,0.9444444444444444
aantal.com,15,16,1.0666666666666667
05754.com,5,4,0.8
anthropometry.org,12,13,1.0833333333333333
cogenz.com,25,26,1.04
action48.com,21,22,1.0476190476190477
blackmetalradio.de,12,13,1.0833333333333333
canister.net,12,13,1.0833333333333333
codklan.pl,13,14,1.0769230769230769
bkgruppelausitz07.de,14,15,1.0714285714285714
cjmilitaryphotography.com,12,11,0.9166666666666666
a3620.cn,5,4,0.8
citimrtgage.com,15,17,1.1333333333333333
bcbnm.com,16,17,1.0625
aggroup.net,18,18,1.0
bike-satei.info,12,11,0.9166666666666666
cnbv.com,12,13,1.0833333333333333
americasbestpraisedance.com,10,9,0.9
anoxs.com,15,16,1.0666666666666667
b2bc2c.com,5,4,0.8
bonoo.de,12,13,1.0833333333333333
boton.org,12,13,1.0833333333333333
3gcam.com,13,15,1.1538461538461537
butterbirne.de,13,14,1.0769230769230769
baila.com,17,16,0.9411764705882353
1293.com,12,13,1.0833333333333333
akbs.com,12,13,1.0833333333333333
cohost1.com,31,38,1.2258064516129032
all-e.com,18,17,0.9444444444444444
cheapuniquearticles.com,20,21,1.05
3xo.eu,44,48,1.0909090909090908
3art.com,15,15,1.0
cmfblog.com,16,15,0.9375
butterfly-reports-info.com,13,12,0.9230769230769231
beyondgroups.com,15,16,1.0666666666666667
bolivarbeachhouserental.com,16,17,1.0625
brainfartsonline.com,15,14,0.9333333333333333
aggreagate.com,15,16,1.0666666666666667
amated.com,12,13,1.0833333333333333
1solution.net,12,13,1.0833333333333333
1500threads.com,15,16,1.0666666666666667
4cil.com,12,13,1.0833333333333333
a8727.cn,5,4,0.8
audreydiane.com,13,12,0.9230769230769231
biomarkertech.com,17,16,0.9411764705882353
co-chi.com,15,16,1.0666666666666667
bouboul.com,12,11,0.9166666666666666
8sub.com,17,16,0.9411764705882353
acnugrandmontreal.org,14,15,1.0714285714285714
62x39.com,12,13,1.0833333333333333
chetahs.com,12,13,1.0833333333333333
aku81.com,15,16,1.0666666666666667
26360.com,15,17,1.1333333333333333
allwheelride.com,13,12,0.9230769230769231
allokation.de,12,13,1.0833333333333333
blihe.com,15,16,1.0666666666666667
capmid.com,15,16,1.0666666666666667
alcoho.com,12,13,1.0833333333333333
articlefinder.org,17,16,0.9411764705882353
cocuma.de,12,13,1.0833333333333333
best-games-directory.com,14,13,0.9285714285714286
265du.com,11,10,0.9090909090909091
animationtext.com,20,21,1.05
anime-kawaii.org,13,13,1.0
bd6.net,13,12,0.9230769230769231
cina1.com,15,16,1.0666666666666667
alards.com,17,16,0.9411764705882353
asbestosdb.com,13,12,0.9230769230769231
chinacouncil.com,20,19,0.95
13629.de,15,16,1.0666666666666667
baglarbasikoyu.net,21,20,0.9523809523809523
actionreinhardcamps.org,14,15,1.0714285714285714
artmam.com,21,30,1.4285714285714286
cheaphost.biz,22,26,1.1818181818181819
3ddog.com,12,13,1.0833333333333333
alekwek1933.com,15,16,1.0666666666666667
banktjenester.com,17,16,0.9411764705882353
cardsandchips.com,17,16,0.9411764705882353
barcos-geschenke.de,15,14,0.9333333333333333
cancaver.com,12,11,0.9166666666666666
abonos.com,12,13,1.0833333333333333
canadawahm.com,13,12,0.9230769230769231
autobooksite.com,11,10,0.9090909090909091
bicio.info,15,14,0.9333333333333333
bittorrentclients.com,15,16,1.0666666666666667
alltypetrailers.com,17,16,0.9411764705882353
b4200.cn,5,4,0.8
5s5d.com,14,15,1.0714285714285714
amirorg.com,16,15,0.9375
blinkurnews.info,18,17,0.9444444444444444
bbyckes.com,14,16,1.1428571428571428
carbonamade.com,16,18,1.125
bumpngrind.com,12,13,1.0833333333333333
60wh.com,13,12,0.9230769230769231
annbo.com,17,16,0.9411764705882353
3sg.de,12,13,1.0833333333333333
1230755.com,12,13,1.0833333333333333
apicinta.com,11,10,0.9090909090909091
basildirect.com,12,13,1.0833333333333333
colinnish.com,17,16,0.9411764705882353
clapweb.info,12,13,1.0833333333333333
boxsocial.org,12,13,1.0833333333333333
blastednow.com,13,15,1.1538461538461537
abwaerts.de,12,13,1.0833333333333333
carrierbag.com,15,16,1.0666666666666667
arquidiocesisdemedellin.com,28,31,1.1071428571428572
blueserker.com,18,17,0.9444444444444444
8664.info,17,17,1.0
aiowebservices.com,14,18,1.2857142857142858
acrobatics.ca,12,13,1.0833333333333333
cgiplumeart.com,17,16,0.9411764705882353
cockrules.com,10,9,0.9
c9325.cn,5,4,0.8
baabal.com,13,14,1.0769230769230769
carmenmayer.com,14,14,1.0
azzjoninazzjonali.org,13,12,0.9230769230769231
91djw.com,13,12,0.9230769230769231
24mei.com,7,7,1.0
bwsiness.com,18,21,1.1666666666666667
celina.com,12,13,1.0833333333333333
bkca.com,13,15,1.1538461538461537
3phc.com,13,14,1.0769230769230769
collegestud.net,13,14,1.0769230769230769
brevardcomplaints.com,16,15,0.9375
298dh.com,11,10,0.9090909090909091
colourbar.de,12,13,1.0833333333333333
chrisfoss.net,18,17,0.9444444444444444
bfnent.com,11,10,0.9090909090909091
americanidolmyspace.com,15,16,1.0666666666666667
chapada.net,15,16,1.0666666666666667
billbevan.com,12,11,0.9166666666666666
ambafrance.md,18,19,1.0555555555555556
9kant.com,14,13,0.9285714285714286
cdysk.com,16,15,0.9375
avantgenran.com,15,15,1.0
beatleswhitealbum.com,12,13,1.0833333333333333
barnyardpoker.com,24,25,1.0416666666666667
basetech.net,22,29,1.3181818181818181
americanphotoimp.com,22,21,0.9545454545454546
blackvomit.com,12,13,1.0833333333333333
bcrp.net,13,14,1.0769230769230769
69730.com,12,13,1.0833333333333333
ars-g.de,13,15,1.1538461538461537
austindns.com,45,59,1.3111111111111111
9texi.com,13,12,0.9230769230769231
02942.de,12,13,1.0833333333333333
blackenergy.com,36,47,1.3055555555555556
442.de,12,13,1.0833333333333333
braintreehistoricalsociety.org,16,17,1.0625
athan.fr,12,13,1.0833333333333333
480.com,15,16,1.0666666666666667
bourtzi.com,19,18,0.9473684210526315
bauholz.com,12,13,1.0833333333333333
acefile06.com,21,21,1.0
chrysler.com,951,1074,1.1293375394321767
cajad.com,11,10,0.9090909090909091
acmechekout.com,11,10,0.9090909090909091
air-bag-suspension.com,13,12,0.9230769230769231
bryggeri.com,13,14,1.0769230769230769
atlantichall.net,15,16,1.0666666666666667
aximsite.com,23,26,1.1304347826086956
churi.com,12,13,1.0833333333333333
charangolibre.net,12,13,1.0833333333333333
audioprods.com,13,12,0.9230769230769231
accessi.com,12,13,1.0833333333333333
cenvo.net,15,16,1.0666666666666667
atmarks.com,12,11,0.9166666666666666
4scrip.com,41,51,1.2439024390243902
3916.com,12,13,1.0833333333333333
aaods.net,12,13,1.0833333333333333
com-one.biz,13,14,1.0769230769230769
appropriatesolutions.com,24,24,1.0
banakabanaka.com,18,19,1.0555555555555556
aladin.net,20,26,1.3
blogbugs.org,1172,1262,1.07679180887372
auctionuploader.com,16,15,0.9375
centrallondonrehearsalrooms.com,15,16,1.0666666666666667
bx160.com,18,19,1.0555555555555556
96gam.com,13,12,0.9230769230769231
aoun.eu,12,13,1.0833333333333333
12c.net,14,13,0.9285714285714286
aquastone.ca,15,16,1.0666666666666667
clftech.com,23,23,1.0
1900000.com,13,12,0.9230769230769231
7gdi.com,14,13,0.9285714285714286
bendroves.info,31,41,1.3225806451612903
7ky.org,15,16,1.0666666666666667
6ustu.net,20,21,1.05
capsandcoils.com,13,12,0.9230769230769231
cdbyd.com,11,10,0.9090909090909091
brownsugar.eu,12,13,1.0833333333333333
auskoi.com,12,13,1.0833333333333333
a2296.cn,5,4,0.8
amsel.ch,15,14,0.9333333333333333
cadavers.net,12,13,1.0833333333333333
19x25.com,11,10,0.9090909090909091
abfalleimer.eu,11,10,0.9090909090909091
615chyd.org,15,16,1.0666666666666667
citrel.com,11,10,0.9090909090909091
2yourdoor.com,12,13,1.0833333333333333
argentinethoroughbreds.com,19,18,0.9473684210526315
b1413.cn,5,4,0.8
btstore.net,21,21,1.0
almans.com,12,13,1.0833333333333333
brbee.com,13,14,1.0769230769230769
2mgo.com,16,15,0.9375
buypei.com,15,16,1.0666666666666667
argeles.de,12,13,1.0833333333333333
benias.com,12,13,1.0833333333333333
ateachingtree.com,13,14,1.0769230769230769
canigaoisland.com,13,12,0.9230769230769231
blubaydvd.com,14,13,0.9285714285714286
48t.net,6,6,1.0
allma-iq.com,15,16,1.0666666666666667
builderspreferred.com,15,16,1.0666666666666667
brisbanewebhosting.com,29,29,1.0
482.de,12,13,1.0833333333333333
54mmm.com,13,12,0.9230769230769231
aftershockradio.com,19,18,0.9473684210526315
4040.es,16,15,0.9375
08734.de,12,13,1.0833333333333333
amazighkateb.com,16,17,1.0625
cadenasmail.com,16,17,1.0625
bzoe.de,13,14,1.0769230769230769
anays.it,13,14,1.0769230769230769
clipbest.com,21,20,0.9523809523809523
517dl.com,12,11,0.9166666666666666
alambre.com,12,13,1.0833333333333333
citiworld.info,15,16,1.0666666666666667
ac.mu,252,275,1.0912698412698412
babygirl.ca,12,13,1.0833333333333333
chameleonblue.net,23,26,1.1304347826086956
bestvideos4u.net,15,14,0.9333333333333333
boardsportwarehouse.com,15,15,1.0
bowersandrein.com,14,15,1.0714285714285714
animediafest.com,15,16,1.0666666666666667
antichaussurembt.info,14,15,1.0714285714285714
chihuahuaredwood.com,12,11,0.9166666666666666
c1374.cn,5,4,0.8
ba-c.de,12,13,1.0833333333333333
buy-cheap.info,13,14,1.0769230769230769
256s.com,15,16,1.0666666666666667
asiatriathlon.org,12,13,1.0833333333333333
annkelley.com,12,13,1.0833333333333333
31ai.com,14,16,1.1428571428571428
collezioni.ca,14,16,1.1428571428571428
byheartsolution.com,17,16,0.9411764705882353
97554.com,15,15,1.0
4gen.com,11,10,0.9090909090909091
91htc.net,12,13,1.0833333333333333
bjfp8.com,14,15,1.0714285714285714
arecord.com,14,13,0.9285714285714286
ckce.org,12,13,1.0833333333333333
breederspick.com,13,14,1.0769230769230769
bay-co.com,12,11,0.9166666666666666
08327.de,12,13,1.0833333333333333
3d-virtual-world-games.com,16,15,0.9375
aggression.ch,12,13,1.0833333333333333
cl886.com,14,13,0.9285714285714286
bteco.com,13,14,1.0769230769230769
alexloza.com,19,19,1.0
bonitos.net,15,16,1.0666666666666667
audaciously.com,12,13,1.0833333333333333
birthdaypresentporn.info,11,10,0.9090909090909091
bloodnfiresanantonio.com,11,10,0.9090909090909091
aredacao.com,12,13,1.0833333333333333
atudo.com,13,14,1.0769230769230769
berlin-potsdam.de,12,13,1.0833333333333333
benojd.com,8,8,1.0
567wyt.com,12,13,1.0833333333333333
7bna.com,24,29,1.2083333333333333
8p-life.com,17,16,0.9411764705882353
adhesivesglue.com,15,16,1.0666666666666667
brinster.com,14,16,1.1428571428571428
analityk.eu,12,13,1.0833333333333333
all-nude-celebrity.net,13,12,0.9230769230769231
aboutchennai.com,24,25,1.0416666666666667
andy-one.com,21,24,1.1428571428571428
behaviormachine.com,20,21,1.05
b8847.cn,5,4,0.8
1ca.ca,12,13,1.0833333333333333
apbr.com,18,21,1.1666666666666667
approvedescrow.com,25,28,1.12
boogiechillin.de,9,8,0.8888888888888888
boredom-induced.com,24,29,1.2083333333333333
cimre.com,12,13,1.0833333333333333
brahamin.com,12,11,0.9166666666666666
chickentrailers.com,13,14,1.0769230769230769
aydinlatma.org,12,13,1.0833333333333333
agrol-mendo.biz,12,13,1.0833333333333333
colis-logistique.com,8,7,0.875
clzxny.com,13,14,1.0769230769230769
b8271.cn,5,4,0.8
australianscreenmusic.com,12,11,0.9166666666666666
aafprs.com,14,15,1.0714285714285714
brannentemple.com,11,10,0.9090909090909091
champex.net,16,15,0.9375
bittyschram.com,15,16,1.0666666666666667
blogoye.org,18,18,1.0
ammoms.com,17,16,0.9411764705882353
23730.com,17,16,0.9411764705882353
blackbirdfood.com,18,17,0.9444444444444444
1944willysmb.com,17,17,1.0
566hj.cn,5,4,0.8
6091.de,16,15,0.9375
ankido.net,15,17,1.1333333333333333
caraccidentlawyersmiami.com,15,16,1.0666666666666667
angelite.nl,20,21,1.05
be-a-moneymaker.com,12,13,1.0833333333333333
aeceslasu.com,12,11,0.9166666666666666
classicimperials.com,15,15,1.0
blacksheepbroadband.com,14,15,1.0714285714285714
bettest.net,16,17,1.0625
bridgenews.org,16,19,1.1875
126z.com,13,14,1.0769230769230769
bjvast.com,12,13,1.0833333333333333
2nd-queens.com,15,16,1.0666666666666667
chateaupouech.com,10,9,0.9
blankfaces.com,16,15,0.9375
aprtments.net,12,13,1.0833333333333333
cavemanprogram.com,11,10,0.9090909090909091
autotrafficjamm.com,15,16,1.0666666666666667
carpricenew.com,15,16,1.0666666666666667
capehorn.net,12,13,1.0833333333333333
autoinsurancetampa.org,12,13,1.0833333333333333
bikesonline.de,12,13,1.0833333333333333
axixi.cn,6,6,1.0
cheap-diamond-earrings.com,10,9,0.9
cheapsoftwares.net,12,13,1.0833333333333333
4anum.com,12,13,1.0833333333333333
agostinihitech.net,26,25,0.9615384615384616
cluich.net,12,13,1.0833333333333333
betterbloggingforbloggers.com,15,16,1.0666666666666667
bagwis.com,12,13,1.0833333333333333
a9094.cn,5,4,0.8
bencocommunities.com,17,17,1.0
cabelas.eu,12,13,1.0833333333333333
asbergers.net,14,15,1.0714285714285714
che-chandler.com,14,13,0.9285714285714286
apuic.com,17,16,0.9411764705882353
autogrammen.de,13,14,1.0769230769230769
ccilg.be,15,14,0.9333333333333333
balinesetreasures.com,16,15,0.9375
68hj.com,13,12,0.9230769230769231
anecdotashipicas.com,15,16,1.0666666666666667
aiiia.com,13,12,0.9230769230769231
armits.com,15,16,1.0666666666666667
billpenny.com,15,16,1.0666666666666667
bahtmeter.com,16,17,1.0625
cathedraltown.com,15,16,1.0666666666666667
9igcc.com,15,14,0.9333333333333333
55uk.net,17,18,1.0588235294117647
arholm.com,15,16,1.0666666666666667
4newsnet.com,18,17,0.9444444444444444
campusbasket.com,16,15,0.9375
2244.com,15,16,1.0666666666666667
c5398.cn,5,4,0.8
chikadl.com,18,17,0.9444444444444444
bxwr.com,40,45,1.125
c3335.cn,5,4,0.8
c5855.cn,5,4,0.8
budvakt.com,15,16,1.0666666666666667
cbspl.com,15,16,1.0666666666666667
bloggercom.org,12,13,1.0833333333333333
cherilyn.net,20,21,1.05
ckwu.com,17,16,0.9411764705882353
cineupdate.com,27,28,1.037037037037037
brittoli.net,12,13,1.0833333333333333
bp-hk.com,15,14,0.9333333333333333
calblog.com,12,13,1.0833333333333333
bitsikas.com,16,15,0.9375
afreeridersjourney.com,15,16,1.0666666666666667
beautypageantconsultants.com,12,13,1.0833333333333333
5748.de,15,14,0.9333333333333333
cima-sites.net,28,31,1.1071428571428572
avjd.com,12,13,1.0833333333333333
ambagefrance.com,16,17,1.0625
aegonusa.com,37,41,1.1081081081081081
badhofer.com,17,16,0.9411764705882353
bccweb.com,24,25,1.0416666666666667
cameraphoto.org,12,13,1.0833333333333333
amberwatch.com,13,12,0.9230769230769231
alexandersjewellery.com,14,15,1.0714285714285714
blockdiagrams.com,12,13,1.0833333333333333
annuller.com,12,13,1.0833333333333333
autotunes.com,12,13,1.0833333333333333
ativic.com,12,13,1.0833333333333333
cleanandserene.net,15,16,1.0666666666666667
cellulose.at,12,13,1.0833333333333333
boerstler.com,15,16,1.0666666666666667
cherty.com,12,13,1.0833333333333333
bdwebtech.com,19,20,1.0526315789473684
call-em-all.com,23,25,1.0869565217391304
basketballfan.com,12,13,1.0833333333333333
canadate.com,13,14,1.0769230769230769
bistrosauce.com,17,16,0.9411764705882353
2gossip.de,21,23,1.0952380952380953
aafs.ca,17,17,1.0
cctvbrazil.com,15,16,1.0666666666666667
aventar.com,13,14,1.0769230769230769
benitses.de,14,15,1.0714285714285714
canecorsoitaliano.net,18,17,0.9444444444444444
chakratherapie.org,12,13,1.0833333333333333
alogo.com,12,13,1.0833333333333333
aunet.com,19,18,0.9473684210526315
albatros-flugmuseum.de,13,14,1.0769230769230769
caryn.net,17,16,0.9411764705882353
71645.com,12,13,1.0833333333333333
blogtheking.com,17,16,0.9411764705882353
8lmz.com,12,13,1.0833333333333333
christian-mueller.com,12,13,1.0833333333333333
antoniomariani.eu,12,13,1.0833333333333333
3dds.com,15,14,0.9333333333333333
cmetrics.com,12,13,1.0833333333333333
bexalomer.com,13,14,1.0769230769230769
cheapdigitalcamerasprice.com,13,14,1.0769230769230769
c7773.cn,5,4,0.8
catchthelight.net,20,20,1.0
adamcopeland.net,13,14,1.0769230769230769
c1514.cn,5,4,0.8
celebpsychic.com,22,21,0.9545454545454546
antiquefirearms.org,13,13,1.0
73408.com,13,12,0.9230769230769231
c1rcashoes.com,12,11,0.9166666666666666
brendavann.com,15,14,0.9333333333333333
appareal.com,12,13,1.0833333333333333
1b17.com,7,7,1.0
catchphase.com,14,13,0.9285714285714286
alsista.de,13,14,1.0769230769230769
cgdxc.com,5,4,0.8
africatopjobs.com,25,27,1.08
bhve.com,32,41,1.28125
2moons-dil.com,12,13,1.0833333333333333
b7186.cn,5,4,0.8
broken100.com,15,14,0.9333333333333333
bluesnowgarden.com,15,16,1.0666666666666667
atheertele.com,29,32,1.103448275862069
buckr.com,17,16,0.9411764705882353
armored-car.com,11,10,0.9090909090909091
401hospedando.info,22,26,1.1818181818181819
bratislavaslovakia.net,10,9,0.9
bannedforlife.com,12,13,1.0833333333333333
buendnis.org,18,17,0.9444444444444444
abanio.com,12,13,1.0833333333333333
b302.cn,5,4,0.8
alflac.com,15,16,1.0666666666666667
adf-tsuji.com,22,21,0.9545454545454546
benefitsplanner.com,15,14,0.9333333333333333
becff.com,13,12,0.9230769230769231
arquivodamusica.com,15,14,0.9333333333333333
clwm.com,12,13,1.0833333333333333
5intangibles.com,13,14,1.0769230769230769
609a.com,8,8,1.0
buy-baby-bedding-online.com,13,12,0.9230769230769231
blitzclients.com,18,17,0.9444444444444444
capitalplanningservices.com,17,17,1.0
atudem.org,14,13,0.9285714285714286
autodiagnostik.de,12,13,1.0833333333333333
cmfie.com,3,2,0.6666666666666666
bluemoonandstars.com,16,17,1.0625
cakedecoratingbooks.org,17,16,0.9411764705882353
bibamus.com,12,13,1.0833333333333333
babaaurhum.com,13,14,1.0769230769230769
7alal.net,15,14,0.9333333333333333
2ratelock.com,13,14,1.0769230769230769
c8924.cn,5,4,0.8
amoreweb.com,16,16,1.0
cardifffc.com,16,15,0.9375
cexcam.com,14,15,1.0714285714285714
alurium.com,31,34,1.096774193548387
babyjuice.net,18,17,0.9444444444444444
bvsex.com,21,22,1.0476190476190477
ald3ya.net,21,24,1.1428571428571428
bonsai-art.com,17,20,1.1764705882352942
c2-suncomet.com,22,27,1.2272727272727273
adrianasalazarbotero.com,17,18,1.0588235294117647
5element.org,12,11,0.9166666666666666
beantownbaker.com,13,12,0.9230769230769231
assemblyofbishops.org,17,16,0.9411764705882353
an-najwa.com,21,20,0.9523809523809523
ana-flirt.de,16,17,1.0625
bizend.com,8,7,0.875
0sweat.com,12,13,1.0833333333333333
a3366.cn,5,4,0.8
cafeburlington.com,18,20,1.1111111111111112
blows.eu,12,13,1.0833333333333333
applitex.com,18,19,1.0555555555555556
bankgebuehren.net,12,13,1.0833333333333333
360ams.com,14,15,1.0714285714285714
apuntelebien.com,13,12,0.9230769230769231
besthifi.de,12,13,1.0833333333333333
bgvv.com,12,13,1.0833333333333333
angaran.com,18,17,0.9444444444444444
afex.eu,12,13,1.0833333333333333
businesscollege.net,14,15,1.0714285714285714
blackrabbits.net,13,12,0.9230769230769231
9fensi.com,13,14,1.0769230769230769
bubblesmakehimsmile.com,21,20,0.9523809523809523
birthbysleep.com,21,26,1.2380952380952381
11pm.org,20,21,1.05
0z00.com,12,11,0.9166666666666666
cityback.de,12,13,1.0833333333333333
badgym.com,17,16,0.9411764705882353
bh6p.com,14,13,0.9285714285714286
19100.net,8,7,0.875
91-f.com,13,12,0.9230769230769231
aper.net,27,32,1.1851851851851851
bd288.com,18,17,0.9444444444444444
cajatonta.tv,13,14,1.0769230769230769
cchall.com,12,13,1.0833333333333333
acutate.com,16,17,1.0625
budgetspecialserver.nl,22,26,1.1818181818181819
aqxie.com,20,19,0.95
bluebooby.net,13,14,1.0769230769230769
bagbuy.de,12,13,1.0833333333333333
az91.cn,5,4,0.8
bi-ru.com,13,13,1.0
ciberinn.com,22,26,1.1818181818181819
akimiojewelry.com,11,10,0.9090909090909091
bbrodt.com,14,13,0.9285714285714286
awtimetable.com,16,15,0.9375
as7ap4you.com,13,14,1.0769230769230769
college411.net,14,15,1.0714285714285714
capadonna.com,12,13,1.0833333333333333
cartran.com,13,14,1.0769230769230769
bds.tv,19,18,0.9473684210526315
autosecondhand.info,12,13,1.0833333333333333
btf-chemiepark.com,13,15,1.1538461538461537
b9354.cn,5,4,0.8
chambersgarden.de,15,16,1.0666666666666667
aetat.no,17,16,0.9411764705882353
berhaus.de,12,13,1.0833333333333333
1buysoma.com,13,12,0.9230769230769231
acslab.com,17,16,0.9411764705882353
57181.cn,10,9,0.9
bcsap.ca,15,16,1.0666666666666667
a1974.cn,5,4,0.8
anotherlamesite.com,14,13,0.9285714285714286
administratiesoftware.org,12,11,0.9166666666666666
aleemsay.com,12,13,1.0833333333333333
b1203.cn,5,4,0.8
adxw.com,20,21,1.05
cazj.com,13,12,0.9230769230769231
cartonianimati.net,13,14,1.0769230769230769
arthrodese.com,17,16,0.9411764705882353
40inchplus-pics.com,13,12,0.9230769230769231
askbrianwood.com,21,26,1.2380952380952381
cihanhost.com,22,26,1.1818181818181819
annmzz.com,24,27,1.125
brendanfinan.com,17,16,0.9411764705882353
ballsex.eu,12,13,1.0833333333333333
1st2do.com,11,10,0.9090909090909091
awikipedia.org,13,14,1.0769230769230769
cbhb.com,13,14,1.0769230769230769
bestteachina.com,10,9,0.9
100style.com,12,13,1.0833333333333333
09207.de,12,13,1.0833333333333333
chinaria.com,11,10,0.9090909090909091
avandia.net,12,13,1.0833333333333333
beardeddragons.org,14,13,0.9285714285714286
booexpress.com,30,35,1.1666666666666667
alfapoker.com,12,13,1.0833333333333333
ckuna.com,15,16,1.0666666666666667
24wro.com,18,21,1.1666666666666667
beat-master.net,17,16,0.9411764705882353
bullaby.net,13,14,1.0769230769230769
angelostateuniversity.com,17,16,0.9411764705882353
caresme.com,17,16,0.9411764705882353
buifa.com,13,12,0.9230769230769231
batchles.com,13,12,0.9230769230769231
5wgm.com,20,19,0.95
andrewduke.com,16,15,0.9375
bizonet.com,13,14,1.0769230769230769
aguilerabuff.com,14,13,0.9285714285714286
al-duroos.com,16,15,0.9375
armenianchildren.com,14,14,1.0
au1.com,12,13,1.0833333333333333
8x645.info,12,11,0.9166666666666666
blackest.de,15,16,1.0666666666666667
boim.cn,6,5,0.8333333333333334
caretreatment.net,15,16,1.0666666666666667
business-money-market.com,24,26,1.0833333333333333
c5381.cn,5,4,0.8
a1476.cn,5,4,0.8
boelsma.net,15,14,0.9333333333333333
chaiyo-aa.com,22,21,0.9545454545454546
bsuf.eu,12,13,1.0833333333333333
academyfightsong.com,18,19,1.0555555555555556
bb303.com,11,10,0.9090909090909091
5247.net,8,7,0.875
bloggers.su,22,21,0.9545454545454546
beachcove.net,12,13,1.0833333333333333
bodypiercingbiz.com,13,12,0.9230769230769231
b3059.cn,5,4,0.8
altekmak.com,18,18,1.0
blogmabilgi.com,13,12,0.9230769230769231
bureauangenent.nl,12,13,1.0833333333333333
batakonline.com,15,16,1.0666666666666667
arqueohistoria.com,12,13,1.0833333333333333
clientless.net,13,14,1.0769230769230769
4j65.com,14,13,0.9285714285714286
clithub.com,16,15,0.9375
andreitarkovsky.com,16,15,0.9375
albissolamarina.org,15,14,0.9333333333333333
4english.net,10,9,0.9
24akar.com,12,13,1.0833333333333333
ckv.eu,15,14,0.9333333333333333
arizonahomebuilder.org,12,12,1.0
celebrity-pictures.org,27,26,0.9629629629629629
adjudicado.com,16,15,0.9375
3839.de,13,14,1.0769230769230769
chapelhillms.com,15,16,1.0666666666666667
colibribaby.com,17,16,0.9411764705882353
alliecat.org,13,12,0.9230769230769231
caherconlish.com,17,16,0.9411764705882353
btmp.net,12,13,1.0833333333333333
chowchilla.com,12,13,1.0833333333333333
cloreo.com,12,13,1.0833333333333333
3344dd.com,13,12,0.9230769230769231
bearlook.com,15,16,1.0666666666666667
birdcaged.com,17,16,0.9411764705882353
bpme.org,13,14,1.0769230769230769
bmcw.com,12,13,1.0833333333333333
1959buick.com,15,17,1.1333333333333333
3596.de,16,15,0.9375
11-hour.com,15,16,1.0666666666666667
01012.net,13,14,1.0769230769230769
americanorientexpress.com,19,22,1.1578947368421053
bopsource.com,19,19,1.0
arjun-bijlani.com,23,26,1.1304347826086956
abece.com,19,18,0.9473684210526315
12loat.com,15,16,1.0666666666666667
23december.com,15,14,0.9333333333333333
anneprendergast.com,14,13,0.9285714285714286
carcassplay.com,17,16,0.9411764705882353
a8217.cn,5,4,0.8
alaolla.com,14,15,1.0714285714285714
college-dorm-rugs.com,13,12,0.9230769230769231
autobucks.net,14,15,1.0714285714285714
adig.net,11,10,0.9090909090909091
abaldo.com,13,14,1.0769230769230769
azawakh-abis.de,23,29,1.2608695652173914
b6042.cn,5,4,0.8
cardratings.de,12,13,1.0833333333333333
1pornshow.com,12,13,1.0833333333333333
all-about-travels.com,24,25,1.0416666666666667
centerpillarmarketing.com,19,18,0.9473684210526315
a3entretenimento.com,15,16,1.0666666666666667
650vh.com,14,13,0.9285714285714286
910827.com,12,11,0.9166666666666666
abbyballons.com,14,15,1.0714285714285714
azv65.com,12,13,1.0833333333333333
berlin-kliniken.de,18,21,1.1666666666666667
35129.com,18,21,1.1666666666666667
batavia.org,12,13,1.0833333333333333
bccb.de,12,13,1.0833333333333333
carbonfasern.de,12,13,1.0833333333333333
1stopleadsystems.net,12,11,0.9166666666666666
aeroles.com,13,12,0.9230769230769231
10272004.com,14,14,1.0
cad-addict.com,27,26,0.9629629629629629
byelaw.com,12,13,1.0833333333333333
asrama.com,15,16,1.0666666666666667
announced.org,13,14,1.0769230769230769
amazonherb.com,19,18,0.9473684210526315
aobd.net,12,13,1.0833333333333333
andreelhay.com,23,22,0.9565217391304348
brunnerhealthcare.com,12,13,1.0833333333333333
bunig.net,12,11,0.9166666666666666
3avav.com,15,16,1.0666666666666667
78qvod.com,11,10,0.9090909090909091
23946.de,12,13,1.0833333333333333
acoel.com,12,13,1.0833333333333333
billdeacon.com,16,15,0.9375
broadcastcable.com,12,13,1.0833333333333333
boyno.com,17,16,0.9411764705882353
adomio.com,13,14,1.0769230769230769
cnwzq.com,12,13,1.0833333333333333
640088.com,5,4,0.8
aprimera.com,17,18,1.0588235294117647
2fcom.net,25,27,1.08
24634.de,12,13,1.0833333333333333
bjqdb.com,12,11,0.9166666666666666
authenticselfdiscovery.com,17,16,0.9411764705882353
citibanks.ca,14,15,1.0714285714285714
cb-lissa.de,15,14,0.9333333333333333
characature.com,12,13,1.0833333333333333
55406.net,16,17,1.0625
1automotiveparts.com,10,9,0.9
c7713.cn,5,4,0.8
acaeum.com,18,21,1.1666666666666667
c6156.cn,5,4,0.8
adventure-supply.com,14,15,1.0714285714285714
blueempire.org,14,15,1.0714285714285714
abios.com,13,14,1.0769230769230769
bccorporacion.com,12,13,1.0833333333333333
cf230.com,13,12,0.9230769230769231
bankmelli.ir,14,13,0.9285714285714286
alma-fla.com,15,16,1.0666666666666667
58sns.com,7,7,1.0
bestcheapmassage.com,14,15,1.0714285714285714
alike.ca,15,16,1.0666666666666667
bcstrophy.com,18,17,0.9444444444444444
acornhillquilts.com,13,14,1.0769230769230769
appletzone.com,10,9,0.9
18kjewelryshop.com,11,10,0.9090909090909091
31593.com,16,17,1.0625
188d.com,15,16,1.0666666666666667
16pe.com,14,13,0.9285714285714286
4949cc.com,13,12,0.9230769230769231
a2781.cn,5,4,0.8
barkandsparkle.com,12,11,0.9166666666666666
bestseoboom.com,16,17,1.0625
18dc.com,11,10,0.9090909090909091
ad724.com,13,12,0.9230769230769231
betriebsdatenerfassung.net,12,13,1.0833333333333333
1-hourcashadvance.com,21,20,0.9523809523809523
beernewsletter.com,17,16,0.9411764705882353
babyboomersinfo.com,15,16,1.0666666666666667
cafesolodios.com,16,17,1.0625
arabdawn.com,11,10,0.9090909090909091
bbasaran.net,17,16,0.9411764705882353
bluet.com,23,26,1.1304347826086956
arrowtips.com,12,13,1.0833333333333333
automobilklub.net,12,13,1.0833333333333333
charritos.com,8,7,0.875
bestechung.at,18,19,1.0555555555555556
asoso.de,12,13,1.0833333333333333
allwin21.com,14,13,0.9285714285714286
affraid.com,12,13,1.0833333333333333
avantiskinandlaser.com,12,13,1.0833333333333333
43hn.com,14,13,0.9285714285714286
aznsource.com,25,28,1.12
calrec.com,23,22,0.9565217391304348
cashshop.org,12,13,1.0833333333333333
chicagoconnection.com,16,17,1.0625
bauherr.eu,12,13,1.0833333333333333
3kogao.com,14,15,1.0714285714285714
cncn.in,98,155,1.5816326530612246
classicfloraldesigns.com,18,17,0.9444444444444444
blaasveld.com,13,14,1.0769230769230769
cherilynnpetportraits.com,21,20,0.9523809523809523
arosmu.org,14,15,1.0714285714285714
c641.cn,5,4,0.8
catskillflies.com,13,12,0.9230769230769231
05456.de,12,13,1.0833333333333333
alemparalela.com,15,16,1.0666666666666667
berdber.com,14,15,1.0714285714285714
aazilla.com,15,15,1.0
cantonville.com,12,13,1.0833333333333333
antiflag.com,13,14,1.0769230769230769
castinggirl.com,13,14,1.0769230769230769
1p.ca,12,13,1.0833333333333333
bbb14.net,15,14,0.9333333333333333
bikerchick.de,12,13,1.0833333333333333
20days.net,12,13,1.0833333333333333
childrensbookcompany.com,15,14,0.9333333333333333
7k9k.com,13,12,0.9230769230769231
cargarage.com,16,17,1.0625
cedom.org,13,14,1.0769230769230769
al5ub.com,13,14,1.0769230769230769
acceleren.com,20,21,1.05
authoritynetworker.com,13,14,1.0769230769230769
a-a-m.com,14,13,0.9285714285714286
chelsey.de,15,16,1.0666666666666667
bjszcy.com,5,4,0.8
babysixstring.com,24,30,1.25
auslandsreisekrankenversicherung.org,12,13,1.0833333333333333
aaiga.com,10,9,0.9
bookmarkstories.info,15,16,1.0666666666666667
actorsexp.com,20,19,0.95
bridgingtheamericas.net,15,14,0.9333333333333333
citiec.com,12,13,1.0833333333333333
921theblaze.com,13,12,0.9230769230769231
butcherboard.com,38,47,1.236842105263158
canzonisten.de,16,15,0.9375
60757.com,13,13,1.0
artsci.net,27,31,1.1481481481481481
childsday.com,24,29,1.2083333333333333
belligerent.com,12,13,1.0833333333333333
alcorao.com,15,16,1.0666666666666667
bia2rap15.com,25,28,1.12
agive.com,15,15,1.0
cdspak.com,18,17,0.9444444444444444
c7114.cn,5,4,0.8
c3754.cn,5,4,0.8
bcmschool.com,17,16,0.9411764705882353
blumensaat.com,15,16,1.0666666666666667
aigeba.com,14,15,1.0714285714285714
allthawaylive.com,20,19,0.95
adamboettiger.com,22,22,1.0
bikini-hotline.com,15,16,1.0666666666666667
4x4greece.com,12,13,1.0833333333333333
batmn.com,15,16,1.0666666666666667
bouffemont.com,15,16,1.0666666666666667
asuit.com,12,13,1.0833333333333333
bredbandsbolaget.se,54,54,1.0
anvds.com,10,10,1.0
blueshe.com,8,7,0.875
aviccable.com,9,8,0.8888888888888888
bankofoklahoma.org,13,14,1.0769230769230769
86309.com,13,12,0.9230769230769231
bassarai.com,15,16,1.0666666666666667
cocorocom.com,15,16,1.0666666666666667
bluegrooveconcepts.com,15,14,0.9333333333333333
bofilm.net,12,13,1.0833333333333333
armreif.org,12,13,1.0833333333333333
41536.com,15,16,1.0666666666666667
abcmusical.net,13,14,1.0769230769230769
amicuscreative.com,23,26,1.1304347826086956
airsoft-cube.com,17,16,0.9411764705882353
artfulstep.com,15,16,1.0666666666666667
bogartassociates.com,14,13,0.9285714285714286
animalspirit.net,12,13,1.0833333333333333
chamonixhockeyclub.net,16,19,1.1875
cancerologues.fr,12,13,1.0833333333333333
appletonrumus.com,17,16,0.9411764705882353
aecipe.com,12,13,1.0833333333333333
ccdcct.com,13,12,0.9230769230769231
aresteroidslegal.com,11,10,0.9090909090909091
c3036.cn,5,4,0.8
afstudeerders.com,14,13,0.9285714285714286
babyfever.com,12,13,1.0833333333333333
03663.de,12,13,1.0833333333333333
alltiedup.org,19,18,0.9473684210526315
blowupwaterslidesforsale.com,14,13,0.9285714285714286
betataste.com,18,17,0.9444444444444444
ah-yat.com,13,14,1.0769230769230769
alohacoffeefundraising.com,17,16,0.9411764705882353
capella.edu,137,161,1.1751824817518248
betterhostingdeals.com,33,37,1.121212121212121
12feet.net,19,20,1.0526315789473684
awgo.org,15,14,0.9333333333333333
bgschool-paphos.com,14,15,1.0714285714285714
chezvalentine.com,17,16,0.9411764705882353
brandonlinder.com,12,13,1.0833333333333333
bioenergylists.org,36,52,1.4444444444444444
anitaharrisofficialsite.com,13,14,1.0769230769230769
brittons.com,12,13,1.0833333333333333
ankorobox.net,14,13,0.9285714285714286
adveho.com,13,14,1.0769230769230769
bnsrt.com,9,9,1.0
auto-web-review.info,17,16,0.9411764705882353
bohorbutat.info,13,12,0.9230769230769231
boredsurf.info,13,14,1.0769230769230769
007tk.net,8,7,0.875
661xx.com,12,11,0.9166666666666666
b-o-o-k-m-a-r-k.de,12,13,1.0833333333333333
bluefingerdiscoband.com,15,16,1.0666666666666667
aoxi.cn,4,4,1.0
0744.cc,8,7,0.875
cecylia-rumia.com,17,16,0.9411764705882353
advbeacon.net,7,6,0.8571428571428571
ax39.com,5,4,0.8
brandservices.eu,12,13,1.0833333333333333
callmeguich.com,13,12,0.9230769230769231
anlegerschutzauskunft.de,12,13,1.0833333333333333
2234.us,20,20,1.0
chaswilson.com,14,13,0.9285714285714286
20lz.com,13,12,0.9230769230769231
c10.org,15,16,1.0666666666666667
amys.net,13,14,1.0769230769230769
4213.com,14,13,0.9285714285714286
bornfreemeetingschedule.com,13,12,0.9230769230769231
2300.com,15,16,1.0666666666666667
babybubble.biz,12,11,0.9166666666666666
auditrisk.com,12,13,1.0833333333333333
ciptajuta.net,29,28,0.9655172413793104
arie.eu,10,9,0.9
carvertising.com,20,21,1.05
2downloads.com,12,11,0.9166666666666666
armagedom.com,8,7,0.875
churchpointbuggyfestival.com,13,12,0.9230769230769231
56nc.com,18,18,1.0
a-r-s.at,17,16,0.9411764705882353
behin.com,15,16,1.0666666666666667
69760.com,12,13,1.0833333333333333
clarenbachhaus.de,13,14,1.0769230769230769
camberwell.com,12,13,1.0833333333333333
choroukonline.com,15,16,1.0666666666666667
brewmaster.de,18,18,1.0
artym.com,12,13,1.0833333333333333
2130.de,12,13,1.0833333333333333
bama.ca,17,18,1.0588235294117647
amies.eu,12,13,1.0833333333333333
appfuzion.com,12,13,1.0833333333333333
bizzard.net,13,14,1.0769230769230769
adivor.info,19,18,0.9473684210526315
anopinion.com,14,13,0.9285714285714286
4biura.com,16,15,0.9375
cncmagazine.com,11,10,0.9090909090909091
acaiforlife.com,15,16,1.0666666666666667
0351.eu,12,13,1.0833333333333333
becau.com,15,15,1.0
artpros.com,13,14,1.0769230769230769
3-d.at,12,13,1.0833333333333333
blwsj.com,9,8,0.8888888888888888
cipla.it,12,13,1.0833333333333333
cadyo.com,10,9,0.9
010iis.com,14,13,0.9285714285714286
banatmall.net,16,18,1.125
arpaise.com,14,13,0.9285714285714286
9195.jp,20,21,1.05
capitalgrowth.de,12,13,1.0833333333333333
9ad.com,16,16,1.0
bateke.com,17,16,0.9411764705882353
bbbvideos.com,10,9,0.9
59ct.com,5,4,0.8
cacty.com,12,13,1.0833333333333333
citymoda.net,12,13,1.0833333333333333
9dbjsy.com,19,18,0.9473684210526315
cadencehealthcare.com,14,14,1.0
carmichael3d.com,13,14,1.0769230769230769
adrianklumpes.com,15,16,1.0666666666666667
altavsita.de,13,14,1.0769230769230769
banstore.net,21,21,1.0
blackmesahost.com,23,24,1.0434782608695652
247exhibits.com,15,16,1.0666666666666667
babyboatshop.com,13,14,1.0769230769230769
123kat.de,12,13,1.0833333333333333
alexwexo.com,17,16,0.9411764705882353
aaronsrod.com,15,16,1.0666666666666667
22337.de,15,16,1.0666666666666667
businessupdates.eu,12,13,1.0833333333333333
bollywoodmonster.com,13,12,0.9230769230769231
benefitone.com,13,14,1.0769230769230769
ciub.net,12,13,1.0833333333333333
alicesneary.com,14,13,0.9285714285714286
c3652.cn,5,4,0.8
colreservas.net,22,27,1.2272727272727273
colonycollapse.org,13,13,1.0
a3140.cn,5,4,0.8
aling.com,12,13,1.0833333333333333
americanamishcompany.com,20,19,0.95
branchen-fix.de,18,17,0.9444444444444444
afde.com,55,62,1.1272727272727272
brk-muenchen.de,55,77,1.4
76092.com,12,13,1.0833333333333333
christpal.net,13,14,1.0769230769230769
bloggercustom.net,15,16,1.0666666666666667
caetz.de,12,13,1.0833333333333333
accessorygenie.com,27,26,0.9629629629629629
chromerims.org,18,17,0.9444444444444444
brandingdigital.com,15,16,1.0666666666666667
codeethics.com,20,21,1.05
chemielabor.de,12,13,1.0833333333333333
a3461.cn,5,4,0.8
clinamenhall.com,16,16,1.0
betafashion.com,10,9,0.9
akoto.com,13,14,1.0769230769230769
agsbisoc.com,16,17,1.0625
bomberclaad.com,12,13,1.0833333333333333
atbig.net,23,25,1.0869565217391304
babyloving.com,9,8,0.8888888888888888
2pitech.com,13,13,1.0
collisum.com,12,13,1.0833333333333333
bimbia.com,17,16,0.9411764705882353
bscsil.com,15,16,1.0666666666666667
ceraithost.com,22,26,1.1818181818181819
bocholt-on-wheels.be,12,13,1.0833333333333333
ciuccicouture.com,17,16,0.9411764705882353
bestrelationshiptips.net,15,16,1.0666666666666667
chicagocity.de,12,13,1.0833333333333333
billa-promo.com,11,10,0.9090909090909091
cheriecherie.com,17,16,0.9411764705882353
armmaze.com,44,55,1.25
boutia.fr,15,16,1.0666666666666667
beyondreligion.com,29,30,1.0344827586206897
39dollareyeglass.com,13,12,0.9230769230769231
adizerorose.com,18,17,0.9444444444444444
54zhan.net,12,13,1.0833333333333333
angeliperilgaslini.it,12,13,1.0833333333333333
blogwindows7.com,14,14,1.0
95zk.com,13,12,0.9230769230769231
66dot.com,5,4,0.8
buttah.net,16,17,1.0625
belangkon.com,11,10,0.9090909090909091
59xo.info,12,13,1.0833333333333333
afterglow-inc.jp,16,17,1.0625
atamim.com,14,15,1.0714285714285714
cifrar.org,12,13,1.0833333333333333
allaboutthekick.com,14,15,1.0714285714285714
businesstan.com,18,17,0.9444444444444444
cokeine.it,22,23,1.0454545454545454
ahfdq.com,10,9,0.9
07vip.com,5,4,0.8
agencehelena.com,16,15,0.9375
banida.com,14,15,1.0714285714285714
camping-nordfriesland.de,12,13,1.0833333333333333
anthropine.de,16,17,1.0625
beckers.at,14,15,1.0714285714285714
antiquariat.org,14,13,0.9285714285714286
cc22cc.com,3,2,0.6666666666666666
chiangkhanfilmfestival.com,18,18,1.0
chuckmclachlan.com,19,20,1.0526315789473684
bahnurlaub.eu,12,13,1.0833333333333333
borntolose.com,13,14,1.0769230769230769
autoseguidor.info,12,13,1.0833333333333333
50a.org,12,13,1.0833333333333333
asluk.com,11,10,0.9090909090909091
boguspomp.com,13,14,1.0769230769230769
9dans.com,15,16,1.0666666666666667
9dodo.com,15,16,1.0666666666666667
beer-u.com,15,16,1.0666666666666667
1369lightbulbs.com,21,20,0.9523809523809523
cmasuncion.org,15,14,0.9333333333333333
70plus.ch,12,13,1.0833333333333333
chasingvisionsfilms.com,21,20,0.9523809523809523
babypoop.com,13,14,1.0769230769230769
auxlivresetc.com,19,22,1.1578947368421053
b8174.cn,5,4,0.8
babyglo.net,10,9,0.9
4nof.com,13,12,0.9230769230769231
brassam.net,21,20,0.9523809523809523
cebe.fr,12,13,1.0833333333333333
a667.cn,5,4,0.8
2tik.com,21,22,1.0476190476190477
c6214.cn,5,4,0.8
carbonwb.com,15,16,1.0666666666666667
37203.com,15,15,1.0
8jjjj.com,5,4,0.8
altofonte.net,15,14,0.9333333333333333
colourviews.com,15,16,1.0666666666666667
bqseo.net,7,7,1.0
cinemapalm.com,20,19,0.95
bhavri.com,16,17,1.0625
bokserki.com,13,14,1.0769230769230769
ahmnk.com,15,16,1.0666666666666667
angler-topshop.de,12,13,1.0833333333333333
autoliv.eu,13,14,1.0769230769230769
coastart.org,14,15,1.0714285714285714
automaticcontrol.net,14,13,0.9285714285714286
bugtracer.com,12,13,1.0833333333333333
bukalpseniunuturmubitmemeli.com,16,15,0.9375
aidorunokoto.com,12,11,0.9166666666666666
a4486.cn,5,4,0.8
amazingwords.com,19,24,1.263157894736842
aaymca.com,13,14,1.0769230769230769
benalmedena.com,10,9,0.9
bezlic.com,12,13,1.0833333333333333
aqsan.com,21,21,1.0
alamiterengganuku.com,12,13,1.0833333333333333
bugil.com,15,14,0.9333333333333333
belledejour.net,19,18,0.9473684210526315
awardsandpromotions.com,12,13,1.0833333333333333
celineschrijft.be,18,21,1.1666666666666667
boomboxs.com,12,13,1.0833333333333333
a1pta.com,11,10,0.9090909090909091
2u.org,13,14,1.0769230769230769
baanana.com,15,14,0.9333333333333333
ch86.com,14,13,0.9285714285714286
bpast.com,12,13,1.0833333333333333
38stop.com,7,6,0.8571428571428571
belastinginspecteurs.com,13,14,1.0769230769230769
alpenvereinsarchiv.de,13,14,1.0769230769230769
cigaraficionado.com,38,39,1.0263157894736843
7ayya.com,17,16,0.9411764705882353
codeconfusion.net,19,19,1.0
alpenrand.com,16,17,1.0625
786tj.com,16,17,1.0625
3904.de,13,14,1.0769230769230769
b8728.cn,5,4,0.8
atigstudios.com,23,27,1.173913043478261
choec.com,12,13,1.0833333333333333
buggy-friends.de,18,21,1.1666666666666667
betacentauri.org,12,13,1.0833333333333333
bpwj.com,14,15,1.0714285714285714
a-l-c-o-h-o-l-i-s-m.com,12,13,1.0833333333333333
baikaku.com,37,36,0.972972972972973
7chat.com,15,16,1.0666666666666667
brechi.com,18,17,0.9444444444444444
awaitedone.org,26,31,1.1923076923076923
almansiuon.com,21,20,0.9523809523809523
48923.com,5,4,0.8
alicjajanosz.com,17,16,0.9411764705882353
altbe.com,14,13,0.9285714285714286
araratholds.de,12,13,1.0833333333333333
82249.com,11,10,0.9090909090909091
belsitohotel.com,12,11,0.9166666666666666
ccllaw.org,14,15,1.0714285714285714
700xx.com,20,21,1.05
bfhkw.com,13,12,0.9230769230769231
boscarelli.com,13,12,0.9230769230769231
chika.net,11,10,0.9090909090909091
bobox.fr,17,22,1.2941176470588236
atmall.net,12,11,0.9166666666666666
andie.de,12,13,1.0833333333333333
cherrybaby.net,22,21,0.9545454545454546
alimama.com,166,168,1.0120481927710843
caimincun.com,22,26,1.1818181818181819
alkrz.com,23,25,1.0869565217391304
almacenalo.net,16,17,1.0625
chineselink.be,14,15,1.0714285714285714
alcastano.com,11,10,0.9090909090909091
breville.tv,13,14,1.0769230769230769
blogevity.com,12,13,1.0833333333333333
builderdb.com,12,13,1.0833333333333333
553yp.com,4,4,1.0
askeiayeyase49.biz,13,12,0.9230769230769231
bahn.org,12,13,1.0833333333333333
chubbybrown.com,15,17,1.1333333333333333
annoys.com,14,13,0.9285714285714286
apachehost.com,15,17,1.1333333333333333
acsane.com,13,12,0.9230769230769231
bestcrossbodybag.com,15,16,1.0666666666666667
burlhous.org,13,12,0.9230769230769231
buytolethome-insurance.info,12,13,1.0833333333333333
allblogreport.com,35,36,1.0285714285714285
beverlyhills.cn,20,21,1.05
aayf.org,19,21,1.105263157894737
ciberseguridad.com,12,13,1.0833333333333333
70314.com,15,14,0.9333333333333333
accutelinc.com,13,13,1.0
ciyatiger.com,15,14,0.9333333333333333
belleza.eu,12,13,1.0833333333333333
04264.com,8,7,0.875
cherrydesignsinc.com,15,16,1.0666666666666667
alphaomega.it,25,30,1.2
assistedsuicide.net,12,13,1.0833333333333333
97dy.net,8,7,0.875
berber.at,11,10,0.9090909090909091
acubs.com,13,15,1.1538461538461537
adsa.eu,22,25,1.1363636363636365
cmntech.net,12,11,0.9166666666666666
65184.com,13,12,0.9230769230769231
christianimagelibrary.com,13,12,0.9230769230769231
4r8.net,17,16,0.9411764705882353
cheap-paintball-pistols.com,12,11,0.9166666666666666
artsign.eu,12,13,1.0833333333333333
carcraft.org,12,13,1.0833333333333333
baytalrahmah.com,14,15,1.0714285714285714
b2388.cn,5,4,0.8
bdgg.com,59,68,1.152542372881356
breekpunt.net,12,11,0.9166666666666666
23689.de,12,13,1.0833333333333333
cedi.org,14,15,1.0714285714285714
cesga.es,138,175,1.2681159420289856
ashtaroth.de,13,14,1.0769230769230769
bookmarkselite.com,12,13,1.0833333333333333
byprice.net,18,17,0.9444444444444444
cfrw.com,13,14,1.0769230769230769
chuvanancuatoi.com,13,14,1.0769230769230769
7-design.org,15,14,0.9333333333333333
bookshow.de,13,14,1.0769230769230769
cocknbullkid.com,14,15,1.0714285714285714
as-xy.com,5,4,0.8
admsp.com,16,17,1.0625
cheap-pc.net,13,14,1.0769230769230769
activistas.org,12,13,1.0833333333333333
am730.com,12,13,1.0833333333333333
cibersons.com,23,23,1.0
brookswelding.com,12,13,1.0833333333333333
binbugs.com,16,17,1.0625
adellia.com,12,13,1.0833333333333333
alternatifs.com,13,14,1.0769230769230769
41907.com,12,13,1.0833333333333333
8kabu.com,14,13,0.9285714285714286
bikaran.com,22,21,0.9545454545454546
awinditer.com,13,12,0.9230769230769231
3drawerfilecabinet.info,15,14,0.9333333333333333
bellemaison.cn,25,24,0.96
analyticsweekly.com,14,15,1.0714285714285714
057i.com,10,9,0.9
bachmai.com,12,13,1.0833333333333333
b7029.cn,5,4,0.8
177buy.com,15,17,1.1333333333333333
aebaonline.com,17,16,0.9411764705882353
30sex.net,12,13,1.0833333333333333
bluehope.net,12,11,0.9166666666666666
9444.de,12,13,1.0833333333333333
christian-japan.com,15,16,1.0666666666666667
cander.com,13,14,1.0769230769230769
35immo.fr,12,13,1.0833333333333333
chingizabdullayev.com,15,16,1.0666666666666667
byobmusic.com,11,10,0.9090909090909091
bqkc.com,12,13,1.0833333333333333
bestempties.com,24,25,1.0416666666666667
clickgetinfo.com,17,16,0.9411764705882353
123sss.com,13,12,0.9230769230769231
bigbenwallace.com,13,14,1.0769230769230769
anfaaas.com,23,28,1.2173913043478262
c3206.cn,5,4,0.8
brendabova.com,15,16,1.0666666666666667
bullmastiffsonline.com,13,14,1.0769230769230769
angelcrown.com,15,16,1.0666666666666667
afok.org,12,13,1.0833333333333333
brasilopen.com,21,20,0.9523809523809523
brbit.net,15,16,1.0666666666666667
bepflanzen.de,13,14,1.0769230769230769
4ever21.com,12,13,1.0833333333333333
ck.net,15,17,1.1333333333333333
cocreate.de,20,19,0.95
a2260.cn,5,4,0.8
arnoldpontiacgmc.com,12,13,1.0833333333333333
choiceptr.com,15,16,1.0666666666666667
addmisions.com,12,13,1.0833333333333333
chimulus.com,17,16,0.9411764705882353
batallas.org,13,14,1.0769230769230769
alexandermcqueenshoes.com,15,16,1.0666666666666667
a9928.cn,5,4,0.8
aucii.com,14,14,1.0
ahnas.net,14,15,1.0714285714285714
089i.com,5,4,0.8
art2see.com,17,16,0.9411764705882353
b4563.cn,5,4,0.8
aquarobot.com,12,13,1.0833333333333333
b6833.cn,5,4,0.8
centz.com,12,13,1.0833333333333333
beocingrad.com,14,14,1.0
airqualitycs.com,22,21,0.9545454545454546
bennha.com,13,14,1.0769230769230769
c4232.cn,5,4,0.8
automotiveskill.com,12,13,1.0833333333333333
134234.com,10,10,1.0
billoddie.net,16,18,1.125
aimmo.de,13,15,1.1538461538461537
bbbvanisland.org,14,15,1.0714285714285714
beautymania.biz,54,65,1.2037037037037037
caneo.com,14,15,1.0714285714285714
broad-mind.net,13,12,0.9230769230769231
ausos.org,12,13,1.0833333333333333
centenarytheatre.com,11,10,0.9090909090909091
52vod.com,5,4,0.8
07651.de,12,13,1.0833333333333333
columbiahsclassof83.com,9,8,0.8888888888888888
anbeca.net,11,13,1.1818181818181819
carewear.eu,12,13,1.0833333333333333
bundlewatchsoftware.com,14,13,0.9285714285714286
alancaruba.com,16,17,1.0625
buypo.com,16,17,1.0625
52fxr.com,14,13,0.9285714285714286
brewskin.com,14,14,1.0
bowyo.com,10,10,1.0
beatbrokersglobal.com,26,29,1.1153846153846154
autostory.net,20,21,1.05
blign.com,12,13,1.0833333333333333
camyab.com,19,20,1.0526315789473684
catprin.com,12,11,0.9166666666666666
caresystem.net,12,13,1.0833333333333333
americanostrich.com,12,13,1.0833333333333333
abhishekchatterjee.com,19,18,0.9473684210526315
b8398.cn,5,4,0.8
aiesx.com,16,17,1.0625
bentonharborlibrary.com,11,11,1.0
ahvod.com,20,21,1.05
bayofrum.net,16,15,0.9375
carolpucci.com,24,23,0.9583333333333334
51.ca,58,78,1.3448275862068966
arvanon.com,11,10,0.9090909090909091
79led.com,10,9,0.9
abdillah.com,12,13,1.0833333333333333
b451.cn,5,4,0.8
aqskx.com,5,4,0.8
aedoil.com,14,15,1.0714285714285714
acaimaxcleanse.com,15,16,1.0666666666666667
anupa.com,30,32,1.0666666666666667
bayrakteknoloji.com,13,14,1.0769230769230769
c-3usa.com,18,21,1.1666666666666667
ashescricketseries.com,20,19,0.95
avantgard.com,15,14,0.9333333333333333
aileenferguson.com,12,11,0.9166666666666666
216.com,44,55,1.25
brushtail.com,12,13,1.0833333333333333
365rich.com,12,13,1.0833333333333333
castingiron.com,13,14,1.0769230769230769
ahref.pl,23,24,1.0434782608695652
b9015.cn,5,4,0.8
bmcdevelopment.org,12,13,1.0833333333333333
amebadigital.net,22,23,1.0454545454545454
c9780.cn,5,4,0.8
allgovtnaukri.com,21,20,0.9523809523809523
anime-playball.com,17,17,1.0
c1845.cn,5,4,0.8
afrizouk.com,17,16,0.9411764705882353
bikeo.com,12,13,1.0833333333333333
aherns.com,17,20,1.1764705882352942
94338.com,13,12,0.9230769230769231
bfdladder1.com,9,8,0.8888888888888888
bunderwehr.de,12,13,1.0833333333333333
clubpahpro.com,15,16,1.0666666666666667
alpineval.org,14,15,1.0714285714285714
aimsi.com,13,14,1.0769230769230769
bubona.com,16,17,1.0625
bingolol.com,13,12,0.9230769230769231
30867.com,15,14,0.9333333333333333
5878.de,13,14,1.0769230769230769
cm-vrsa.pt,19,21,1.105263157894737
charlottestrawbridge.com,15,16,1.0666666666666667
bigbuttsonly.com,12,13,1.0833333333333333
1069thelight.org,14,13,0.9285714285714286
besthostinghq.com,28,29,1.0357142857142858
berrymocksites.com,12,11,0.9166666666666666
borca.info,12,13,1.0833333333333333
bnsspi.com,16,17,1.0625
chrisia.com,15,15,1.0
500lot.com,11,10,0.9090909090909091
61gq.com,13,12,0.9230769230769231
analese.com,12,13,1.0833333333333333
britany.net,15,14,0.9333333333333333
cafdental.com,15,14,0.9333333333333333
cgsupport.org,12,13,1.0833333333333333
021nc.com,5,4,0.8
codigopenal.de,15,14,0.9333333333333333
7ieg.com,16,17,1.0625
admito.com,13,14,1.0769230769230769
beyonddreamspress.com,16,18,1.125
c7402.cn,5,4,0.8
bonia.com,24,29,1.2083333333333333
65et.cn,3,2,0.6666666666666666
alldolldup.com,42,44,1.0476190476190477
bibiyana.com,15,16,1.0666666666666667
cocwap.com,16,17,1.0625
b3447.cn,5,4,0.8
cashpots.com,12,13,1.0833333333333333
03921.de,12,13,1.0833333333333333
bo333.com,5,4,0.8
brightgreen.org,14,16,1.1428571428571428
alcollins.net,12,11,0.9166666666666666
affiliatedating.net,16,19,1.1875
cgas.com,12,13,1.0833333333333333
cacerolada.com,12,13,1.0833333333333333
bile.cn,4,4,1.0
aky.com,28,35,1.25
adventurist.com,14,13,0.9285714285714286
azresist.com,15,16,1.0666666666666667
15get.net,13,13,1.0
1flirt.de,12,13,1.0833333333333333
alysonstonerproject.com,15,16,1.0666666666666667
ac-eilendorf.de,14,15,1.0714285714285714
bsherman.org,12,13,1.0833333333333333
backpakers.com,12,13,1.0833333333333333
24980.de,12,13,1.0833333333333333
34217.com,12,13,1.0833333333333333
brutal-blowjobs.com,11,10,0.9090909090909091
c3cachets.com,26,32,1.2307692307692308
420.org,28,30,1.0714285714285714
boulognebillancourt.net,15,14,0.9333333333333333
angelrolle.de,12,13,1.0833333333333333
32281.com,18,21,1.1666666666666667
chotels.com,16,17,1.0625
badcompany2forums.com,16,17,1.0625
andrewcarnegie.net,18,17,0.9444444444444444
boersen-astrologie.de,13,15,1.1538461538461537
aflv.com,32,41,1.28125
archivo.org,12,13,1.0833333333333333
anarchistu.org,14,13,0.9285714285714286
0bestir.com,12,13,1.0833333333333333
a-m-o.net,36,46,1.2777777777777777
7564.net,14,13,0.9285714285714286
animalz.de,12,13,1.0833333333333333
certique.com,15,15,1.0
bi-duo.com,12,13,1.0833333333333333
charros.net,12,13,1.0833333333333333
colombianews.tv,11,10,0.9090909090909091
bnshipyard.com,25,24,0.96
acwq.com,13,12,0.9230769230769231
choveu.net,18,17,0.9444444444444444
39448.de,12,13,1.0833333333333333
ariama.ca,12,13,1.0833333333333333
bb4n.com,19,18,0.9473684210526315
570z.com,13,12,0.9230769230769231
2010military.com,15,16,1.0666666666666667
399sex.net,10,9,0.9
bestcure.com,33,34,1.0303030303030303
busporn.com,20,23,1.15
brezi.com,13,12,0.9230769230769231
bigbitofbeauty.com,15,16,1.0666666666666667
68lab.com,13,12,0.9230769230769231
alrady.com,12,13,1.0833333333333333
amexx.de,17,16,0.9411764705882353
activeer.com,10,9,0.9
blanqua.com,8,7,0.875
charliebatch.com,14,13,0.9285714285714286
chretiens-sida.com,12,11,0.9166666666666666
alexwickett.com,13,12,0.9230769230769231
auvk.com,15,15,1.0
14bb.com,13,12,0.9230769230769231
clemensfritz.de,13,14,1.0769230769230769
aglioolioepeperoncino.com,21,20,0.9523809523809523
asiamx.com,22,22,1.0
borley.com,10,9,0.9
555z.com,14,14,1.0
apopulistreview.com,13,13,1.0
aahsaemails.com,15,14,0.9333333333333333
biotechpressreleases.com,16,15,0.9375
a8042.cn,5,4,0.8
banon.net,15,16,1.0666666666666667
baronsmedia.com,27,32,1.1851851851851851
bcnudge.com,21,20,0.9523809523809523
alienwater.com,15,16,1.0666666666666667
be-chill.de,17,19,1.1176470588235294
capemay.net,15,16,1.0666666666666667
bloggerscuba.com,15,14,0.9333333333333333
172h.com,13,12,0.9230769230769231
beepem.com,12,13,1.0833333333333333
9seek.com,16,18,1.125
cajma.net,15,14,0.9333333333333333
68951.com,13,14,1.0769230769230769
annonce.net,12,13,1.0833333333333333
5z5z.net,14,13,0.9285714285714286
bodti.com,13,13,1.0
chiquta.com,14,15,1.0714285714285714
btyili.com,5,4,0.8
alnethost.com,13,12,0.9230769230769231
5xx.eu,12,13,1.0833333333333333
amerdelic.com,15,16,1.0666666666666667
b4714.cn,5,4,0.8
6atlas.de,12,13,1.0833333333333333
3q2.com,15,15,1.0
5lkids.com,3,2,0.6666666666666666
72539.de,12,13,1.0833333333333333
batanes.net,13,14,1.0769230769230769
breakupnews.com,10,9,0.9
coghg.org,17,16,0.9411764705882353
chhost.net,56,67,1.1964285714285714
canadianflag.com,12,13,1.0833333333333333
1xin1.com,11,11,1.0
accessredding.org,15,16,1.0666666666666667
angelire.com,15,16,1.0666666666666667
bluedaily.com,16,17,1.0625
americanpremiumoil.com,18,18,1.0
bennlog.de,15,14,0.9333333333333333
belling.eu,12,13,1.0833333333333333
4xavi.com,24,28,1.1666666666666667
c4593.cn,5,4,0.8
christiandancecenterllc.com,13,14,1.0769230769230769
carbiz.in,22,28,1.2727272727272727
alkcs.com,9,8,0.8888888888888888
caricajugo.com,13,14,1.0769230769230769
cnbr.net,12,13,1.0833333333333333
aspis.gr,12,13,1.0833333333333333
b5795.cn,5,4,0.8
adventureteam.fr,12,13,1.0833333333333333
567kxw.info,12,11,0.9166666666666666
allbusinessfusion.com,16,15,0.9375
1mesotheliomacancer.com,14,15,1.0714285714285714
aiqix.com,14,14,1.0
amorphophallustitanum.com,12,11,0.9166666666666666
boxking.org,6,5,0.8333333333333334
brzesckujawski.pl,19,23,1.2105263157894737
arews.com,14,15,1.0714285714285714
angleur.be,12,13,1.0833333333333333
charged.fr,12,13,1.0833333333333333
cliphair.de,16,15,0.9375
allentheatres.com,15,16,1.0666666666666667
cloudsherpas.com,24,23,0.9583333333333334
clubtens.com,13,14,1.0769230769230769
bccae.com,11,10,0.9090909090909091
biosagent.com,8,7,0.875
alsahla.org,15,14,0.9333333333333333
aspectc.net,11,10,0.9090909090909091
arielmotor.com,12,13,1.0833333333333333
acfi.de,12,13,1.0833333333333333
bollywoodrules.com,12,13,1.0833333333333333
ahsait.net,17,19,1.1176470588235294
citadelle.ru,47,60,1.2765957446808511
atgo.com,18,19,1.0555555555555556
ballerscafe.com,32,36,1.125
114nba.cn,6,6,1.0
ardeeanddistrictac.com,11,10,0.9090909090909091
blondina.net,18,17,0.9444444444444444
24banking.ro,19,20,1.0526315789473684
1developments.com,11,10,0.9090909090909091
angkorcomplex.com,15,16,1.0666666666666667
bse-clan.org,18,20,1.1111111111111112
akkids.com,20,19,0.95
brhickslaw.com,11,10,0.9090909090909091
aussiehost.com,65,67,1.0307692307692307
140d.com,9,8,0.8888888888888888
btakashi.jp,15,16,1.0666666666666667
021vr.com,4,4,1.0
blastspace.org,13,12,0.9230769230769231
colored.com,11,10,0.9090909090909091
amarilda.com,12,13,1.0833333333333333
alliance-carolina.com,16,16,1.0
antiochcarolcity.com,13,14,1.0769230769230769
alexyssktylorvaginapower.com,14,15,1.0714285714285714
armaties.com,25,24,0.96
0nice0.com,15,14,0.9333333333333333
1hicar.com,4,4,1.0
africanamericanhistory.tv,13,12,0.9230769230769231
abbacc.com,10,9,0.9
526cs.com,15,14,0.9333333333333333
alexwilkinsononline.com,15,16,1.0666666666666667
abrades.com,13,14,1.0769230769230769
87754.com,5,4,0.8
boopr.com,15,16,1.0666666666666667
bollymovies.com,25,24,0.96
checkcon.com,17,16,0.9411764705882353
777dvd.com,13,12,0.9230769230769231
3ghjw.com,13,12,0.9230769230769231
bjudzhet.ru,18,19,1.0555555555555556
aface.net,12,13,1.0833333333333333
bfgkw.com,5,4,0.8
ahdas.com,19,18,0.9473684210526315
bikeriding.eu,10,9,0.9
bratpackconfidential.com,14,15,1.0714285714285714
2handsstudio.com,10,9,0.9
abundanthope.org,23,28,1.2173913043478262
akhmo.com,12,13,1.0833333333333333
ceolu.com,13,12,0.9230769230769231
bianchibonomi-htcenter.it,13,14,1.0769230769230769
bussgelder.de,12,13,1.0833333333333333
aplusfoundationrepair.com,13,12,0.9230769230769231
araguahost.info,30,29,0.9666666666666667
720therock.com,23,22,0.9565217391304348
9ge.com,21,20,0.9523809523809523
462.de,12,13,1.0833333333333333
2009iii.com,16,15,0.9375
986w.com,18,18,1.0
africanactivist.org,11,10,0.9090909090909091
broadwaybagel101.com,17,16,0.9411764705882353
bat-yam.com,15,16,1.0666666666666667
a7ya.com,12,13,1.0833333333333333
bea-karim.com,24,23,0.9583333333333334
brokenlaptop.info,14,13,0.9285714285714286
bateway.com,12,11,0.9166666666666666
arscares.com,15,14,0.9333333333333333
bangthegong.net,16,17,1.0625
coedc.com,18,17,0.9444444444444444
bocky.de,12,13,1.0833333333333333
cancertreatmentblog.com,12,12,1.0
babyy.com,8,7,0.875
brutalbdsm.com,15,14,0.9333333333333333
bdwol.com,4,4,1.0
arqueiros.com,11,10,0.9090909090909091
academic-search.net,16,15,0.9375
acaso.com,15,14,0.9333333333333333
babry.com,17,16,0.9411764705882353
996tv.com,12,13,1.0833333333333333
bentleyelementary.com,14,14,1.0
closetshelfdividers.com,13,14,1.0769230769230769
bromy.com,20,21,1.05
23sst.com,15,16,1.0666666666666667
autohitsplus.com,15,16,1.0666666666666667
blackmack.com,13,14,1.0769230769230769
50stes.com,15,16,1.0666666666666667
18jyt.com,13,12,0.9230769230769231
carterville.net,14,15,1.0714285714285714
careerdevelopment.eu,10,9,0.9
82d.net,12,13,1.0833333333333333
autoinsuranceoahu.com,14,13,0.9285714285714286
bythezip.com,24,23,0.9583333333333334
ardrea.com,12,13,1.0833333333333333
520m1.com,15,16,1.0666666666666667
cmuye.com,8,7,0.875
amandacorey.com,11,10,0.9090909090909091
berates.net,15,16,1.0666666666666667
cainetworks.com,22,22,1.0
956.de,12,13,1.0833333333333333
breakitoff.com,22,29,1.3181818181818181
blpgaming.com,17,16,0.9411764705882353
allcomputertips.com,15,16,1.0666666666666667
84962.com,7,6,0.8571428571428571
chuokoron.jp,14,15,1.0714285714285714
californiasaga.com,11,10,0.9090909090909091
27701.com,11,10,0.9090909090909091
bietdoi.com,15,16,1.0666666666666667
atom.com,58,72,1.2413793103448276
bm577.com,5,4,0.8
b343.cn,5,4,0.8
calismakyorar.com,17,18,1.0588235294117647
americantekgroup.com,11,10,0.9090909090909091
ccjb.net,15,16,1.0666666666666667
amboyranch.com,14,15,1.0714285714285714
botekiyas.com,22,31,1.4090909090909092
10504.com,11,10,0.9090909090909091
airafrique.com,12,13,1.0833333333333333
beerguy.net,13,12,0.9230769230769231
cabanasquilotoa.com,17,16,0.9411764705882353
barrichelo.com,15,16,1.0666666666666667
americancinemateque.com,19,18,0.9473684210526315
brentbanks.com,12,11,0.9166666666666666
1931.com,4,4,1.0
chewingpine.com,15,16,1.0666666666666667
aerovital.ru,16,16,1.0
ceusabertos.com,15,16,1.0666666666666667
borujenpnu.org,16,17,1.0625
accentwithoutsweat.com,14,15,1.0714285714285714
animalsexcartoons.net,21,20,0.9523809523809523
balabal.com,17,16,0.9411764705882353
beyogluspor.com,15,16,1.0666666666666667
bb500.com,22,21,0.9545454545454546
attelages.com,10,9,0.9
barrowsline.com,12,11,0.9166666666666666
cayburg.org,9,8,0.8888888888888888
5555.de,12,13,1.0833333333333333
2hotproductions.com,19,18,0.9473684210526315
atersi.net,14,15,1.0714285714285714
bakd.org,12,13,1.0833333333333333
atgave.info,13,12,0.9230769230769231
chromediningchairs.net,25,24,0.96
al7ub.net,12,13,1.0833333333333333
068v.com,14,13,0.9285714285714286
agriculturasensitiva.com,15,14,0.9333333333333333
arkansastravel.com,15,16,1.0666666666666667
acfae.com,13,12,0.9230769230769231
4skinless.com,22,21,0.9545454545454546
1ticket.eu,13,14,1.0769230769230769
certificationlinks.com,10,9,0.9
cjpd.com,12,13,1.0833333333333333
aquastone.eu,12,13,1.0833333333333333
cocktailgames.com,10,9,0.9
bulid.com,12,13,1.0833333333333333
bolascomcreme.com,16,15,0.9375
2ri.net,14,14,1.0
allmemoryfoamblogger.com,17,18,1.0588235294117647
buysellsun.info,15,16,1.0666666666666667
baxxam.com,18,17,0.9444444444444444
calvallsaristot.net,21,20,0.9523809523809523
cimgo.com,12,13,1.0833333333333333
caledoniansociety.com,17,16,0.9411764705882353
bridgefilm.com,15,16,1.0666666666666667
autoeekoo.net,14,13,0.9285714285714286
acabadoras.com,14,15,1.0714285714285714
armourdave.com,13,14,1.0769230769230769
cmsonline.de,13,15,1.1538461538461537
clook.net,43,50,1.1627906976744187
12prod.com,13,12,0.9230769230769231
buydvdporn.com,25,27,1.08
antiquariato.net,15,14,0.9333333333333333
anushaka.com,13,14,1.0769230769230769
centurypaving.com,16,15,0.9375
cecilsharpproject.com,11,10,0.9090909090909091
bongostarlink.com,14,15,1.0714285714285714
4cccf.com,18,22,1.2222222222222223
besiani.com,12,11,0.9166666666666666
bqzjt.com,10,10,1.0
canmp.com,15,16,1.0666666666666667
amecel.com,13,14,1.0769230769230769
baseliner.net,15,16,1.0666666666666667
cc799.com,12,11,0.9166666666666666
52xyw.com,13,12,0.9230769230769231
7uncut.com,15,14,0.9333333333333333
cdjapan.com,16,15,0.9375
btwji.com,13,12,0.9230769230769231
a706.cn,5,4,0.8
04gd.com,17,17,1.0
11aiai.com,19,19,1.0
bghw-saar.de,12,13,1.0833333333333333
c2g.ca,17,16,0.9411764705882353
aedifico.com,15,14,0.9333333333333333
collab.net,322,664,2.062111801242236
chronotherapy.com,19,18,0.9473684210526315
6kj.com,5,4,0.8
articlesvenus.com,16,15,0.9375
aa586.com,13,12,0.9230769230769231
articlesforhealth.com,13,12,0.9230769230769231
cableology.com,14,15,1.0714285714285714
alumroot.com,12,13,1.0833333333333333
b-2d.ca,15,14,0.9333333333333333
catsplus.com,13,14,1.0769230769230769
brookespointpalawan.com,13,12,0.9230769230769231
alphamegahosting.com,495,723,1.4606060606060607
51kongqi.com,15,17,1.1333333333333333
actioncomics.de,42,55,1.3095238095238095
basprix.com,17,16,0.9411764705882353
b3937.cn,5,4,0.8
15-euro-in-einer-minute.com,13,12,0.9230769230769231
callthecops.com,12,11,0.9166666666666666
12101.de,15,16,1.0666666666666667
aizaza.com,13,14,1.0769230769230769
classicman.com,13,14,1.0769230769230769
aqesap.org,20,20,1.0
2helix.com,13,14,1.0769230769230769
c2390.cn,5,4,0.8
57dm.com,19,24,1.263157894736842
camarad.com,17,16,0.9411764705882353
cityofrussell.net,16,15,0.9375
c1037.cn,5,4,0.8
cannoncounty.info,14,15,1.0714285714285714
artistactoractress.com,18,17,0.9444444444444444
christianprograms.com,12,13,1.0833333333333333
cafemasaryktown.net,14,13,0.9285714285714286
bouliste.fr,12,13,1.0833333333333333
airfares.ca,15,16,1.0666666666666667
autotrafficsystemx.com,12,11,0.9166666666666666
0317e.com,13,12,0.9230769230769231
beroepen.net,14,14,1.0
bestrat.com,17,16,0.9411764705882353
autocardeal.com,10,9,0.9
c9608.cn,5,4,0.8
astrology-info.com,18,17,0.9444444444444444
carlosvargasweb.com,15,16,1.0666666666666667
04391.com,14,15,1.0714285714285714
azaronline.org,28,30,1.0714285714285714
blockbeauties.com,15,16,1.0666666666666667
cheesepizza.org,16,15,0.9375
33874.com,14,15,1.0714285714285714
67317.de,12,13,1.0833333333333333
billyswan.com,28,31,1.1071428571428572
agznet.net,17,16,0.9411764705882353
animenrg.net,14,15,1.0714285714285714
campuseros.es,12,13,1.0833333333333333
caveat.pro,12,13,1.0833333333333333
baein.com,13,14,1.0769230769230769
bat-man.net,12,13,1.0833333333333333
bahainet.net,13,15,1.1538461538461537
cnxw.org,1,0,0.0
colluseum.com,13,12,0.9230769230769231
braskens.com,22,21,0.9545454545454546
adyond.com,14,15,1.0714285714285714
bachowski.com,13,14,1.0769230769230769
bmsco.net,15,16,1.0666666666666667
7ekaya.net,24,28,1.1666666666666667
autruche.com,11,10,0.9090909090909091
clicksharebutton.com,21,24,1.1428571428571428
cidermill.com,13,12,0.9230769230769231
cheapclix.net,14,15,1.0714285714285714
backsplash.com,18,17,0.9444444444444444
ambassades.org,17,16,0.9411764705882353
3dvehicle.com,10,9,0.9
alstervergnuegen.de,15,16,1.0666666666666667
amateur-model-portfolio.com,14,15,1.0714285714285714
archiwumgazety.com,14,13,0.9285714285714286
al-badil.net,18,17,0.9444444444444444
asanasa.com,15,16,1.0666666666666667
cityklipbronderslev.dk,18,19,1.0555555555555556
bringingamericahome.com,14,14,1.0
algotochip.com,15,15,1.0
colce.com,12,13,1.0833333333333333
1jins.com,15,16,1.0666666666666667
arfenhouse.com,12,13,1.0833333333333333
760wyt.com,12,12,1.0
360qa.com,1,0,0.0
cctourism.org,12,11,0.9166666666666666
bjktjc.com,5,4,0.8
5igww.com,14,15,1.0714285714285714
barrelofagun.com,13,14,1.0769230769230769
catholicmediagroup.com,24,23,0.9583333333333334
boardsvideo.com,19,18,0.9473684210526315
carrtoon.com,15,16,1.0666666666666667
b1554.cn,5,4,0.8
asdwp.com,13,12,0.9230769230769231
bb-lippe.de,16,15,0.9375
askmf.com,14,15,1.0714285714285714
arwab.com,11,10,0.9090909090909091
arabesquehotel.net,12,13,1.0833333333333333
buy.de,13,14,1.0769230769230769
alternativeunitaire2007.org,12,13,1.0833333333333333
brfilmes.net,14,15,1.0714285714285714
ceglow.info,14,13,0.9285714285714286
bedanol.com,12,13,1.0833333333333333
2-cpu.com,24,27,1.125
bicicleta.com,8,7,0.875
anakbola.com,25,26,1.04
claimsmanagement.com,22,25,1.1363636363636365
06389.com,12,13,1.0833333333333333
2xiao77.com,24,29,1.2083333333333333
columbiadowntowndays.com,17,16,0.9411764705882353
aftertouch.de,14,15,1.0714285714285714
aboutgaymovies.info,13,12,0.9230769230769231
441.fr,12,13,1.0833333333333333
cmshx.org,6,5,0.8333333333333334
appsight.net,14,15,1.0714285714285714
bigtree.net,12,13,1.0833333333333333
christianmentors.org,11,10,0.9090909090909091
aixtools.net,11,10,0.9090909090909091
bishapour.org,23,26,1.1304347826086956
4occhi.com,12,13,1.0833333333333333
apachepub.com,16,18,1.125
azpk.com,32,41,1.28125
aoi65.com,14,13,0.9285714285714286
987ee.com,13,12,0.9230769230769231
2794.de,13,14,1.0769230769230769
brunate.net,12,13,1.0833333333333333
2jdhosting.com,9,8,0.8888888888888888
3dcc.org,15,16,1.0666666666666667
casa-art-immobilieninvestition.de,14,15,1.0714285714285714
968u.com,5,4,0.8
adit-conf.org,16,15,0.9375
carmelhighalumni.org,14,15,1.0714285714285714
b-digital.biz,30,38,1.2666666666666666
achicha.com,13,14,1.0769230769230769
57605.com,14,13,0.9285714285714286
brasiliaonline.com,11,10,0.9090909090909091
cheapestcasinos.com,12,13,1.0833333333333333
clearanceuggsbootss.com,13,14,1.0769230769230769
actsouthernafrica.org,13,14,1.0769230769230769
3d-car.com,13,12,0.9230769230769231
8nr.com,15,16,1.0666666666666667
alegators.com,12,13,1.0833333333333333
bankisto.com,13,14,1.0769230769230769
cjysl.com,23,22,0.9565217391304348
ablogc.com,12,13,1.0833333333333333
4iphonewallpapers.com,22,27,1.2272727272727273
157x.com,5,4,0.8
chocolatendreams.com,11,10,0.9090909090909091
catalinas.com,16,15,0.9375
art-e-fact.org,12,13,1.0833333333333333
chang11.net,6,5,0.8333333333333334
2kk.com,14,15,1.0714285714285714
bumas.com,12,13,1.0833333333333333
6-do.com,24,23,0.9583333333333334
99venus.net,15,14,0.9333333333333333
antispamhosting.com,24,32,1.3333333333333333
churo.com,13,14,1.0769230769230769
bergmanrock.com,15,16,1.0666666666666667
animepower-fansub.com,22,21,0.9545454545454546
botanicalalternatives.com,24,29,1.2083333333333333
alareen.com,13,14,1.0769230769230769
1doku.net,12,11,0.9166666666666666
audiofix.com,12,13,1.0833333333333333
5trip.net,10,10,1.0
blomberginstituut.nl,20,23,1.15
aomny.com,15,16,1.0666666666666667
bagsbymichehawaii.net,13,12,0.9230769230769231
c2959.cn,5,4,0.8
brisbanecityrollers.com,17,19,1.1176470588235294
airasias.com,22,21,0.9545454545454546
cinemaa.in,12,13,1.0833333333333333
3pac.com,13,14,1.0769230769230769
apartmentfontana.com,17,16,0.9411764705882353
5ucq.com,8,7,0.875
arachnoid.net,12,13,1.0833333333333333
19011.com,12,11,0.9166666666666666
ambn.com,60,68,1.1333333333333333
canalsur.es,83,94,1.1325301204819278
carnivalvictory.com,14,15,1.0714285714285714
chiyokan.com,15,18,1.2
bdfww.com,13,12,0.9230769230769231
amusant.org,13,14,1.0769230769230769
blogforfriend.com,21,24,1.1428571428571428
bordu.com,12,13,1.0833333333333333
aazzee.com,18,17,0.9444444444444444
americanbrandsforsale.com,13,12,0.9230769230769231
burnabylakerejuvenation.ca,11,10,0.9090909090909091
chamko.com,17,16,0.9411764705882353
c1897.cn,5,4,0.8
biedermeierfreunde-badsteben.de,17,17,1.0
anthonymarcus.com,19,18,0.9473684210526315
bsro.net,12,13,1.0833333333333333
billxu.com,18,17,0.9444444444444444
1000usi.ch,18,17,0.9444444444444444
6ytmm.com,22,21,0.9545454545454546
28wed.com,6,5,0.8333333333333334
04767.com,14,15,1.0714285714285714
abefc.com,11,10,0.9090909090909091
bomzei.com,12,13,1.0833333333333333
adorableamie.com,14,13,0.9285714285714286
76pc.com,13,12,0.9230769230769231
auriculotherapie.fr,12,13,1.0833333333333333
9036dy.com,6,5,0.8333333333333334
binev.com,13,14,1.0769230769230769
boxcardaisies.com,15,16,1.0666666666666667
angelpark-eicherscheid.de,18,17,0.9444444444444444
animalx.com,13,14,1.0769230769230769
521010.com,7,7,1.0
alpineslide.com,13,14,1.0769230769230769
7korobi8oki.com,16,15,0.9375
chachia.net,15,16,1.0666666666666667
bulinc.com,12,13,1.0833333333333333
2jv.de,12,13,1.0833333333333333
calvinwiggett.com,16,15,0.9375
actazen.com,22,26,1.1818181818181819
bybenjamin.com,15,16,1.0666666666666667
adlhosting.net,26,25,0.9615384615384616
cazou.com,15,16,1.0666666666666667
blinker.com,18,17,0.9444444444444444
ainokaze.jp,15,16,1.0666666666666667
bashmentvibes.com,18,17,0.9444444444444444
blowncoverage.com,16,17,1.0625
cements.net,12,13,1.0833333333333333
chancesofwinningthelottery.com,15,16,1.0666666666666667
aim-sw.com,16,15,0.9375
25xsgw.com,17,16,0.9411764705882353
9tech.org,11,10,0.9090909090909091
78037.com,18,17,0.9444444444444444
aldhmi.com,13,15,1.1538461538461537
charlieharvey.com,11,10,0.9090909090909091
4reackt.net,15,16,1.0666666666666667
cnswireless.com,6,5,0.8333333333333334
balls.de,12,13,1.0833333333333333
ceezy.com,16,17,1.0625
caribindians.net,15,16,1.0666666666666667
3hky.com,11,11,1.0
cartus.org,17,16,0.9411764705882353
biomerieux.com,30,32,1.0666666666666667
brentonicoski.com,13,12,0.9230769230769231
amipci.com,14,15,1.0714285714285714
breakingbadtr.com,15,16,1.0666666666666667
careerchange50.com,12,11,0.9166666666666666
abrota.com,12,13,1.0833333333333333
ahooty.com,12,13,1.0833333333333333
afghan-info.com,13,14,1.0769230769230769
ceron.de,12,13,1.0833333333333333
bardstale.com,11,10,0.9090909090909091
akmuo.com,12,13,1.0833333333333333
collision.org,12,13,1.0833333333333333
anaalemir.com,16,17,1.0625
afwlt.com,7,6,0.8571428571428571
alechill.com,16,17,1.0625
ahrn.org,12,11,0.9166666666666666
annandjason.com,11,10,0.9090909090909091
blogestates.com,33,36,1.0909090909090908
blueconsole.com,13,14,1.0769230769230769
clarix.ch,24,25,1.0416666666666667
chocolademedaille.com,12,13,1.0833333333333333
baystateservices.com,19,21,1.105263157894737
266.at,18,19,1.0555555555555556
alipircivan.com,25,26,1.04
buyuglyboots.com,13,14,1.0769230769230769
calikoglu.de,14,15,1.0714285714285714
bvuw.com,12,13,1.0833333333333333
5978x.com,3,2,0.6666666666666666
baudoc.com,10,9,0.9
2play.eu,12,13,1.0833333333333333
1565.de,12,13,1.0833333333333333
95434.com,14,13,0.9285714285714286
3d-screen.com,13,13,1.0
babynurseryfurniture.net,12,13,1.0833333333333333
83992.com,12,13,1.0833333333333333
aljisser.org,12,13,1.0833333333333333
amnetcorp.com,32,34,1.0625
a8710.cn,5,4,0.8
centrodedns.net,8,7,0.875
0nhl.com,15,15,1.0
cg900.com,5,4,0.8
bmlsearch.com,12,11,0.9166666666666666
chnmart.com,5,4,0.8
aurorabooksandgems.com,17,16,0.9411764705882353
abatia.com,17,16,0.9411764705882353
cantwellvisiontherapy.com,11,10,0.9090909090909091
aeroad.net,18,21,1.1666666666666667
chipadams.net,15,14,0.9333333333333333
bokea.net,15,16,1.0666666666666667
135xxoo.com,14,13,0.9285714285714286
5gugu.com,17,17,1.0
2012quantumleap.com,16,16,1.0
cncom.net,5,5,1.0
98fang.com,12,12,1.0
advocacy-in-education.com,12,11,0.9166666666666666
bostancik.net,22,23,1.0454545454545454
alrabita.org,12,13,1.0833333333333333
carlowrightgifts.com,12,13,1.0833333333333333
atlanta2.com,14,15,1.0714285714285714
atlaswholesalefood.com,15,14,0.9333333333333333
bababababuhbuhbuhbuh.com,11,10,0.9090909090909091
bursatiles.com,12,13,1.0833333333333333
camaroconcept.com,17,18,1.0588235294117647
believegod.org,12,11,0.9166666666666666
argsy.com,15,16,1.0666666666666667
cartografic.com,12,13,1.0833333333333333
claup.com,12,13,1.0833333333333333
cheapedhardyforsale.com,17,16,0.9411764705882353
beautifier.org,11,10,0.9090909090909091
basecamps.net,12,13,1.0833333333333333
6club.at,18,21,1.1666666666666667
biomass1.com,14,15,1.0714285714285714
austro.net,18,20,1.1111111111111112
3df.info,12,13,1.0833333333333333
blackberryapp.com,17,16,0.9411764705882353
21k8.com,7,6,0.8571428571428571
aprendevbsql.com,15,16,1.0666666666666667
checklist.at,18,17,0.9444444444444444
buraca.com,14,15,1.0714285714285714
cdproductions.net,12,13,1.0833333333333333
2wwzz.com,12,11,0.9166666666666666
aykayk.net,13,14,1.0769230769230769
agilecookbook.com,15,16,1.0666666666666667
bkbw.com,32,41,1.28125
athomeeducation.com,26,31,1.1923076923076923
arumu.net,19,18,0.9473684210526315
actionflash.net,17,16,0.9411764705882353
arattek.com,20,22,1.1
b9086.cn,5,4,0.8
biby.de,13,14,1.0769230769230769
8esf.com,9,8,0.8888888888888888
367.eu,10,9,0.9
bananageorge.com,11,10,0.9090909090909091
buddyproject.org,14,16,1.1428571428571428
arab-rationalists.com,14,13,0.9285714285714286
acvv.com,12,13,1.0833333333333333
apsall.fr,15,16,1.0666666666666667
canadajob.de,12,13,1.0833333333333333
17zkj.com,13,12,0.9230769230769231
alberto.tv,16,15,0.9375
benacushotel.com,12,11,0.9166666666666666
aachener.com,13,14,1.0769230769230769
canlblog.com,18,21,1.1666666666666667
cherokeetechniques.com,13,12,0.9230769230769231
96xc.com,14,13,0.9285714285714286
35000.fr,12,13,1.0833333333333333
alvaautomation.com,12,11,0.9166666666666666
captureweb.com,14,15,1.0714285714285714
averi.hr,26,29,1.1153846153846154
87985.com,12,13,1.0833333333333333
bagrat.com,13,14,1.0769230769230769
cecois.com,15,17,1.1333333333333333
228cq.com,11,10,0.9090909090909091
camaradecomerciotepa.com,17,17,1.0
candyrain.com,15,16,1.0666666666666667
1universe.com,13,14,1.0769230769230769
7katugaztetxea.com,21,20,0.9523809523809523
artprojects.de,13,14,1.0769230769230769
aappel.com,12,13,1.0833333333333333
180design.com,12,11,0.9166666666666666
acusys.ru,18,17,0.9444444444444444
ballfest.de,12,13,1.0833333333333333
abroms.org,13,12,0.9230769230769231
bariquans.com,16,17,1.0625
adventzeit.de,14,15,1.0714285714285714
collegestudentsrule.com,21,20,0.9523809523809523
3padmin.com,17,16,0.9411764705882353
bidntrade.com,23,24,1.0434782608695652
blasio.com,12,13,1.0833333333333333
a-star.de,12,13,1.0833333333333333
4idol.eu,12,13,1.0833333333333333
05633.de,12,13,1.0833333333333333
37east.com,21,22,1.0476190476190477
chelsearaellehobbs.com,15,16,1.0666666666666667
amzs.com,18,19,1.0555555555555556
automaps.de,12,13,1.0833333333333333
adoring-mickie.net,15,16,1.0666666666666667
acornconceptsllc.com,16,18,1.125
31108.com,13,13,1.0
b-room.com,18,17,0.9444444444444444
b3d7yy.com,16,17,1.0625
aucu.com,54,62,1.1481481481481481
aprilblog.com,15,16,1.0666666666666667
assures.net,11,10,0.9090909090909091
ayshelife.com,15,16,1.0666666666666667
boyfriendtv.com,61,72,1.180327868852459
b9945.cn,5,4,0.8
claia.com,12,13,1.0833333333333333
789dh.com,5,4,0.8
2ndadamrecords.com,13,13,1.0
airmilitaire.com,11,10,0.9090909090909091
aeroporty.com,13,14,1.0769230769230769
adm.bz,20,20,1.0
avenido.com,13,14,1.0769230769230769
caracter.org,12,13,1.0833333333333333
biura.com,12,13,1.0833333333333333
basting.com,20,21,1.05
22nov.com,12,13,1.0833333333333333
apnapakistan.com,22,21,0.9545454545454546
4svi.com,15,14,0.9333333333333333
claytonautos.com,10,9,0.9
brown-recluse-spiders.com,14,14,1.0
collegelifequotes.com,14,15,1.0714285714285714
acmewisp.com,19,18,0.9473684210526315
911forthetruth.com,24,29,1.2083333333333333
82751.com,12,13,1.0833333333333333
clickmore.de,13,14,1.0769230769230769
0816t.com,4,4,1.0
codejawa.com,27,31,1.1481481481481481
cdnh.com,12,13,1.0833333333333333
18weststudios.com,14,13,0.9285714285714286
2ch.org,11,10,0.9090909090909091
betsu.net,20,21,1.05
bonchando.com,17,16,0.9411764705882353
78cm.com,12,13,1.0833333333333333
azoundria.com,17,16,0.9411764705882353
awlan.de,12,13,1.0833333333333333
b5397.cn,5,4,0.8
andersonlendinggroup.com,15,16,1.0666666666666667
arafo.net,12,13,1.0833333333333333
arroyave.com,13,14,1.0769230769230769
americascup.net,10,9,0.9
amiably.de,15,16,1.0666666666666667
4x4lot.com,13,14,1.0769230769230769
achotel.com,13,14,1.0769230769230769
benzinabscheider.de,17,18,1.0588235294117647
17lyx.com,15,16,1.0666666666666667
bahrainpoise.com,12,11,0.9166666666666666
blograkter.com,12,13,1.0833333333333333
anticosti.ca,16,15,0.9375
ciaorobot.org,12,11,0.9166666666666666
boatdeck.com,12,13,1.0833333333333333
aqaurium.com,13,14,1.0769230769230769
bid4it.com,14,15,1.0714285714285714
artspots.com,71,108,1.5211267605633803
a85.net,12,13,1.0833333333333333
buycialisrxusa.info,12,13,1.0833333333333333
ajmaia.com,15,15,1.0
bompenger.com,12,13,1.0833333333333333
bruderbund.com,13,14,1.0769230769230769
bharathkumar.com,17,16,0.9411764705882353
amecamexico.org,12,13,1.0833333333333333
churchofeuthanasia.com,12,13,1.0833333333333333
americansex.com,20,19,0.95
bestrapidlinks.info,16,15,0.9375
animemallhosting2011.com,25,27,1.08
bostonfreightterminals.com,13,12,0.9230769230769231
4a4.at,13,14,1.0769230769230769
1800allmeds.com,17,20,1.1764705882352942
autopuglia.com,14,13,0.9285714285714286
47cm.com,13,14,1.0769230769230769
buildmusclegains.com,14,13,0.9285714285714286
b695.cn,5,4,0.8
coleigene.net,23,24,1.0434782608695652
44g.com,18,17,0.9444444444444444
akaer.com,20,19,0.95
awai.org,15,16,1.0666666666666667
batterblaster.com,12,11,0.9166666666666666
carautos.info,18,17,0.9444444444444444
coconutoilsoap.org,12,11,0.9166666666666666
ce2l.net,51,67,1.3137254901960784
bestteethwhitening.biz,15,16,1.0666666666666667
articlesfusion.com,15,16,1.0666666666666667
a7913.cn,5,4,0.8
analbr.net,12,13,1.0833333333333333
brevkort.com,14,15,1.0714285714285714
9862mm.com,15,16,1.0666666666666667
123pichosting.com,15,16,1.0666666666666667
birdhouseproductions.net,17,16,0.9411764705882353
ads-exposed.com,12,13,1.0833333333333333
ahxv.com,19,18,0.9473684210526315
acccement.com,14,16,1.1428571428571428
b7287.cn,5,4,0.8
aerosciences.com,21,20,0.9523809523809523
charites.info,13,14,1.0769230769230769
calbps.com,15,17,1.1333333333333333
buynom.com,18,17,0.9444444444444444
cilacap-online.info,12,13,1.0833333333333333
cinemahouse.net,15,16,1.0666666666666667
aimbry.com,15,16,1.0666666666666667
blog-carcans-maubuisson.com,11,10,0.9090909090909091
21stud.com,12,13,1.0833333333333333
20915.com,12,13,1.0833333333333333
atsumaro.net,14,13,0.9285714285714286
artimuspyle.com,14,15,1.0714285714285714
centrokolbe.it,22,23,1.0454545454545454
asxdata.com,15,16,1.0666666666666667
amcham.net,12,13,1.0833333333333333
booksfor.org,13,12,0.9230769230769231
civismtp.com,14,13,0.9285714285714286
anchorfloordesigns.com,17,18,1.0588235294117647
checkcashingloans.com,10,9,0.9
ahmyqd.net,8,7,0.875
bogmail.com,19,18,0.9473684210526315
berufsblog.de,14,15,1.0714285714285714
citylinking.com,17,16,0.9411764705882353
adcjzp.com,15,16,1.0666666666666667
carminia.org,14,15,1.0714285714285714
aabbj.com,12,11,0.9166666666666666
9wi.org,12,13,1.0833333333333333
buyworldshoes.com,12,11,0.9166666666666666
adamsentertainment.de,20,23,1.15
cfmbb.org,14,13,0.9285714285714286
ayero.com,12,13,1.0833333333333333
buyreloadingequipment.com,16,17,1.0625
asmk.com,12,13,1.0833333333333333
carnavalesbarranquilla.com,22,21,0.9545454545454546
anihilator.com,12,13,1.0833333333333333
cloudcold.com,21,20,0.9523809523809523
3205.de,13,14,1.0769230769230769
bandeaumalin.com,19,19,1.0
cambodiablog.com,15,16,1.0666666666666667
benderloch.net,16,18,1.125
brokenstreams.com,12,13,1.0833333333333333
4bnaat.com,18,17,0.9444444444444444
7n.net,22,21,0.9545454545454546
alienethos.com,12,13,1.0833333333333333
20hs.com,12,13,1.0833333333333333
bj-qs.com,12,12,1.0
bullchan.net,13,14,1.0769230769230769
checkalternative.com,19,18,0.9473684210526315
798ds.com,10,9,0.9
best-multivitamin.info,15,14,0.9333333333333333
adiddas.at,13,14,1.0769230769230769
247nigeria.com,15,14,0.9333333333333333
arewatch.com,22,27,1.2272727272727273
colombiya.com,14,15,1.0714285714285714
ahtb.com,12,13,1.0833333333333333
agaymac.com,13,12,0.9230769230769231
cherrycountynoida.com,16,15,0.9375
brandvocal.com,18,17,0.9444444444444444
anttiahokas.com,11,10,0.9090909090909091
attackinblack.com,17,16,0.9411764705882353
cityofperfumes.com,14,15,1.0714285714285714
bv13.cn,5,4,0.8
ccmdit.com,6,5,0.8333333333333334
bushed.net,12,13,1.0833333333333333
a3917.cn,5,4,0.8
africalinuxchix.org,12,13,1.0833333333333333
arbeitsspeicher.eu,11,10,0.9090909090909091
cheekwelder.com,15,14,0.9333333333333333
bifk.com,12,13,1.0833333333333333
bobssaversquad.info,13,12,0.9230769230769231
article-heaven.com,16,15,0.9375
bodykits.biz,15,14,0.9333333333333333
c5247.cn,5,4,0.8
app-shop.info,12,13,1.0833333333333333
c7w9.com,13,12,0.9230769230769231
0034gallery.com,22,21,0.9545454545454546
a211.com,12,13,1.0833333333333333
a-rage.com,15,16,1.0666666666666667
astralan.com,13,12,0.9230769230769231
aknw.com,14,15,1.0714285714285714
albertomilone.eu,12,13,1.0833333333333333
aerodynamicsmetalfinishing.com,10,9,0.9
acessation.com,24,26,1.0833333333333333
c5827.cn,5,4,0.8
berger-meier-jazzband.de,15,14,0.9333333333333333
alvinplantinga.net,19,20,1.0526315789473684
byzants.com,51,63,1.2352941176470589
6trb.com,12,13,1.0833333333333333
2soundtracks.com,17,16,0.9411764705882353
burkedeco.com,19,18,0.9473684210526315
121dvds.com,16,17,1.0625
abrasiveblastingequipment.com,12,13,1.0833333333333333
bloh.net,12,13,1.0833333333333333
baysay.com,12,13,1.0833333333333333
alajab.com,12,11,0.9166666666666666
a7715.cn,5,4,0.8
catface.com,17,16,0.9411764705882353
14y.com,12,13,1.0833333333333333
0571hzsm.com,17,16,0.9411764705882353
07744.org,13,12,0.9230769230769231
ailqche.net,12,11,0.9166666666666666
co-2.com,12,13,1.0833333333333333
chikubi.net,12,11,0.9166666666666666
cgtextures.net,15,16,1.0666666666666667
accuraterip.com,11,10,0.9090909090909091
1wc.org,11,10,0.9090909090909091
chinatowns.cn,15,16,1.0666666666666667
b7713.cn,5,4,0.8
9buy9.com,15,15,1.0
cdprojekt.info,11,11,1.0
bogactwo.com,25,30,1.2
4golfs.com,12,13,1.0833333333333333
choosyhotdog.de,13,14,1.0769230769230769
aballofwax.com,12,13,1.0833333333333333
anglo.fr,12,13,1.0833333333333333
05437.de,12,13,1.0833333333333333
cgy.at,13,14,1.0769230769230769
angutech.com,13,12,0.9230769230769231
clinicaloptions.com,27,28,1.037037037037037
cantinhodocuruca.com,13,12,0.9230769230769231
aaacig.org,11,10,0.9090909090909091
clickundwarm.de,14,15,1.0714285714285714
caffeinedd.com,17,16,0.9411764705882353
clubbeetle.com,15,16,1.0666666666666667
arcadiya.biz,18,17,0.9444444444444444
cienv.com,17,17,1.0
addpublic.com,18,20,1.1111111111111112
cliftonadams.com,15,16,1.0666666666666667
chilenospatiperros.com,13,14,1.0769230769230769
clink.net,13,13,1.0
02843.de,12,13,1.0833333333333333
bonjourlove.com,12,13,1.0833333333333333
bugando.org,10,9,0.9
asman7.com,11,11,1.0
bintai.com,12,13,1.0833333333333333
christysluxuryunder20.com,14,16,1.1428571428571428
chelseafc.org,15,14,0.9333333333333333
afreshbunch.com,10,9,0.9
591jk.org,5,4,0.8
2087.de,12,13,1.0833333333333333
bankholidays.net,12,13,1.0833333333333333
2guyscatering.com,14,15,1.0714285714285714
bgteam.net,14,15,1.0714285714285714
asccf.com,149,239,1.604026845637584
bmx20.com,11,10,0.9090909090909091
05056.de,12,13,1.0833333333333333
a9323.cn,5,4,0.8
afreeiqtest.com,18,17,0.9444444444444444
alliancesanfilippo.com,14,13,0.9285714285714286
82koo.com,11,10,0.9090909090909091
artlibris.com,14,15,1.0714285714285714
appinsect.com,20,20,1.0
9ici.com,15,14,0.9333333333333333
castlewars.org,20,22,1.1
ashokagears.com,19,19,1.0
clearwaterfl.org,10,9,0.9
acdelco.eu,12,13,1.0833333333333333
amphia.net,13,12,0.9230769230769231
cerenhindistan.com,13,14,1.0769230769230769
chantevieze.ch,19,18,0.9473684210526315
11qn.com,13,12,0.9230769230769231
57fm.com,16,15,0.9375
c3qs.com,13,12,0.9230769230769231
123contactform.com,24,31,1.2916666666666667
a1cvp0710.com,19,22,1.1578947368421053
breakspeare.com,15,16,1.0666666666666667
bbic.org,12,13,1.0833333333333333
bbzayy.com,9,8,0.8888888888888888
biostar.ru,22,21,0.9545454545454546
asesp.com,14,13,0.9285714285714286
bouyguestelecomcaraibe.com,17,18,1.0588235294117647
biirbeh.com,13,12,0.9230769230769231
9502.com,12,13,1.0833333333333333
casualclothes.net,12,13,1.0833333333333333
blackmoms.com,20,21,1.05
alsosee.com,12,13,1.0833333333333333
chs5h06.com,23,27,1.173913043478261
allps3.com,23,27,1.173913043478261
5x5x5.com,17,16,0.9411764705882353
alqassam.net,12,13,1.0833333333333333
cafe056.net,14,15,1.0714285714285714
409.fr,12,13,1.0833333333333333
bunners.com,12,13,1.0833333333333333
4zed.com,21,26,1.2380952380952381
antarctica.ca,12,13,1.0833333333333333
adiu.com,54,62,1.1481481481481481
c8435.cn,5,4,0.8
bleiben-sie-jung.de,17,17,1.0
buckfutter.com,12,13,1.0833333333333333
aflmak.com,40,47,1.175
66kp.com,11,11,1.0
claret.eu,12,13,1.0833333333333333
aleksey.de,13,14,1.0769230769230769
anavms.com,13,12,0.9230769230769231
abacusasia.com,19,18,0.9473684210526315
appalachiantails.com,18,17,0.9444444444444444
amontessorimusingplace.org,21,20,0.9523809523809523
bibleforu.com,16,15,0.9375
carrentaladvice.net,12,13,1.0833333333333333
2candoit.com,8,7,0.875
algebra.de,9,8,0.8888888888888888
blindvision.com,12,13,1.0833333333333333
bainmarie.org,16,15,0.9375
ax88c.com,3,2,0.6666666666666666
arizonaforeclosureandreo.com,13,12,0.9230769230769231
88263.com,13,14,1.0769230769230769
bellatini.com,14,14,1.0
brimas.com,12,13,1.0833333333333333
abrikozenpit.com,14,15,1.0714285714285714
bucur.org,12,11,0.9166666666666666
certifiedmasterinspector.org,30,29,0.9666666666666667
campustopic.com,21,26,1.2380952380952381
beliant.net,15,16,1.0666666666666667
ciget.com,12,13,1.0833333333333333
angleterre.com,13,14,1.0769230769230769
37jw.com,18,20,1.1111111111111112
clubsunrise.com,12,13,1.0833333333333333
al7aq.com,14,15,1.0714285714285714
bandycast.com,5,4,0.8
allstudentloan.net,14,13,0.9285714285714286
2541.de,12,13,1.0833333333333333
beve.net,13,14,1.0769230769230769
absurdpectoral.com,13,12,0.9230769230769231
bipolarite.fr,12,13,1.0833333333333333
adclonengage.info,14,14,1.0
aewebdesign.com,20,19,0.95
90vi.com,13,13,1.0
choicesyouthgroup.com,14,13,0.9285714285714286
classic69.com,21,22,1.0476190476190477
clearbutton.com,15,16,1.0666666666666667
bet-almin.com,21,20,0.9523809523809523
082.fr,12,13,1.0833333333333333
ccmonroe.com,11,11,1.0
cherryofaride.com,13,14,1.0769230769230769
1ezauction.com,16,16,1.0
blujean.com,12,13,1.0833333333333333
bjela.org,16,15,0.9375
01u.net,22,21,0.9545454545454546
bishophillcolonybakery.com,20,19,0.95
altea.it,21,21,1.0
abomi.com,16,17,1.0625
apresskiguides.org,12,11,0.9166666666666666
braswell.net,13,13,1.0
3333.to,13,15,1.1538461538461537
bfla.net,10,9,0.9
49hr.com,11,11,1.0
blinkbits.de,13,15,1.1538461538461537
bozemanhotsprings.biz,12,13,1.0833333333333333
bigdance.net,20,21,1.05
bunkerforschung.de,12,13,1.0833333333333333
askmyobgyn.com,22,25,1.1363636363636365
c2526.cn,5,4,0.8
2sf2.com,11,10,0.9090909090909091
anpw.com,13,14,1.0769230769230769
bebida.com,13,14,1.0769230769230769
aots.cn,5,5,1.0
artprojects.eu,12,13,1.0833333333333333
169yst.com,13,12,0.9230769230769231
ag.gov,29,37,1.2758620689655173
c4528.cn,5,4,0.8
akv.fr,12,13,1.0833333333333333
addrm.com,13,12,0.9230769230769231
boltes.com,12,13,1.0833333333333333
blindswizard.com,16,15,0.9375
buzzup.co,12,13,1.0833333333333333
0595lr.com,3,2,0.6666666666666666
bhapps.com,13,15,1.1538461538461537
asianmediawatchdog.com,18,20,1.1111111111111112
celebritieshotphoto.com,17,16,0.9411764705882353
chyhareva.ru,18,19,1.0555555555555556
bculgbt.com,16,15,0.9375
chimba.net,13,14,1.0769230769230769
appservetech.com,26,26,1.0
1260.com,25,29,1.16
clickitprint.com,17,16,0.9411764705882353
auttarod.com,16,17,1.0625
asafeplace.org,17,16,0.9411764705882353
church1.net,13,14,1.0769230769230769
ciberneticas.com,12,13,1.0833333333333333
bvasd.com,15,16,1.0666666666666667
cafenyc.com,12,13,1.0833333333333333
1489.com,12,13,1.0833333333333333
buscatube.cl,18,21,1.1666666666666667
cheeseslice.com,20,21,1.05
alfossom.com,26,29,1.1153846153846154
allbetsareoff.com,28,35,1.25
appliedconnective.com,36,43,1.1944444444444444
b-f-t.com,13,14,1.0769230769230769
3000dailyleads.com,13,14,1.0769230769230769
chattas.com,16,15,0.9375
aiwy.com,12,13,1.0833333333333333
74382.de,12,13,1.0833333333333333
bordetnico.com,23,22,0.9565217391304348
awail.com,12,13,1.0833333333333333
188dy.net,9,9,1.0
china333.com,5,4,0.8
3aled.com,15,14,0.9333333333333333
c3860.cn,5,4,0.8
b5cc.com,22,21,0.9545454545454546
al-smra.com,17,16,0.9411764705882353
2unow.com,14,13,0.9285714285714286
athsp.net,22,26,1.1818181818181819
carcass.de,12,13,1.0833333333333333
agnes-schierhuber.at,13,14,1.0769230769230769
affiliatedsteel.com,20,19,0.95
barubian.net,21,20,0.9523809523809523
952345.com,11,10,0.9090909090909091
53v5.com,13,12,0.9230769230769231
2films.com,13,15,1.1538461538461537
aurorabr.com,15,16,1.0666666666666667
bridal-wish.com,11,10,0.9090909090909091
ashleyjos.com,14,13,0.9285714285714286
3dassetmanagement.com,16,15,0.9375
ajaxwebhosting.com,23,28,1.2173913043478262
archness.com,12,13,1.0833333333333333
carrosrebaixados.info,12,13,1.0833333333333333
12k.de,13,14,1.0769230769230769
boxguy.com,12,13,1.0833333333333333
antae.org,13,14,1.0769230769230769
atomicbadger.org,21,20,0.9523809523809523
chuckmunson.net,17,18,1.0588235294117647
awekom.com,15,16,1.0666666666666667
chen.fr,12,13,1.0833333333333333
52wxjt.com,12,13,1.0833333333333333
bisexualgirl.com,10,9,0.9
1394.com,12,13,1.0833333333333333
ainosuke.com,16,18,1.125
2136.de,12,13,1.0833333333333333
cheesegratermagazine.org,18,17,0.9444444444444444
artman21.com,14,13,0.9285714285714286
aowatl.com,12,13,1.0833333333333333
cados.com,14,15,1.0714285714285714
0311z.com,11,10,0.9090909090909091
asianselfdefense.com,13,12,0.9230769230769231
c3328.cn,5,4,0.8
88mediagroup.com,13,14,1.0769230769230769
coachmeforsuccess.com,16,15,0.9375
angiewarrenphotography.com,17,17,1.0
800qm.com,13,12,0.9230769230769231
carverlions.org,15,14,0.9333333333333333
clouseau.com,13,14,1.0769230769230769
achkinder.de,11,10,0.9090909090909091
beatlordzine.com,36,44,1.2222222222222223
arseworship.com,13,12,0.9230769230769231
bchen247.com,20,19,0.95
cdlserver.de,15,14,0.9333333333333333
afterschoolleague.org,16,15,0.9375
cirquedusoleil.com,65,68,1.0461538461538462
burgmauern.de,13,14,1.0769230769230769
clubsilviasaint.com,11,10,0.9090909090909091
coalgate.com,8,7,0.875
adtabs.net,18,17,0.9444444444444444
areasmoke.com,13,12,0.9230769230769231
05qz.com,5,4,0.8
alwade.net,12,13,1.0833333333333333
additionalinformation.com,15,16,1.0666666666666667
claudefrancoissimard.com,12,13,1.0833333333333333
birdl.com,11,10,0.9090909090909091
ard.de,100,128,1.28
colinarcher.it,13,14,1.0769230769230769
cdf2009.com,6,5,0.8333333333333334
attrezzature.com,13,14,1.0769230769230769
americasgreatest.net,15,16,1.0666666666666667
aadelgazar.com,15,14,0.9333333333333333
berverly.com,13,14,1.0769230769230769
ballewlaw.com,14,14,1.0
ammprc.com,12,13,1.0833333333333333
bakolife.com,13,12,0.9230769230769231
best-christmas-gift-ideas.info,12,13,1.0833333333333333
bontil.com,12,13,1.0833333333333333
australianbootsone.com,12,13,1.0833333333333333
82391.com,12,13,1.0833333333333333
canaldirecto.org,18,17,0.9444444444444444
citywatch.net,12,13,1.0833333333333333
birisine.com,12,13,1.0833333333333333
34364.com,14,15,1.0714285714285714
amt-eiderkanal.de,15,16,1.0666666666666667
2x2d.com,13,12,0.9230769230769231
666-satan.com,14,15,1.0714285714285714
99ev.com,10,9,0.9
auhur.com,13,13,1.0
94ttk.com,13,14,1.0769230769230769
boxwhisker.com,16,17,1.0625
appsmash.net,16,17,1.0625
circumvent.net,12,13,1.0833333333333333
95158.de,12,13,1.0833333333333333
clearupmydebtnow.com,17,16,0.9411764705882353
cepslide.com,13,14,1.0769230769230769
botay.com,8,7,0.875
aw609.net,15,15,1.0
bellyfat.de,14,13,0.9285714285714286
clubvirgins.com,37,41,1.1081081081081081
800jahre-goehlsdorf.de,15,14,0.9333333333333333
anartic.com,12,13,1.0833333333333333
aktifhaber.com,32,37,1.15625
adenosines.com,20,21,1.05
brandestiny.com,13,14,1.0769230769230769
ckny.com,12,13,1.0833333333333333
ad-sun.com,14,15,1.0714285714285714
bluejupiternetworks2.com,22,26,1.1818181818181819
addictsanonymous.biz,19,18,0.9473684210526315
acpid.com,16,17,1.0625
booksofvk.com,15,16,1.0666666666666667
anlimits.ru,19,21,1.105263157894737
buhagiar.com,15,16,1.0666666666666667
ashton-kutcher.us,21,22,1.0476190476190477
budgeteliteserver.nl,24,26,1.0833333333333333
affiliatedwestern.com,16,15,0.9375
c2373.cn,5,4,0.8
272mail.com,21,20,0.9523809523809523
abreev8.com,22,21,0.9545454545454546
caif.com,12,13,1.0833333333333333
acciona-travelling.com,15,16,1.0666666666666667
asbaumhosting.com,22,26,1.1818181818181819
cintaibu.com,12,13,1.0833333333333333
augmenter.ca,11,10,0.9090909090909091
bxyj.com,13,14,1.0769230769230769
coffeewholesale.com,15,16,1.0666666666666667
alfa-palette.jp,15,16,1.0666666666666667
alexanderbecquer.com,18,17,0.9444444444444444
bkdb.de,12,13,1.0833333333333333
b6.de,12,13,1.0833333333333333
chathamstudiotour.com,19,19,1.0
atatwalker.com,15,16,1.0666666666666667
archiscene.net,18,17,0.9444444444444444
c1733.cn,5,4,0.8
123converter.com,12,13,1.0833333333333333
cebiz.de,14,15,1.0714285714285714
acegals.com,14,15,1.0714285714285714
abrasiva.com,13,14,1.0769230769230769
bunera.com,15,16,1.0666666666666667
cjoo.com,15,15,1.0
boo-boo.com,22,21,0.9545454545454546
blackbox.ru,31,32,1.032258064516129
bjclaw.net,12,11,0.9166666666666666
cbsepublicportal.com,15,16,1.0666666666666667
31to.com,13,12,0.9230769230769231
afia.tv,19,22,1.1578947368421053
7730.com,8,7,0.875
allthingsfeathered.net,14,13,0.9285714285714286
beachworld.ch,12,13,1.0833333333333333
a1usa.net,16,17,1.0625
5age.com,12,13,1.0833333333333333
56gmc.com,13,14,1.0769230769230769
blumenthaluniformstore.com,30,35,1.1666666666666667
3vvv.com,10,9,0.9
benttroutlake.com,18,20,1.1111111111111112
almqlbi.com,13,12,0.9230769230769231
beltresource.com,15,14,0.9333333333333333
butter-fly.de,13,14,1.0769230769230769
brutalkicks.com,16,15,0.9375
borghiditoscana.com,17,16,0.9411764705882353
antilottery.net,13,12,0.9230769230769231
alkh.com,13,15,1.1538461538461537
antjes.com,12,13,1.0833333333333333
alsoot.net,13,14,1.0769230769230769
chilambalam.com,15,16,1.0666666666666667
aionwiki.de,18,21,1.1666666666666667
battery.pk,13,14,1.0769230769230769
chatmania.gr,24,26,1.0833333333333333
33658.com,13,12,0.9230769230769231
becaler.com,16,15,0.9375
basketcasefarm.com,11,10,0.9090909090909091
cockk.com,12,13,1.0833333333333333
asol-d.com,14,14,1.0
angellonline.com,17,17,1.0
21cad.com,12,13,1.0833333333333333
bullen.com,18,21,1.1666666666666667
argue4free.com,15,16,1.0666666666666667
breakdancin.com,15,16,1.0666666666666667
americanhustle-themovie.com,13,14,1.0769230769230769
cayel.org,13,12,0.9230769230769231
chinaparty.net,14,14,1.0
06296.de,12,13,1.0833333333333333
03865.de,12,13,1.0833333333333333
brand-driven-marketing.com,28,29,1.0357142857142858
bluecollarmusic.com,12,13,1.0833333333333333
advpanel.com,13,14,1.0769230769230769
allaboutweb.com,12,13,1.0833333333333333
behanced.net,17,18,1.0588235294117647
becobabycarrier.com,10,9,0.9
c3719.cn,5,4,0.8
agamel.com,10,9,0.9
chavgangs.com,17,18,1.0588235294117647
balharboursurgery.com,28,35,1.25
algue.com,12,13,1.0833333333333333
30pluslove.com,22,21,0.9545454545454546
abortedfetus.com,15,16,1.0666666666666667
bettysdanesandyorkies.com,13,12,0.9230769230769231
bellevue-arbon.ch,18,17,0.9444444444444444
aveyronweb.com,18,17,0.9444444444444444
8mix.com,15,15,1.0
82gao.com,13,12,0.9230769230769231
atitproductions.com,27,28,1.037037037037037
availabletickets.com,12,13,1.0833333333333333
4dumas.com,11,10,0.9090909090909091
ards.com,12,13,1.0833333333333333
43594.com,9,8,0.8888888888888888
allzweckreifen.de,13,14,1.0769230769230769
asasvata.net,12,12,1.0
chax.cc,14,13,0.9285714285714286
bonuspage.com,14,13,0.9285714285714286
101asian.com,24,29,1.2083333333333333
94536.de,12,13,1.0833333333333333
celebrityquotes.com,12,13,1.0833333333333333
bechet.com,12,13,1.0833333333333333
blaver.com,12,13,1.0833333333333333
47816.com,12,13,1.0833333333333333
clippy-funny.com,15,16,1.0666666666666667
angryziber.com,16,15,0.9375
101freebies.com,13,14,1.0769230769230769
aguima.com,14,15,1.0714285714285714
anne-catrin-maerzke.de,14,15,1.0714285714285714
bjxyyd.com,10,9,0.9
animallife-connection.com,13,14,1.0769230769230769
az777.com,13,12,0.9230769230769231
centralgwinnett.org,18,17,0.9444444444444444
7m6m.com,14,15,1.0714285714285714
cheapballgowns.org,18,17,0.9444444444444444
baghdadpharmacycollege.com,12,13,1.0833333333333333
2sw2r.com,27,32,1.1851851851851851
bivar.org,9,8,0.8888888888888888
block-club.com,21,20,0.9523809523809523
churcheventpromotion.com,15,16,1.0666666666666667
amirna.com,15,15,1.0
bullshead.net,11,10,0.9090909090909091
bowling21.de,12,13,1.0833333333333333
chulkov.com,13,14,1.0769230769230769
87brush.com,5,4,0.8
aa550.com,14,13,0.9285714285714286
bnpz.com,12,13,1.0833333333333333
ceoppse3.com,12,11,0.9166666666666666
barbarossa-musik.de,12,13,1.0833333333333333
c2399.cn,5,4,0.8
1dei.com,11,11,1.0
badmad.com,16,17,1.0625
alcek.com,17,16,0.9411764705882353
acarajazz.com,12,11,0.9166666666666666
best-valuerugs.com,11,10,0.9090909090909091
avgfree.com,24,23,0.9583333333333334
bynews.eu,12,13,1.0833333333333333
chutt.com,14,15,1.0714285714285714
arraydesign.com,17,16,0.9411764705882353
abusora.com,17,18,1.0588235294117647
camcorders123.com,14,13,0.9285714285714286
abouit.com,9,8,0.8888888888888888
apachefriends.com,13,14,1.0769230769230769
ajaja.de,12,13,1.0833333333333333
bronnoy.no,34,40,1.1764705882352942
beatboxperu.com,11,10,0.9090909090909091
brightshinecleaninginc.com,14,13,0.9285714285714286
auflauern.de,12,13,1.0833333333333333
bear.tv,13,12,0.9230769230769231
46362.com,10,9,0.9
aerflo.com,19,21,1.105263157894737
cienciasecognicao.org,23,25,1.0869565217391304
carolinebright.org,16,15,0.9375
blackopal.org,12,13,1.0833333333333333
cleanairconservancy.org,13,12,0.9230769230769231
1gbserver.com,14,15,1.0714285714285714
cahapa.com,12,13,1.0833333333333333
cityofficers.net,14,14,1.0
blusky.net,18,17,0.9444444444444444
b8w.de,12,13,1.0833333333333333
bjmdc.com,9,8,0.8888888888888888
abjds.net,13,14,1.0769230769230769
betterkitchensandbaths.net,14,13,0.9285714285714286
airfixtoysoldiers.info,14,15,1.0714285714285714
bamleads.net,15,14,0.9333333333333333
abkmv.info,12,13,1.0833333333333333
colfieldservicemonitor.com,11,10,0.9090909090909091
1amex.com,14,14,1.0
arosi.net,15,16,1.0666666666666667
avazz.net,12,13,1.0833333333333333
0-emission.de,14,15,1.0714285714285714
alternativfrage.de,15,14,0.9333333333333333
applac.com,16,17,1.0625
amsterdamcanal.com,12,13,1.0833333333333333
bisforbrownie.com,22,21,0.9545454545454546
02ps.com,5,4,0.8
cobramuseum.eu,19,21,1.105263157894737
addictivegames.eu,12,13,1.0833333333333333
1947.de,14,13,0.9285714285714286
brunswickshow.com,11,10,0.9090909090909091
childhoodphonics.com,15,16,1.0666666666666667
affect.org,12,13,1.0833333333333333
2202.de,12,13,1.0833333333333333
b914.cn,5,4,0.8
bloggum.com,950,950,1.0
bacschool.com,15,16,1.0666666666666667
11wyl.com,13,12,0.9230769230769231
b2207.cn,5,4,0.8
assinar.com,12,13,1.0833333333333333
cappers.at,14,15,1.0714285714285714
autoparts123.com,14,14,1.0
boldfaced.com,13,14,1.0769230769230769
cascas.com,12,13,1.0833333333333333
channelyourenergy.org,14,13,0.9285714285714286
atriumsociety.org,11,10,0.9090909090909091
bpauto.com,10,9,0.9
boro.net,11,10,0.9090909090909091
alumnigmni.org,16,17,1.0625
cambridgedna.com,15,14,0.9333333333333333
colportage.net,11,10,0.9090909090909091
agstesting.com,16,18,1.125
aminado.de,12,13,1.0833333333333333
calument.com,12,13,1.0833333333333333
cn-qb.cn,1,0,0.0
chsn.org,15,16,1.0666666666666667
bataanbeachresorts.com,12,13,1.0833333333333333
brokenspeakers.com,29,32,1.103448275862069
animefocus.com,22,25,1.1363636363636365
champagnehorses.net,11,10,0.9090909090909091
caneweaver.com,20,21,1.05
chateiland.com,9,8,0.8888888888888888
collectibles-n-jewelry.com,10,10,1.0
cellphones-stuff.info,18,17,0.9444444444444444
artlist.org,17,16,0.9411764705882353
938wyt.com,13,12,0.9230769230769231
abcpharma.net,14,13,0.9285714285714286
checkb.de,12,13,1.0833333333333333
bb97.com,13,12,0.9230769230769231
cdash.org,17,17,1.0
canyouplaythatonesong.com,11,10,0.9090909090909091
acollege.net,13,12,0.9230769230769231
andrevenancio.com,18,21,1.1666666666666667
0aay.com,11,10,0.9090909090909091
caiuc.com,16,15,0.9375
blogrunde.eu,262,343,1.3091603053435115
azarja.com,15,16,1.0666666666666667
americanfreedombybarbara.com,21,20,0.9523809523809523
airant.com,12,11,0.9166666666666666
astral-ara.org,4,3,0.75
blogki.com,15,15,1.0
axeheads.com,20,21,1.05
centcent.com,13,12,0.9230769230769231
alphapetstore.com,13,14,1.0769230769230769
bioshelters.org,13,12,0.9230769230769231
chcic.org,13,13,1.0
amulety.com,17,17,1.0
catimp.com,19,18,0.9473684210526315
alcools.net,11,10,0.9090909090909091
buildinginsights.com,11,11,1.0
brandicoot.net,21,26,1.2380952380952381
astaraasnaf.com,19,20,1.0526315789473684
bronchiole.com,12,13,1.0833333333333333
chequebook.net,12,13,1.0833333333333333
bttfturk.com,16,17,1.0625
648.eu,15,14,0.9333333333333333
acca.ch,12,13,1.0833333333333333
chinesezodiac.com,17,16,0.9411764705882353
0769yd.com,14,13,0.9285714285714286
awe-inspired.com,22,27,1.2272727272727273
bestinver.es,22,21,0.9545454545454546
73ol.com,7,7,1.0
bengalpolls.org,16,17,1.0625
buyxp.com,12,13,1.0833333333333333
anicamenterprises.com,16,15,0.9375
4man4.com,16,17,1.0625
54-9od.com,9,8,0.8888888888888888
bootyheaven.com,12,13,1.0833333333333333
abundance.cn,11,10,0.9090909090909091
coleslaws.com,12,13,1.0833333333333333
ciudb.com,13,12,0.9230769230769231
animationblog.org,21,20,0.9523809523809523
b9437.cn,5,4,0.8
9twh.com,10,9,0.9
bhdkj.com,9,8,0.8888888888888888
cliffscott.com,22,23,1.0454545454545454
77285.com,12,13,1.0833333333333333
ameerkhan.com,12,13,1.0833333333333333
0734e.com,13,12,0.9230769230769231
clifford.ch,12,13,1.0833333333333333
bahntransport.net,12,13,1.0833333333333333
aames.net,14,15,1.0714285714285714
bfdcu.com,9,8,0.8888888888888888
biologicaladvantage.com,14,15,1.0714285714285714
canadadc.com,22,27,1.2272727272727273
bookeyeusa.com,13,12,0.9230769230769231
chazzer.com,15,16,1.0666666666666667
az-sv.com,18,21,1.1666666666666667
barranch.com,12,13,1.0833333333333333
a-distance.com,14,15,1.0714285714285714
caci.com,214,218,1.0186915887850467
badplaas.com,13,14,1.0769230769230769
bohemiantapestry-mylife.com,21,20,0.9523809523809523
birddogs.com,15,16,1.0666666666666667
blackgoldsystems.com,14,15,1.0714285714285714
bellywomen.net,13,14,1.0769230769230769
2syj.com,13,12,0.9230769230769231
bydgoski.pl,34,45,1.3235294117647058
aaronavideos.com,16,17,1.0625
birminghamchimney.com,12,13,1.0833333333333333
42605.com,12,13,1.0833333333333333
colinmcrae.es,12,13,1.0833333333333333
airfrance-promotion.de,16,15,0.9375
argaotourism.com,12,11,0.9166666666666666
ccyn.com,12,13,1.0833333333333333
agmos.de,17,17,1.0
bezu.com,12,13,1.0833333333333333
ccau.net,14,15,1.0714285714285714
adelfo.it,13,14,1.0769230769230769
colombiax.com,14,15,1.0714285714285714
alicanteplus.es,12,13,1.0833333333333333
asisfiles.net,14,13,0.9285714285714286
7qzh.com,11,11,1.0
2hotchilipeppers.com,19,18,0.9473684210526315
ballardmorgandmd.com,13,12,0.9230769230769231
bvwq.com,12,13,1.0833333333333333
cihp.eu,13,14,1.0769230769230769
ashic.com,15,16,1.0666666666666667
blanchimont.net,18,18,1.0
advancedsilversolution.com,13,15,1.1538461538461537
beanbagschair.info,13,14,1.0769230769230769
bobae.com,12,13,1.0833333333333333
afromania.com,12,13,1.0833333333333333
bumpits.ca,15,16,1.0666666666666667
4ubiz.com,20,21,1.05
afcb.com,12,13,1.0833333333333333
78184.com,10,9,0.9
cokehead.com,12,13,1.0833333333333333
6h.net,15,16,1.0666666666666667
150vip.net,20,20,1.0
baerbel.at,12,13,1.0833333333333333
33pd.com,7,7,1.0
classificati.com,13,14,1.0769230769230769
acersilverpartner.com,15,17,1.1333333333333333
aiwebhost.net,27,33,1.2222222222222223
cocorillo.com,14,15,1.0714285714285714
33239.com,12,13,1.0833333333333333
astra-design.com,22,27,1.2272727272727273
77082.com,12,13,1.0833333333333333
barnetceltic.ca,14,15,1.0714285714285714
chinaforum.eu,12,13,1.0833333333333333
britishhiphop.com,15,16,1.0666666666666667
ca3.org,17,17,1.0
51tao.net,14,16,1.1428571428571428
abetterinternet.com,30,33,1.1
76yan.com,4,4,1.0
1rg.net,12,13,1.0833333333333333
bestcostaricarealestate.com,12,13,1.0833333333333333
altdeutsch.com,12,13,1.0833333333333333
bmx-huber.de,17,16,0.9411764705882353
chanel27.com,12,13,1.0833333333333333
blogzoom.de,16,17,1.0625
carfleet.ch,12,13,1.0833333333333333
affordable-vacations.info,12,13,1.0833333333333333
arteconsult.com,15,16,1.0666666666666667
borlai.com,16,17,1.0625
5izyc.com,8,7,0.875
36pv.com,6,5,0.8333333333333334
beijing-seo.org,11,10,0.9090909090909091
angelblood.com,14,14,1.0
anonymousclothing.com,15,14,0.9333333333333333
co-mt.com,15,16,1.0666666666666667
678sss.com,11,10,0.9090909090909091
brinsdeternite.com,17,18,1.0588235294117647
affenbrotbaum.com,12,13,1.0833333333333333
allappsdevelopment.com,11,10,0.9090909090909091
1n3.net,18,17,0.9444444444444444
born2be.de,12,13,1.0833333333333333
allowance.org,14,15,1.0714285714285714
cachinnate.com,15,16,1.0666666666666667
aplmhs.com,6,5,0.8333333333333334
02076.com,5,5,1.0
cmd.org,10,9,0.9
asterworld.com,11,11,1.0
caccche.org,13,14,1.0769230769230769
8nots.com,15,16,1.0666666666666667
bannerexchange.at,11,10,0.9090909090909091
bjo-frei.de,23,28,1.2173913043478262
0574u.cn,3,2,0.6666666666666666
13thavenue-f.com,14,15,1.0714285714285714
bihokugroup.com,17,17,1.0
airgest.com,22,21,0.9545454545454546
chapterone.info,12,13,1.0833333333333333
asiaticasdesnudas-xxx.com,14,15,1.0714285714285714
abbaziasansalvatore.it,26,33,1.2692307692307692
askrai.net,15,15,1.0
checkme.org,15,14,0.9333333333333333
aquapalace.net,14,13,0.9285714285714286
ccumc.com,15,14,0.9333333333333333
7thstreet.com,16,15,0.9375
agda.de,13,14,1.0769230769230769
christian-eberl.de,13,14,1.0769230769230769
amoreevita-mcdonalds.it,12,13,1.0833333333333333
buyusedclubs.net,12,13,1.0833333333333333
0fashion.com,14,15,1.0714285714285714
a8dy.com,7,6,0.8571428571428571
baayz.org,21,20,0.9523809523809523
atvinsurances.info,12,13,1.0833333333333333
bypassme.com,25,24,0.96
bw-news.com,14,13,0.9285714285714286
beaufreton.com,21,20,0.9523809523809523
book-ebook.com,12,13,1.0833333333333333
bezhetsk.com,15,16,1.0666666666666667
agodic.com,13,14,1.0769230769230769
2a3.com,11,10,0.9090909090909091
cncvitamost.com,15,16,1.0666666666666667
calex.com,14,13,0.9285714285714286
chucked.com,12,13,1.0833333333333333
ashvini.com,13,14,1.0769230769230769
bierkeller.ch,17,17,1.0
arbiol.es,12,13,1.0833333333333333
007.net,13,14,1.0769230769230769
boytrip.com,12,13,1.0833333333333333
aalk.de,16,17,1.0625
afterchristmassalesanddeals.com,13,14,1.0769230769230769
b2bmg.com,13,12,0.9230769230769231
assemblytutorial.com,12,13,1.0833333333333333
capewrathtrail.com,12,11,0.9166666666666666
colridaz.com,13,14,1.0769230769230769
49481.com,14,14,1.0
carleon.ca,13,14,1.0769230769230769
closetconundrums.com,14,15,1.0714285714285714
avemaria.eu,12,13,1.0833333333333333
activelinux.net,12,13,1.0833333333333333
butterfliesandmoths.org,19,20,1.0526315789473684
bmw-z1.com,19,23,1.2105263157894737
110rnb.com,17,19,1.1176470588235294
body-young.com,18,18,1.0
asiaask.com,15,16,1.0666666666666667
adventureworld.ch,12,13,1.0833333333333333
catfishflats.com,11,11,1.0
bkhpopcorn.com,10,9,0.9
361ccc.com,9,8,0.8888888888888888
123456ss.com,16,17,1.0625
clubreps.tv,13,12,0.9230769230769231
ballets.fr,12,13,1.0833333333333333
babycenter.com,74,91,1.2297297297297298
angpinoytv.com,20,23,1.15
aquario2.com,15,16,1.0666666666666667
adbun.com,11,10,0.9090909090909091
a3803.cn,5,4,0.8
3udh.com,9,8,0.8888888888888888
b3yondfreedom.com,12,11,0.9166666666666666
cnmay.com,15,16,1.0666666666666667
1box.cn,12,13,1.0833333333333333
71sl.com,14,15,1.0714285714285714
beratungscenter.info,12,13,1.0833333333333333
66immo.fr,12,13,1.0833333333333333
122f.com,13,12,0.9230769230769231
1actualstep.com,19,20,1.0526315789473684
blumen123.de,12,13,1.0833333333333333
543g.com,40,48,1.2
bluecorn.de,12,13,1.0833333333333333
b243.cn,5,4,0.8
bizerba-fachberatung.de,25,32,1.28
cemooreart.com,15,16,1.0666666666666667
aipster.com,15,16,1.0666666666666667
87658.com,13,12,0.9230769230769231
churchofbetty.com,13,13,1.0
apyk.com,12,13,1.0833333333333333
blackberry.com,1518,3976,2.619235836627141
adexe.com,12,13,1.0833333333333333
birdloft.com,14,15,1.0714285714285714
a9139.cn,5,4,0.8
burrero.com,20,19,0.95
caravana.org,12,13,1.0833333333333333
aswadband.com,29,32,1.103448275862069
apperater.com,14,15,1.0714285714285714
binghamton.edu,501,726,1.4491017964071857
cindyady.com,22,23,1.0454545454545454
12-art.net,13,12,0.9230769230769231
beachey.com,15,16,1.0666666666666667
christophe-richard.com,21,20,0.9523809523809523
40style.net,13,12,0.9230769230769231
7cs.com,12,13,1.0833333333333333
canpanita.com,13,14,1.0769230769230769
baniny.com,15,14,0.9333333333333333
bookspice.com,12,13,1.0833333333333333
benjaminfranklinhouse.com,14,14,1.0
8ghd.com,13,12,0.9230769230769231
charliecircle.com,15,16,1.0666666666666667
carmosoa.com,17,16,0.9411764705882353
b2486.cn,5,4,0.8
canadacarfinders.com,13,14,1.0769230769230769
abosaq.net,11,10,0.9090909090909091
chocolatebunnies.com,13,14,1.0769230769230769
anwalt-sandhausen.de,14,15,1.0714285714285714
barnabasx.org,21,20,0.9523809523809523
6688k.com,12,13,1.0833333333333333
bayviewpainting.com,13,12,0.9230769230769231
achelsekluis.be,12,13,1.0833333333333333
baueco.com,18,17,0.9444444444444444
cashtalkgroup.com,15,14,0.9333333333333333
cb11.org,20,21,1.05
44462.net,11,10,0.9090909090909091
bresciabimbi.it,33,34,1.0303030303030303
amivisions.com,17,16,0.9411764705882353
53yi.com,20,24,1.2
cibea.com,15,16,1.0666666666666667
cdl-bw.de,17,16,0.9411764705882353
chasseonline.com,14,15,1.0714285714285714
canuka.com,32,38,1.1875
bernhardiin.eu,13,14,1.0769230769230769
beautyhealth.net,11,10,0.9090909090909091
cccbxaman.org,12,13,1.0833333333333333
aremedia.net,18,20,1.1111111111111112
52zyzs.com,15,14,0.9333333333333333
cambodiabudgettour.com,15,16,1.0666666666666667
ajitomi.com,17,16,0.9411764705882353
auctionpayments.com,12,13,1.0833333333333333
automechanicaurora.com,19,20,1.0526315789473684
borideric.info,14,13,0.9285714285714286
30iib.com,14,13,0.9285714285714286
bltop.com,26,29,1.1153846153846154
1000followers.net,15,16,1.0666666666666667
4load.info,12,13,1.0833333333333333
anthean.com,14,14,1.0
caraba.com,8,7,0.875
cizne.com,5,4,0.8
5088w.com,3,2,0.6666666666666666
atheistlibrary.com,17,16,0.9411764705882353
cloudnineit.com,28,33,1.1785714285714286
cinemazero.com,17,16,0.9411764705882353
adeliascloset.com,14,15,1.0714285714285714
centrex.net,13,14,1.0769230769230769
baldwin.sh,15,14,0.9333333333333333
cascinaroland.it,12,13,1.0833333333333333
barcodemaker.de,18,17,0.9444444444444444
bobbi-bliss.com,14,15,1.0714285714285714
coastart.com,12,13,1.0833333333333333
6987.info,12,13,1.0833333333333333
a1702.cn,5,4,0.8
beyeler-antiquitaeten.ch,20,23,1.15
baekgaardltd.com,14,13,0.9285714285714286
acai-flush.com,15,16,1.0666666666666667
cantonmissouri.net,26,29,1.1153846153846154
chameleonjournals.com,13,14,1.0769230769230769
adamsbeergarden.com,17,16,0.9411764705882353
aceinstructor.com,11,10,0.9090909090909091
bablefish.com,15,16,1.0666666666666667
aussatz.com,17,16,0.9411764705882353
basicphp.com,16,15,0.9375
bofn.org,14,13,0.9285714285714286
caledonia.ca,15,16,1.0666666666666667
americanmail.net,14,15,1.0714285714285714
codf.de,13,14,1.0769230769230769
bigbooksoninsurance.com,13,14,1.0769230769230769
chanceinamillion.com,15,14,0.9333333333333333
beefsite.com,12,13,1.0833333333333333
8-tube.info,18,17,0.9444444444444444
bjsymy.cn,4,4,1.0
binog.com,20,21,1.05
asmirebalais.com,18,18,1.0
caqh.cn,4,4,1.0
80anos.com,20,19,0.95
bia.pl,21,23,1.0952380952380953
aosws.com,14,15,1.0714285714285714
bymail.com,12,13,1.0833333333333333
assanka.com,39,52,1.3333333333333333
7oby.com,12,13,1.0833333333333333
caimar.com,11,10,0.9090909090909091
beschaedigt.de,12,13,1.0833333333333333
ait8.com,14,13,0.9285714285714286
alwahy.net,33,43,1.303030303030303
authenticreiki.org,18,20,1.1111111111111112
ambosexual.com,15,16,1.0666666666666667
aktienbanken.info,12,13,1.0833333333333333
beremer.com,12,11,0.9166666666666666
by199.com,9,8,0.8888888888888888
biggerworld.com,21,24,1.1428571428571428
aeablogs.org,13,13,1.0
arscreen.net,13,12,0.9230769230769231
828178.com,11,10,0.9090909090909091
clairdelune.eu,15,16,1.0666666666666667
1oh.com,13,14,1.0769230769230769
ca4u.com,20,21,1.05
christian--loans-usa.net,20,21,1.05
aichigospel.net,14,13,0.9285714285714286
ajxc.com,40,45,1.125
123actressphotosgallery.com,13,14,1.0769230769230769
chillaz.de,13,14,1.0769230769230769
canovakoyu.com,16,15,0.9375
cirqueeloize.com,17,16,0.9411764705882353
buttwomen.com,17,16,0.9411764705882353
clockbox.de,12,13,1.0833333333333333
bansky.de,12,13,1.0833333333333333
b3514.cn,5,4,0.8
4loves.com,17,20,1.1764705882352942
alohadeals.net,13,12,0.9230769230769231
cheqmark.com,12,13,1.0833333333333333
cdjdxd.com,6,5,0.8333333333333334
4-tek.com,21,20,0.9523809523809523
10seo.com,23,24,1.0434782608695652
animalmusictherapy.com,13,12,0.9230769230769231
cathederal.com,16,17,1.0625
bndhost.net,26,28,1.0769230769230769
blody.com,12,13,1.0833333333333333
3101010.ca,15,14,0.9333333333333333
businessfightsmalaria.org,15,16,1.0666666666666667
al-shamsi.com,13,14,1.0769230769230769
asbe-skate.com,15,16,1.0666666666666667
belayiz.biz,13,14,1.0769230769230769
classiclit.com,20,21,1.05
cherryave.com,19,18,0.9473684210526315
bsik.com,9,8,0.8888888888888888
b-kobe.com,14,13,0.9285714285714286
atlw.com,12,13,1.0833333333333333
abrasionsk8park.com,16,17,1.0625
96369.de,12,13,1.0833333333333333
b3tb.com,14,15,1.0714285714285714
baccata.de,13,14,1.0769230769230769
bictec.com,15,16,1.0666666666666667
agido.com,11,10,0.9090909090909091
assaf.net,15,16,1.0666666666666667
chatafuego.com,13,14,1.0769230769230769
byek.com,17,16,0.9411764705882353
algida.de,20,21,1.05
caprifico.com,12,13,1.0833333333333333
cabazonindians.com,12,13,1.0833333333333333
alleinunterchristen.de,13,14,1.0769230769230769
cameal.com,8,7,0.875
betcover.net,15,16,1.0666666666666667
cioocnews.com,15,16,1.0666666666666667
cloudhostingmexico.net,28,30,1.0714285714285714
canalfcp.com,19,18,0.9473684210526315
colorplus.org,19,20,1.0526315789473684
adrenilin.com,12,13,1.0833333333333333
atlantahousingsource.com,17,18,1.0588235294117647
arizmendi.eu,12,11,0.9166666666666666
cattlelawyers.com,17,16,0.9411764705882353
ausbuettels.de,21,23,1.0952380952380953
1800freewebhost.com,13,12,0.9230769230769231
4ujoy.com,14,14,1.0
arubawyndham.com,13,14,1.0769230769230769
ashiki-dunhill.com,13,13,1.0
casquette.ca,17,16,0.9411764705882353
aquariumairpumps.net,12,13,1.0833333333333333
cellulaires.com,16,15,0.9375
balbachfamily.com,15,15,1.0
67420.net,12,13,1.0833333333333333
9pon.tv,14,14,1.0
argosybookshop.com,15,16,1.0666666666666667
amazingstories.org,12,13,1.0833333333333333
awo-frauenhaus-luebeck.de,19,20,1.0526315789473684
ak-sa.net,14,15,1.0714285714285714
ceratosaurus.net,15,16,1.0666666666666667
blagers.com,15,16,1.0666666666666667
chaseandchasecpa.com,17,17,1.0
0919ly.com,3,2,0.6666666666666666
appleipadtablets.com,15,16,1.0666666666666667
aathavanitligani.com,12,13,1.0833333333333333
chriswebber.com,12,11,0.9166666666666666
cioffice.com,21,26,1.2380952380952381
alfasistemas.com,26,27,1.0384615384615385
aquastat.de,12,13,1.0833333333333333
angieslist.ca,18,17,0.9444444444444444
aisads.com,13,12,0.9230769230769231
berndschuster.com,15,16,1.0666666666666667
ahmettelli.com,19,22,1.1578947368421053
bestpsvitagames.org,14,13,0.9285714285714286
ahmadeev.com,20,19,0.95
a6451.cn,5,4,0.8
cadin.com,15,14,0.9333333333333333
clintonday.com,12,13,1.0833333333333333
anotherlifeprod.com,13,12,0.9230769230769231
afrinewsnet.com,15,16,1.0666666666666667
8ln.com,14,14,1.0
cng.br,50,51,1.02
aura7.com,11,10,0.9090909090909091
a8077.cn,5,4,0.8
adcaster.com,16,16,1.0
apymevocomercial.com,14,16,1.1428571428571428
cknnews.com,12,11,0.9166666666666666
batysfera.com,14,15,1.0714285714285714
chlseafc.com,15,14,0.9333333333333333
anewshit.com,11,10,0.9090909090909091
avitc.com,16,17,1.0625
alexagri.com,15,16,1.0666666666666667
8zm.net,17,16,0.9411764705882353
campionigratis.org,18,17,0.9444444444444444
bikelements.com,13,12,0.9230769230769231
clubwear.eu,12,13,1.0833333333333333
antiques-market.net,18,17,0.9444444444444444
bumperstickers.net,12,13,1.0833333333333333
999md.com,16,17,1.0625
7uu7uu.com,13,12,0.9230769230769231
animesensei.net,14,15,1.0714285714285714
celltechscs.com,14,15,1.0714285714285714
buspark.com,20,19,0.95
4-fun.net,12,13,1.0833333333333333
100bo.com,15,17,1.1333333333333333
34173.com,14,15,1.0714285714285714
babysplit.com,14,15,1.0714285714285714
akats.com,16,15,0.9375
chak89.com,21,24,1.1428571428571428
bewitchery.com,12,13,1.0833333333333333
andreamclean.tv,13,14,1.0769230769230769
7thdi.com,16,15,0.9375
casiologie.de,12,13,1.0833333333333333
blogpc.fr,12,13,1.0833333333333333
arabaci.net,12,13,1.0833333333333333
cbs16.com,21,22,1.0476190476190477
camcorder.fr,12,13,1.0833333333333333
cogelas.com,13,14,1.0769230769230769
chicherit.com,17,16,0.9411764705882353
cesarcolnago.com,26,25,0.9615384615384616
anniejack.com,15,16,1.0666666666666667
cavaionveronese.com,17,16,0.9411764705882353
ac999.com,11,11,1.0
animania.net,13,14,1.0769230769230769
barav.com,13,14,1.0769230769230769
chevydevil.com,13,14,1.0769230769230769
c6445.cn,5,4,0.8
chpee.com,8,8,1.0
bienenfotos.de,15,16,1.0666666666666667
casino-cards.de,18,20,1.1111111111111112
33yo.com,13,12,0.9230769230769231
ciccetta.net,20,21,1.05
cgfp-hosting.com,12,11,0.9166666666666666
carelaw.net,22,21,0.9545454545454546
antcolonies.net,15,14,0.9333333333333333
arabian.pro,16,17,1.0625
avalanche-rock.de,16,15,0.9375
am-cat.com,19,18,0.9473684210526315
clariness.com,15,16,1.0666666666666667
atlabs.ro,22,27,1.2272727272727273
adler2011.com,9,8,0.8888888888888888
atlases.de,12,13,1.0833333333333333
asdp.com,23,24,1.0434782608695652
aca.net,13,15,1.1538461538461537
apitt.com,17,16,0.9411764705882353
classicalmusicrocks.net,21,20,0.9523809523809523
ckng.com,12,13,1.0833333333333333
bardomi.com,16,18,1.125
661288.com,11,10,0.9090909090909091
bdtkd.com,17,17,1.0
atlanticoline.com,14,15,1.0714285714285714
bloggledygook.com,7,6,0.8571428571428571
antiinflation.com,14,13,0.9285714285714286
case-and-e.org,17,16,0.9411764705882353
astander.com,15,16,1.0666666666666667
bookpublisher.de,12,13,1.0833333333333333
bler-communications.com,13,12,0.9230769230769231
511x.com,14,13,0.9285714285714286
85kf.com,15,15,1.0
bastardanime.com,13,14,1.0769230769230769
ashford-trading.com,17,16,0.9411764705882353
collegevillageanimalclinic.com,11,10,0.9090909090909091
biz-gay.com,18,17,0.9444444444444444
bulembassy.ch,14,15,1.0714285714285714
agptelecom.com,17,16,0.9411764705882353
bikeshopmountain.com,10,9,0.9
43886.com,14,15,1.0714285714285714
clubonedallas.com,11,10,0.9090909090909091
allalla.com,108,157,1.4537037037037037
bobf.org,24,30,1.25
af1shoesworld.com,21,22,1.0476190476190477
bestbeadedcurtains.com,12,11,0.9166666666666666
bizimdns.com,39,51,1.3076923076923077
africasgateway.com,31,35,1.1290322580645162
axt.at,12,13,1.0833333333333333
campestris.com,14,13,0.9285714285714286
circoteatro.it,15,14,0.9333333333333333
8tn.com,16,17,1.0625
bulbes.fr,12,13,1.0833333333333333
architectonictokyo.com,11,11,1.0
30q.de,12,13,1.0833333333333333
coleopteros.net,15,16,1.0666666666666667
britishtennisparents.com,13,12,0.9230769230769231
beycuma.net,18,19,1.0555555555555556
blokus.net,16,15,0.9375
ccwto.com,15,16,1.0666666666666667
ceerj.org,22,24,1.0909090909090908
brands4friends.at,21,20,0.9523809523809523
askt.com,12,13,1.0833333333333333
blackknights.de,12,13,1.0833333333333333
bazeboo.com,22,21,0.9545454545454546
aandlpen.com,20,20,1.0
bulets.com,12,13,1.0833333333333333
cdrking.com,28,31,1.1071428571428572
clipngetcoupons.com,14,15,1.0714285714285714
balnear.eu,15,16,1.0666666666666667
aria2music4.com,21,26,1.2380952380952381
1centmails.com,15,17,1.1333333333333333
500paday.com,16,17,1.0625
aviajar.net,12,13,1.0833333333333333
buch-sofa.de,19,18,0.9473684210526315
biblebaptist-church.com,14,13,0.9285714285714286
barney-thomson.com,12,11,0.9166666666666666
3ha.com,12,13,1.0833333333333333
calicut.net,11,10,0.9090909090909091
97jy.info,14,15,1.0714285714285714
acdc-rocks.com,15,16,1.0666666666666667
bridalsong.com,16,17,1.0625
barrelhouse-promotions.de,12,13,1.0833333333333333
19333.com,14,15,1.0714285714285714
bellkey.net,12,11,0.9166666666666666
busnesswire.com,12,13,1.0833333333333333
111tu.com,14,13,0.9285714285714286
bluehelmet.com,12,13,1.0833333333333333
abcteaching.com,12,13,1.0833333333333333
budjonny.info,14,15,1.0714285714285714
2009softwarereviews.com,12,13,1.0833333333333333
amfa.org,24,29,1.2083333333333333
anywherebutinthekitchen.com,13,14,1.0769230769230769
ac-service.com,27,28,1.037037037037037
aerowebworks.com,23,24,1.0434782608695652
ajisensf.com,14,15,1.0714285714285714
backupdiy.com,26,28,1.0769230769230769
broadshoulders.com,14,15,1.0714285714285714
ciaubale.tv,21,24,1.1428571428571428
5iscoolerthan7.com,17,16,0.9411764705882353
cdssoccer.net,14,15,1.0714285714285714
bluegreen333.com,21,20,0.9523809523809523
btqi.com,12,13,1.0833333333333333
akindofmagic-musical.de,23,24,1.0434782608695652
cartophile.de,14,15,1.0714285714285714
arenamusic.com,11,10,0.9090909090909091
alamnew.net,12,13,1.0833333333333333
bc-w.com,12,13,1.0833333333333333
ajoa.com,12,13,1.0833333333333333
cntis.com,19,18,0.9473684210526315
botenanna.com,17,16,0.9411764705882353
buycheapfridge.com,15,16,1.0666666666666667
360gradeinkaufen.de,21,22,1.0476190476190477
bittikeskus.net,19,20,1.0526315789473684
aircharterunited.com,17,16,0.9411764705882353
bestaustraliabackpackers.com,15,15,1.0
alacritys.com,13,12,0.9230769230769231
22xf.com,14,14,1.0
classhandler.com,15,16,1.0666666666666667
beyazgul.net,17,16,0.9411764705882353
astrology-occult.com,12,13,1.0833333333333333
atroom.com,12,13,1.0833333333333333
aippg.net,17,18,1.0588235294117647
2-gether.com,12,13,1.0833333333333333
blogginoy.com,11,10,0.9090909090909091
anime-altar.com,15,16,1.0666666666666667
antigax.com,12,13,1.0833333333333333
b1776.cn,5,4,0.8
chiantis.ca,13,14,1.0769230769230769
armoredcash.com,17,19,1.1176470588235294
amrh.com,12,13,1.0833333333333333
affiliate-success-resources.com,16,15,0.9375
2hab.com,13,12,0.9230769230769231
buldas.com,15,16,1.0666666666666667
bdjk.de,12,13,1.0833333333333333
azoomma.com,26,31,1.1923076923076923
anzzi.com,15,16,1.0666666666666667
chauffagiste.com,12,13,1.0833333333333333
boterin.com,14,15,1.0714285714285714
ascis.de,18,17,0.9444444444444444
00564.com,12,13,1.0833333333333333
barcamessi.com,12,13,1.0833333333333333
ambersdungeon.com,15,14,0.9333333333333333
bdpublifinques.com,14,15,1.0714285714285714
caljbs.com,13,14,1.0769230769230769
allthingspregnant.com,13,12,0.9230769230769231
areateam.com,10,9,0.9
centralapp.com,14,13,0.9285714285714286
alqpottery.com,24,29,1.2083333333333333
42883.com,14,13,0.9285714285714286
adgj.de,17,19,1.1176470588235294
chisho.com,15,16,1.0666666666666667
acrilic.com,11,10,0.9090909090909091
clouded.de,12,13,1.0833333333333333
bitcheswithwolves.com,16,15,0.9375
bitcom.at,13,14,1.0769230769230769
biomill.eu,10,9,0.9
azwc.com,17,19,1.1176470588235294
channelbreak.com,24,23,0.9583333333333334
azevt.com,21,22,1.0476190476190477
automuseu.com,13,12,0.9230769230769231
acidents.com,15,16,1.0666666666666667
bbwfap.com,16,18,1.125
bhdistributors.com,19,18,0.9473684210526315
airplane.eu,12,13,1.0833333333333333
buyproductreviews.com,16,15,0.9375
bistro2000.com,12,13,1.0833333333333333
ccfnorthwest.com,16,17,1.0625
aurasports.com,18,18,1.0
bracesaz.com,13,12,0.9230769230769231
acnesdynamic.com,13,12,0.9230769230769231
cinejoin.com,14,15,1.0714285714285714
51kx.cn,7,6,0.8571428571428571
antiguedad.eu,12,13,1.0833333333333333
anildesai.net,18,20,1.1111111111111112
afflicts.net,15,16,1.0666666666666667
castironplant.com,20,21,1.05
areado.com,16,15,0.9375
951e.com,15,16,1.0666666666666667
age.com,12,13,1.0833333333333333
celticworld.com,12,13,1.0833333333333333
az1l.com,13,12,0.9230769230769231
cheep.com,13,12,0.9230769230769231
8s0.com,12,13,1.0833333333333333
austragen.com,13,14,1.0769230769230769
c300.de,13,14,1.0769230769230769
autocarx.com,12,11,0.9166666666666666
besides.net,15,16,1.0666666666666667
claymorenation.com,11,10,0.9090909090909091
a525.cn,5,4,0.8
aftermaths.com,12,13,1.0833333333333333
arcapada.com,15,16,1.0666666666666667
aliyanazarbaeva.com,16,15,0.9375
burnycrang.com,33,32,0.9696969696969697
2talk.org,13,14,1.0769230769230769
agfx.com,15,16,1.0666666666666667
anushik.com,14,15,1.0714285714285714
cinestream.de,12,13,1.0833333333333333
cibrat.com,15,16,1.0666666666666667
burningfatlosingweight.com,11,10,0.9090909090909091
bihar.net,12,13,1.0833333333333333
boxingnews.de,12,13,1.0833333333333333
aworldofsmiles.com,11,10,0.9090909090909091
27zs.com,18,17,0.9444444444444444
attainablemind.com,16,15,0.9375
beluc.com,15,16,1.0666666666666667
cigarett.org,13,14,1.0769230769230769
campusrhythm.net,14,13,0.9285714285714286
cfm2.eu,14,15,1.0714285714285714
artaxi.de,15,16,1.0666666666666667
bieled.com,8,7,0.875
4prez.com,15,15,1.0
barrysoetoro.com,17,16,0.9411764705882353
astorclub.com,13,14,1.0769230769230769
chsc.tw,34,35,1.0294117647058822
agsic.net,21,27,1.2857142857142858
amnz.com,13,14,1.0769230769230769
ac.in,27620,33938,1.2287472845763938
clubpinguim.com,13,14,1.0769230769230769
cityofclarkton.com,15,16,1.0666666666666667
bahaneler.com,15,16,1.0666666666666667
certifiedantiqueappraisals.com,15,17,1.1333333333333333
acanthuslw.com,20,22,1.1
0bb.net,24,26,1.0833333333333333
ayumikai.com,23,24,1.0434782608695652
a9966.com,12,13,1.0833333333333333
anchorbuildersmn.com,24,29,1.2083333333333333
bigappple.com,15,15,1.0
cadoro.pt,17,17,1.0
37cy.com,10,9,0.9
adore.ca,15,16,1.0666666666666667
asanegracomics.net,17,16,0.9411764705882353
asiakas.org,47,51,1.0851063829787233
animeclubth.com,17,16,0.9411764705882353
as2116.net,28,32,1.1428571428571428
burrardstreetblog.com,15,16,1.0666666666666667
bluegauges.com,24,29,1.2083333333333333
cesjds.com,15,16,1.0666666666666667
chspumas.org,12,13,1.0833333333333333
ashuramanga.com,11,10,0.9090909090909091
anyformat.com,13,14,1.0769230769230769
43o.com,14,13,0.9285714285714286
christorresmusic.com,20,23,1.15
asiatika.net,12,13,1.0833333333333333
beds.pk,13,14,1.0769230769230769
chocolateromance.com,14,14,1.0
birdspider.com,14,14,1.0
0015.de,12,13,1.0833333333333333
bulma.com,12,13,1.0833333333333333
boiled.com,10,9,0.9
clonemate.com,12,13,1.0833333333333333
5itcm.com,28,27,0.9642857142857143
broadband2.com,11,12,1.0909090909090908
allsuburbanremodelers.com,16,16,1.0
adventuresofthefearless.com,15,16,1.0666666666666667
asianafricansummit2005.org,12,13,1.0833333333333333
barmanschool.com,13,12,0.9230769230769231
ahasf.com,15,16,1.0666666666666667
chandrasdietsuccess.com,10,9,0.9
00tm.com,12,11,0.9166666666666666
calicocorners.com,27,26,0.9629629629629629
ahdfmy.com,6,5,0.8333333333333334
automatemyonlinemarketing.com,30,35,1.1666666666666667
bfs.tv,13,13,1.0
adamcam.com,21,22,1.0476190476190477
cinemasafricains.be,16,17,1.0625
ausgesprochen.de,9,8,0.8888888888888888
08552.de,12,13,1.0833333333333333
buyonlineshiptopr.com,18,17,0.9444444444444444
advokatvagten.com,13,12,0.9230769230769231
bytemobile.com,36,35,0.9722222222222222
barreteros.com,14,13,0.9285714285714286
100br.net,12,13,1.0833333333333333
coak.nl,14,15,1.0714285714285714
bullenmarkt.de,12,13,1.0833333333333333
60tm.com,4,4,1.0
aasn.com,53,62,1.169811320754717
castledurrow.eu,20,24,1.2
c7592.cn,5,4,0.8
70814.com,12,13,1.0833333333333333
cjrc1150.com,16,17,1.0625
abdelfettah.com,11,10,0.9090909090909091
2plus3.de,17,17,1.0
bigcookteenaddiction.com,13,12,0.9230769230769231
buyforexplatformsoftware.com,15,16,1.0666666666666667
clickwealths.com,25,27,1.08
914c.com,11,11,1.0
artsaction21.org,21,20,0.9523809523809523
bougue.com,12,13,1.0833333333333333
bvho.net,13,14,1.0769230769230769
artistworld.net,17,16,0.9411764705882353
cjss.com,12,13,1.0833333333333333
breitenfurt.com,12,13,1.0833333333333333
antiracismworldcup.com,12,11,0.9166666666666666
0771mp.com,5,4,0.8
antoniodantas.com,17,16,0.9411764705882353
aquiro.com,11,10,0.9090909090909091
cinema-cafe.com,14,13,0.9285714285714286
btigerlily.net,12,13,1.0833333333333333
ambitalbaku.com,13,12,0.9230769230769231
79494.com,13,14,1.0769230769230769
2mediastudio.my,24,26,1.0833333333333333
ahlelbayt.org,12,11,0.9166666666666666
akarweb.net,30,39,1.3
belse.com,15,16,1.0666666666666667
3333.ca,13,14,1.0769230769230769
1604.com,12,13,1.0833333333333333
cmfcomputing.com,13,13,1.0
baitone.com,15,16,1.0666666666666667
ashe.com,20,23,1.15
cacher.ca,12,13,1.0833333333333333
6se.com,15,16,1.0666666666666667
cliquear.com,13,14,1.0769230769230769
akornstudios.net,12,13,1.0833333333333333
cb650c.de,15,16,1.0666666666666667
1myb.com,13,12,0.9230769230769231
bnyg.com,14,14,1.0
arabkan.com,15,14,0.9333333333333333
14345.com,11,10,0.9090909090909091
cimaises.com,13,14,1.0769230769230769
anaalvarez.com,18,17,0.9444444444444444
cfmap.com,21,22,1.0476190476190477
7kyu.com,12,11,0.9166666666666666
2345wang.com,14,13,0.9285714285714286
baycorp.net,14,13,0.9285714285714286
be53.cn,5,4,0.8
cablenewscritic.com,20,19,0.95
baseballwriters.org,18,21,1.1666666666666667
269girls.jp,14,14,1.0
17aug.com,12,13,1.0833333333333333
01cr.com,5,4,0.8
bonmedia.de,23,26,1.1304347826086956
brancacci.com,12,13,1.0833333333333333
bigthink.eu,12,13,1.0833333333333333
actofvalor.it,13,14,1.0769230769230769
bulletproofing.com,13,14,1.0769230769230769
amend.net,15,16,1.0666666666666667
booklockers.com,20,24,1.2
48829.com,15,16,1.0666666666666667
bratianu.de,13,14,1.0769230769230769
allhits.com,12,13,1.0833333333333333
6agent.com,12,13,1.0833333333333333
bidedu.fi,18,19,1.0555555555555556
appachi.com,12,13,1.0833333333333333
1qux.com,10,9,0.9
californiaadoptionregistry.com,20,21,1.05
bewww.com,13,14,1.0769230769230769
aefp.org,13,14,1.0769230769230769
addictinggames.org,16,15,0.9375
bluitt.com,13,14,1.0769230769230769
b324.cn,5,4,0.8
autostrady.com,17,18,1.0588235294117647
3617.com,12,13,1.0833333333333333
adwoman.com,10,9,0.9
clickclique.org,18,17,0.9444444444444444
77jp.net,14,13,0.9285714285714286
awswer.com,13,14,1.0769230769230769
50cents.net,13,14,1.0769230769230769
atozcom.info,13,12,0.9230769230769231
bankoftacomaonline.com,8,7,0.875
barellan.com,14,13,0.9285714285714286
baseballhat.com,12,13,1.0833333333333333
areen-uae.com,14,13,0.9285714285714286
canadagoosesalestore.com,8,7,0.875
clonagem.com,12,13,1.0833333333333333
bipol-art.com,22,21,0.9545454545454546
1430am.com,12,13,1.0833333333333333
coetech.com,14,15,1.0714285714285714
allfuckingporn.com,13,14,1.0769230769230769
anzah.com,15,16,1.0666666666666667
78meitu.com,12,11,0.9166666666666666
ataflightbank.com,18,17,0.9444444444444444
citrusroad.com,37,45,1.2162162162162162
ccc-affiliates.com,23,24,1.0434782608695652
bgwjs.com,5,4,0.8
chickasaws.com,12,13,1.0833333333333333
7ket.com,22,22,1.0
blustate.com,23,24,1.0434782608695652
bethanylutheranlindsborg.com,14,15,1.0714285714285714
anznanba.com,10,9,0.9
arkansastwisters.com,12,13,1.0833333333333333
barndrama.com,16,17,1.0625
benchtours.com,15,16,1.0666666666666667
braceroprogram.net,12,13,1.0833333333333333
2oh.org,14,15,1.0714285714285714
0198.de,12,13,1.0833333333333333
1sap.com,12,11,0.9166666666666666
1001free.net,11,10,0.9090909090909091
catarine.com,12,13,1.0833333333333333
adachiuniverse.com,18,18,1.0
brigtcove.com,16,18,1.125
barcatoday.com,10,9,0.9
baudejogos.net,17,16,0.9411764705882353
analogymarketing.com,14,13,0.9285714285714286
cherryfm.fr,13,14,1.0769230769230769
adclpo.com,13,13,1.0
businessoffice.eu,12,13,1.0833333333333333
articlesclub.org,15,16,1.0666666666666667
accidentalspy.com,10,9,0.9
assistirseriesonline.com,10,9,0.9
a8254.cn,5,4,0.8
3908.de,12,13,1.0833333333333333
all-naked.com,12,13,1.0833333333333333
clickthecity.net,13,14,1.0769230769230769
6p68.com,13,12,0.9230769230769231
buffti.de,12,13,1.0833333333333333
barbarius.com,15,16,1.0666666666666667
anthonycheung.org,15,16,1.0666666666666667
arborworks.org,18,18,1.0
aefbaul.com,20,19,0.95
cannabishounds.com,16,15,0.9375
cell-phone-antenna-booster-wholesale.com,16,15,0.9375
blog-blast.com,17,16,0.9411764705882353
afpt.com,54,62,1.1481481481481481
bischofwerda.de,12,13,1.0833333333333333
aliceupdates.com,15,14,0.9333333333333333
9qe.net,14,15,1.0714285714285714
c2827.cn,5,4,0.8
0470f.com,15,14,0.9333333333333333
auost.com,13,12,0.9230769230769231
beisner.eu,13,14,1.0769230769230769
1hrpaydayloan.com,16,15,0.9375
austechinternational.com,15,16,1.0666666666666667
afrj.com,32,41,1.28125
coach.com,174,183,1.0517241379310345
cardinalbicycle.com,11,10,0.9090909090909091
bayac.com,18,21,1.1666666666666667
47828.com,11,10,0.9090909090909091
ambix.biz,26,26,1.0
369rx.com,12,13,1.0833333333333333
aku-klar.de,22,23,1.0454545454545454
ballage.com,12,13,1.0833333333333333
bootcrocsreviews.info,14,15,1.0714285714285714
21493.de,12,13,1.0833333333333333
buyins.de,12,13,1.0833333333333333
cnhuadong.net,6,5,0.8333333333333334
britishsurnames.net,15,16,1.0666666666666667
amantesdoprazer.com,17,16,0.9411764705882353
andrearees.com,18,17,0.9444444444444444
abbiehoffman.org,14,13,0.9285714285714286
cashimee.com,24,29,1.2083333333333333
chi-ky.com,16,15,0.9375
bjjsc.com,15,16,1.0666666666666667
axsnehosting.com,26,29,1.1153846153846154
amatube.com,10,9,0.9
8q18.com,13,12,0.9230769230769231
abschreibungen.at,12,13,1.0833333333333333
areghost.com,28,37,1.3214285714285714
canoetrips.org,20,21,1.05
bosem.org,10,9,0.9
ashenatural.com,16,16,1.0
b-tight.com,12,13,1.0833333333333333
100jahreauto.de,21,20,0.9523809523809523
ashtangayoga.ca,10,9,0.9
ck.ua,4134,6086,1.4721819061441703
braces-ortho.com,12,11,0.9166666666666666
autoenginesservice.com,12,13,1.0833333333333333
buyfo.com,18,17,0.9444444444444444
7vs3.com,15,17,1.1333333333333333
3dplus.net,14,15,1.0714285714285714
abundanceforme.com,17,16,0.9411764705882353
4854.com,18,17,0.9444444444444444
azdea.com,15,16,1.0666666666666667
025xly.com,3,2,0.6666666666666666
bangalore.fr,12,13,1.0833333333333333
4she.com,15,16,1.0666666666666667
bazapa.net,13,14,1.0769230769230769
arunprakash.com,17,16,0.9411764705882353
4natives.com,20,23,1.15
b2223.cn,5,4,0.8
colormessage.com,11,10,0.9090909090909091
andreachris.com,15,16,1.0666666666666667
aaaapartments.com,14,13,0.9285714285714286
apuesta.eu,12,13,1.0833333333333333
appno.com,11,10,0.9090909090909091
architectinoxford.com,19,18,0.9473684210526315
assenteismo.com,12,13,1.0833333333333333
b7264.cn,5,4,0.8
chooner.com,14,15,1.0714285714285714
buddyknox.com,18,17,0.9444444444444444
actionfigurefan.info,14,15,1.0714285714285714
38sm.com,13,12,0.9230769230769231
carcluster.com,18,18,1.0
bkl-euskirchen.de,12,13,1.0833333333333333
bgdcl.com,13,14,1.0769230769230769
badeffectsofsmoking.com,15,16,1.0666666666666667
cisda.com,13,14,1.0769230769230769
asgames.com,13,12,0.9230769230769231
celebs9.com,17,19,1.1176470588235294
chickbill.com,17,16,0.9411764705882353
adultxxxstory.net,14,13,0.9285714285714286
bongir.com,12,13,1.0833333333333333
asecretgardenflst.net,12,11,0.9166666666666666
104wpay.com,18,17,0.9444444444444444
cassinos.com,20,21,1.05
05525.de,12,13,1.0833333333333333
92mshi.com,12,13,1.0833333333333333
aboutmagictricks.com,13,12,0.9230769230769231
4news.com,14,15,1.0714285714285714
camellot.com,12,13,1.0833333333333333
amaryllidaceae.com,17,16,0.9411764705882353
civilization-site.hu,12,13,1.0833333333333333
avtotuning.eu,15,17,1.1333333333333333
angelaz.com,18,17,0.9444444444444444
allendaleunionchapel.com,12,13,1.0833333333333333
campus-careers.com,18,17,0.9444444444444444
0351aktiv.de,18,19,1.0555555555555556
arisku.com,15,16,1.0666666666666667
beachside.jp,12,13,1.0833333333333333
bethere.tv,13,12,0.9230769230769231
classyleathers.com,17,16,0.9411764705882353
cimgghana.com,15,16,1.0666666666666667
auuu.de,24,26,1.0833333333333333
44142.com,12,13,1.0833333333333333
attracter.com,16,15,0.9375
batteryblogs.com,15,16,1.0666666666666667
56wen.com,8,7,0.875
chipnet.de,13,14,1.0769230769230769
bongiorno.at,13,14,1.0769230769230769
aiiaaccess.com,23,26,1.1304347826086956
09232.de,12,13,1.0833333333333333
39t.org,13,13,1.0
alqeym.com,18,17,0.9444444444444444
blinkpush.com,29,32,1.103448275862069
3721.com,54,54,1.0
breas.net,14,14,1.0
890qj.com,13,12,0.9230769230769231
aeroponics.de,17,17,1.0
bplyaab.org,14,15,1.0714285714285714
20-80pr.com,11,10,0.9090909090909091
axhs.com,32,41,1.28125
achildsway.org,11,10,0.9090909090909091
chk8.com,25,24,0.96
bettermake.com,15,16,1.0666666666666667
asdasd.com,38,46,1.2105263157894737
99168.org,5,4,0.8
bphd.com,12,13,1.0833333333333333
codefinder.net,12,13,1.0833333333333333
21stores.com,15,14,0.9333333333333333
auctionatrailer.com,14,13,0.9285714285714286
177xz.com,13,12,0.9230769230769231
biadab.com,18,17,0.9444444444444444
12b5.com,12,11,0.9166666666666666
bctn.com,20,21,1.05
123expressions.com,13,14,1.0769230769230769
beamup.net,12,13,1.0833333333333333
clownsuit.net,15,16,1.0666666666666667
ausbildungsberufe.net,16,16,1.0
bajacharter.com,28,27,0.9642857142857143
33ri.com,13,12,0.9230769230769231
baldwinharpsichord.com,14,15,1.0714285714285714
bstrings.org,12,13,1.0833333333333333
avagodigital.com,17,20,1.1764705882352942
allhunkguys.com,13,14,1.0769230769230769
bsao.org,18,18,1.0
3wgirl.com,15,16,1.0666666666666667
bigblue.ca,13,14,1.0769230769230769
94579.de,12,13,1.0833333333333333
2813.de,12,13,1.0833333333333333
caravan-dresden.de,15,14,0.9333333333333333
annachristina.com,16,17,1.0625
blogmichet.com,15,16,1.0666666666666667
a1-label.com,23,24,1.0434782608695652
boltonmansion.com,18,17,0.9444444444444444
581qq.com,11,11,1.0
aabox.org,18,17,0.9444444444444444
aegisbleu.com,17,16,0.9411764705882353
a-pluseducation.com,12,11,0.9166666666666666
b29s.com,12,13,1.0833333333333333
bpa.gov,73,84,1.1506849315068493
020nic.com,3,2,0.6666666666666666
apants.com,20,21,1.05
100gs.com,14,14,1.0
augusto.eu,12,13,1.0833333333333333
a9329.cn,5,4,0.8
bambooshoot.com,12,13,1.0833333333333333
astructuredsettlement.info,14,13,0.9285714285714286
art4u.jp,15,16,1.0666666666666667
543p.com,13,12,0.9230769230769231
91287.de,12,13,1.0833333333333333
aussenwirtschaft.info,21,22,1.0476190476190477
barplugs4u.com,13,14,1.0769230769230769
acapara.com,12,11,0.9166666666666666
acercadenosotros.com,12,13,1.0833333333333333
c7493.cn,5,4,0.8
83137.com,12,13,1.0833333333333333
bdhb.com,13,14,1.0769230769230769
arkias.com,12,13,1.0833333333333333
blackmailer.com,12,13,1.0833333333333333
blackroomlabels.com,15,16,1.0666666666666667
catchme.net,12,13,1.0833333333333333
areospace.net,17,16,0.9411764705882353
centersmedia.com,15,16,1.0666666666666667
297.fr,14,15,1.0714285714285714
chnwei.com,11,10,0.9090909090909091
11064.net,11,10,0.9090909090909091
bop-mail.com,14,13,0.9285714285714286
chhandam.com,14,15,1.0714285714285714
arcanumvisual.com,15,14,0.9333333333333333
a-o.net,12,13,1.0833333333333333
coatcolors.com,15,16,1.0666666666666667
buffalohump.com,12,13,1.0833333333333333
cat-lover.net,20,21,1.05
anbei.com,11,10,0.9090909090909091
airplaning.com,15,14,0.9333333333333333
autobuilder.jp,15,16,1.0666666666666667
cemr.org,8,7,0.875
arschkratzer.de,13,14,1.0769230769230769
55999.net,11,10,0.9090909090909091
carero.com,11,10,0.9090909090909091
audtion.net,12,13,1.0833333333333333
81mv.com,18,17,0.9444444444444444
articleredux.com,14,15,1.0714285714285714
chicchica.net,17,16,0.9411764705882353
93bb.info,14,14,1.0
cmlug.org,18,21,1.1666666666666667
carpriceindia.com,14,15,1.0714285714285714
bltchemistry.com,15,16,1.0666666666666667
blackmoon-online.com,19,23,1.2105263157894737
arienzo.com,10,9,0.9
b5693.cn,5,4,0.8
aogold.com,18,18,1.0
bankruptcyforms.com,20,23,1.15
buttop.com,17,16,0.9411764705882353
bpro.ca,17,16,0.9411764705882353
bicerin.de,13,14,1.0769230769230769
aipti.com,18,19,1.0555555555555556
6at7.com,14,15,1.0714285714285714
best-home-interior-design.net,13,12,0.9230769230769231
chyna.org,18,21,1.1666666666666667
adadz.com,13,14,1.0769230769230769
2680.de,12,13,1.0833333333333333
co-girls.net,16,17,1.0625
4sin.com,14,13,0.9285714285714286
celax.com,12,13,1.0833333333333333
boysonthedocks.com,13,13,1.0
board4life.com,12,13,1.0833333333333333
c4085.cn,5,4,0.8
artmonitor.com,13,14,1.0769230769230769
borussenfront.de,13,14,1.0769230769230769
525dergi.com,13,14,1.0769230769230769
casino-reviewed.com,15,16,1.0666666666666667
aureoles.com,13,14,1.0769230769230769
caryard.net,16,15,0.9375
anginaanswers.com,15,16,1.0666666666666667
assania.com,18,17,0.9444444444444444
ballene.com,14,14,1.0
abogados.ca,11,10,0.9090909090909091
americangospelquartet.org,18,19,1.0555555555555556
aimcu.com,5,4,0.8
7ally.net,18,17,0.9444444444444444
12-k.com,12,13,1.0833333333333333
8566b.com,8,7,0.875
blogl.com,12,13,1.0833333333333333
australiapunk.com,12,13,1.0833333333333333
1x4.org,20,21,1.05
ap-krebs.de,17,17,1.0
afpasi.com,16,16,1.0
chadspizza.com,17,16,0.9411764705882353
a8112.cn,5,4,0.8
boxwoodblight.org,11,10,0.9090909090909091
bimforum.com,19,18,0.9473684210526315
btcreserve.com,15,16,1.0666666666666667
3xsu.com,14,13,0.9285714285714286
applevision.eu,17,16,0.9411764705882353
christianlouboutinshoesstore.com,17,16,0.9411764705882353
aobfc.com,13,14,1.0769230769230769
automile.ca,15,14,0.9333333333333333
chamedan.org,14,13,0.9285714285714286
7-z-7.com,13,12,0.9230769230769231
brotherman.de,12,13,1.0833333333333333
archades.com,15,16,1.0666666666666667
aa.no,10,12,1.2
clasesucn.com,18,19,1.0555555555555556
acadianawebsites.com,15,16,1.0666666666666667
avaxdns.net,11,10,0.9090909090909091
afganistan.at,12,13,1.0833333333333333
bijdehandjes.net,12,13,1.0833333333333333
aubepines.com,15,16,1.0666666666666667
airlineticket.pro,10,9,0.9
clareanimalwelfare.org,13,14,1.0769230769230769
bokedm.com,14,13,0.9285714285714286
andhrastylerecipes.com,15,16,1.0666666666666667
a1843.cn,5,4,0.8
0735nl.com,5,4,0.8
chodziez.pl,40,50,1.25
binaryfluxsolutions.com,18,19,1.0555555555555556
almasartv.com,14,15,1.0714285714285714
59-ka.com,14,14,1.0
cflp.org,20,21,1.05
aaronic.net,11,10,0.9090909090909091
animasjoner.com,13,14,1.0769230769230769
17t58.com,15,16,1.0666666666666667
ancajas.org,17,16,0.9411764705882353
agoe.com,60,68,1.1333333333333333
aftrhr.com,15,16,1.0666666666666667
chaneler.com,11,10,0.9090909090909091
co.dm,20,21,1.05
a4ia.org,29,30,1.0344827586206897
axilus.com,12,13,1.0833333333333333
andrewanderson.net,12,11,0.9166666666666666
autist.de,12,13,1.0833333333333333
bdh.be,14,16,1.1428571428571428
city-netz.com,26,29,1.1153846153846154
british-towns.net,42,49,1.1666666666666667
buddyru.com,10,9,0.9
clubpengingang.com,13,14,1.0769230769230769
benildo.com,12,13,1.0833333333333333
acsi.net,19,18,0.9473684210526315
clicksuremedia.com,18,17,0.9444444444444444
afghanobserver.com,13,12,0.9230769230769231
adller.de,12,13,1.0833333333333333
bricolab.com,12,13,1.0833333333333333
certification-nortel.com,12,11,0.9166666666666666
apsn.org,20,21,1.05
burcode.net,21,24,1.1428571428571428
btnaccess.com,43,43,1.0
allusions.net,12,13,1.0833333333333333
atlasshrugged.tv,16,15,0.9375
97bdyy.com,13,14,1.0769230769230769
ampool.de,12,13,1.0833333333333333
actinium.at,10,13,1.3
chainmakers.com,12,13,1.0833333333333333
bpqt.com,13,14,1.0769230769230769
24x7toners.com,14,14,1.0
cegek.com,12,13,1.0833333333333333
antirides.org,17,18,1.0588235294117647
006poker.com,17,16,0.9411764705882353
amerpages.com,28,31,1.1071428571428572
arcacmf.org,28,31,1.1071428571428572
businessglobe.eu,12,13,1.0833333333333333
cambriahistoricalsociety.org,13,12,0.9230769230769231
cofradiadelcalvario.com,14,15,1.0714285714285714
88852.com,7,6,0.8571428571428571
brakrealty.com,13,12,0.9230769230769231
atlantasingle.net,12,13,1.0833333333333333
angel139.com,14,15,1.0714285714285714
bluefieldstate.edu,24,27,1.125
barmaids.org,15,14,0.9333333333333333
22kl.com,11,11,1.0
alliane.com,15,16,1.0666666666666667
15inchsubwoofers.com,15,14,0.9333333333333333
0852w.net,12,12,1.0
coefficients.com,14,13,0.9285714285714286
buttsex.org,15,14,0.9333333333333333
businesh.com,13,12,0.9230769230769231
c3442.cn,5,4,0.8
cdfood.org,14,15,1.0714285714285714
ankhuequan.com,10,9,0.9
bargaintravel.ca,15,16,1.0666666666666667
5thaveelectronics.com,13,12,0.9230769230769231
amoreliquidoilfilm.com,15,16,1.0666666666666667
a6x.org,13,14,1.0769230769230769
allisfairinloveandwar.com,14,14,1.0
3x-free.net,13,14,1.0769230769230769
campocatino.com,12,13,1.0833333333333333
co.kg,53,64,1.2075471698113207
allthehitsb951.com,12,11,0.9166666666666666
balmoralbeach.com,15,16,1.0666666666666667
78b.cn,9,8,0.8888888888888888
bshkh.com,14,13,0.9285714285714286
a7878.com,13,13,1.0
acombnews.com,19,18,0.9473684210526315
chao2.com,16,19,1.1875
aptitute.com,12,13,1.0833333333333333
analtraining.com,13,14,1.0769230769230769
bkde.de,18,17,0.9444444444444444
clubcards.de,12,13,1.0833333333333333
aufbewahren.net,12,13,1.0833333333333333
businesspad.org,13,14,1.0769230769230769
acloftheknee.com,13,12,0.9230769230769231
ante.com,11,10,0.9090909090909091
a335.com,5,4,0.8
baby-gallerie.de,13,14,1.0769230769230769
amurox.com,21,22,1.0476190476190477
boonsboro.org,14,15,1.0714285714285714
catalyticgroup.com,25,30,1.2
bckdc.com,17,19,1.1176470588235294
buyphotolens.com,12,11,0.9166666666666666
blitzkrieg.de,12,13,1.0833333333333333
brookscubed.com,11,10,0.9090909090909091
actuariesindia.com,13,14,1.0769230769230769
bequatscht.de,13,14,1.0769230769230769
clampammeter.com,12,13,1.0833333333333333
11send.com,19,23,1.2105263157894737
aguaspheres.com,12,13,1.0833333333333333
8555.eu,12,13,1.0833333333333333
buy-software-online.net,15,16,1.0666666666666667
2bcosplay.com,13,14,1.0769230769230769
bakesalehq.com,20,23,1.15
blackdate.de,12,13,1.0833333333333333
a7asis-sa.com,13,12,0.9230769230769231
baseballslugger.com,15,16,1.0666666666666667
aqaar.com,13,12,0.9230769230769231
annoyance.de,12,13,1.0833333333333333
cheapestcartoinsurance.com,25,26,1.04
adslingers.com,31,39,1.2580645161290323
chpaters.com,13,14,1.0769230769230769
86744.de,12,13,1.0833333333333333
altinova.net,21,20,0.9523809523809523
blogsmagic.com,935,1242,1.3283422459893048
cifdesign.ro,17,19,1.1176470588235294
barrattamerican.com,9,8,0.8888888888888888
brenil.com,12,13,1.0833333333333333
a1775.cn,5,4,0.8
c2568.cn,5,4,0.8
bludomain4.com,19,19,1.0
ccxqq.com,11,10,0.9090909090909091
baltimore-garagedoors.com,17,16,0.9411764705882353
alphasat.tv,19,18,0.9473684210526315
1mansjunk.biz,14,14,1.0
baladnanews.com,20,23,1.15
antitragus.com,17,16,0.9411764705882353
alkaeda.net,12,13,1.0833333333333333
avtozapchast.info,19,18,0.9473684210526315
bimorbg.com,15,16,1.0666666666666667
anytime.de,12,13,1.0833333333333333
athenssalonandspa.com,19,19,1.0
75200.com,15,16,1.0666666666666667
apwsd.com,12,13,1.0833333333333333
51render.com,5,4,0.8
adventurelake.com,15,16,1.0666666666666667
amorphious.com,17,16,0.9411764705882353
bhbjw.com,1,0,0.0
audiolibra.com,12,13,1.0833333333333333
axiant.com,15,17,1.1333333333333333
agdt.de,12,13,1.0833333333333333
banc.eu,12,13,1.0833333333333333
aitkenlaw.com,19,18,0.9473684210526315
childtv.org,12,11,0.9166666666666666
coffeco.net,23,26,1.1304347826086956
annenkirche-dresden.de,16,15,0.9375
bkkutd.com,12,13,1.0833333333333333
17re.net,15,16,1.0666666666666667
aiany.org,20,20,1.0
cfool.com,14,15,1.0714285714285714
babyboydoll.org,17,16,0.9411764705882353
bathroomscales.de,12,13,1.0833333333333333
allkindsstuff.com,13,12,0.9230769230769231
bilalhussain.info,14,13,0.9285714285714286
bpguide.com,15,14,0.9333333333333333
aiosr.net,24,25,1.0416666666666667
airfos.com,12,13,1.0833333333333333
boredadults.com,13,14,1.0769230769230769
clflagger.com,17,16,0.9411764705882353
coatbank.com,17,16,0.9411764705882353
brunnenkresse.de,17,16,0.9411764705882353
ai-land.info,14,13,0.9285714285714286
cascadebrewery.com,14,15,1.0714285714285714
ausfest.com,21,21,1.0
billigautos.ch,12,13,1.0833333333333333
b8gg.com,20,19,0.95
buy-lcd-flat-panel-monitors.com,13,12,0.9230769230769231
838k.com,15,14,0.9333333333333333
buylinkslondon.com,17,16,0.9411764705882353
blackdogmastering.com,11,11,1.0
americandialects.com,20,21,1.05
chicheer.com,8,7,0.875
cocomong.net,12,13,1.0833333333333333
addictiveflash.com,12,11,0.9166666666666666
agqa7.com,11,11,1.0
bymay.com,13,14,1.0769230769230769
adventist.com,12,13,1.0833333333333333
apep.de,15,14,0.9333333333333333
capartblog.com,17,16,0.9411764705882353
artmomenti.de,12,13,1.0833333333333333
aidanchopra.com,21,20,0.9523809523809523
co.ci,49,52,1.0612244897959184
100thofasecond.com,18,20,1.1111111111111112
bilde.org,12,13,1.0833333333333333
b7025.cn,5,4,0.8
bsncaribbean.net,21,27,1.2857142857142858
abmail.ca,13,14,1.0769230769230769
axn.de,21,22,1.0476190476190477
bsinet.ru,19,21,1.105263157894737
auat.de,12,13,1.0833333333333333
biyou-happy.org,12,11,0.9166666666666666
9hope.com,15,15,1.0
aqua-p.de,12,13,1.0833333333333333
bracarense.com,11,10,0.9090909090909091
borovetz.net,14,15,1.0714285714285714
a823.cn,5,4,0.8
321solutions.com,29,35,1.206896551724138
6ae6.com,14,13,0.9285714285714286
budsurvey.com,12,11,0.9166666666666666
buggered.org,12,13,1.0833333333333333
atlantathrashers.net,16,17,1.0625
birminghamblackhistory.com,22,25,1.1363636363636365
bibleorigins.com,12,13,1.0833333333333333
aotr.com,13,14,1.0769230769230769
apsfa.com,18,19,1.0555555555555556
albertorivas.com,16,17,1.0625
bikestyletours.com,27,32,1.1851851851851851
bellybuttonring.org,14,15,1.0714285714285714
bidsby.com,30,33,1.1
bestfutbol.net,11,10,0.9090909090909091
atuim.com,11,10,0.9090909090909091
4ppq.com,14,15,1.0714285714285714
ateen.com,16,15,0.9375
bodeassanhado.com,15,16,1.0666666666666667
aesop-project.org,15,14,0.9333333333333333
51qle.net,14,15,1.0714285714285714
barpasser.com,15,16,1.0666666666666667
bigdad.be,14,13,0.9285714285714286
awritersgroove.com,15,16,1.0666666666666667
colombo-reloaded.org,13,12,0.9230769230769231
alsace-lieudememoires.com,17,16,0.9411764705882353
amomsfreshstart.com,21,20,0.9523809523809523
admin-spot.com,13,14,1.0769230769230769
acclario.net,39,54,1.3846153846153846
chorherr.at,12,13,1.0833333333333333
aprendamos.com,14,15,1.0714285714285714
bimbec.com,13,12,0.9230769230769231
211777.com,12,11,0.9166666666666666
brlz.com,17,16,0.9411764705882353
cetpx.com,13,12,0.9230769230769231
ahmm.org,17,18,1.0588235294117647
blair.eu,15,14,0.9333333333333333
81cn.net,15,17,1.1333333333333333
aita.com,12,13,1.0833333333333333
collinslaw.com,15,14,0.9333333333333333
asianbutts.com,8,7,0.875
cjnevesht.com,19,20,1.0526315789473684
27410.com,14,15,1.0714285714285714
bayrel.com,12,13,1.0833333333333333
aparcamientos.com,15,14,0.9333333333333333
aphrodite-rencontre.com,15,16,1.0666666666666667
collegesurfing.net,15,16,1.0666666666666667
7cr9.com,14,13,0.9285714285714286
albavision.org,14,13,0.9285714285714286
abeles.org,12,13,1.0833333333333333
c1server.com,20,26,1.3
blaq.com,12,11,0.9166666666666666
addiron.com,14,15,1.0714285714285714
bonnaroo2007.com,12,11,0.9166666666666666
akaar.com,12,13,1.0833333333333333
bigcurve.net,12,11,0.9166666666666666
acknexturk.com,20,21,1.05
awkt.com,11,10,0.9090909090909091
citadelle.ca,5,4,0.8
69806.com,12,13,1.0833333333333333
amrif.com,14,15,1.0714285714285714
autostereoscopy.net,12,13,1.0833333333333333
askhistory.com,11,10,0.9090909090909091
8xhost.com,13,12,0.9230769230769231
71.ca,20,21,1.05
bootleg.org,14,14,1.0
alshia.net,12,11,0.9166666666666666
anime-head.com,13,14,1.0769230769230769
alinx.com,12,13,1.0833333333333333
bot0.com,17,17,1.0
chtouch.com,13,12,0.9230769230769231
23outlet.com,15,16,1.0666666666666667
abb-d.com,12,11,0.9166666666666666
blackfiregames.com,13,14,1.0769230769230769
cnv.cn,7,6,0.8571428571428571
51vcm.com,14,13,0.9285714285714286
bodyworks-inc.com,10,9,0.9
amors.org,12,13,1.0833333333333333
allgospellrics.com,11,10,0.9090909090909091
blocksets.com,16,15,0.9375
atributika.com,16,15,0.9375
2playshop.nl,15,14,0.9333333333333333
1088.de,12,13,1.0833333333333333
blubber.eu,12,13,1.0833333333333333
buyexerciseequipmentonline.net,14,15,1.0714285714285714
bleudirectory.info,15,14,0.9333333333333333
asm.md,76,122,1.605263157894737
7609.com,18,17,0.9444444444444444
antiquebrass.com,12,13,1.0833333333333333
bariavungtau.com,19,20,1.0526315789473684
apachejunction.net,12,13,1.0833333333333333
3860.net,12,13,1.0833333333333333
asteos.com,17,16,0.9411764705882353
celebrityfree.net,12,13,1.0833333333333333
bbsaa.com,12,13,1.0833333333333333
92abab.com,13,14,1.0769230769230769
capitalgainstax.net,12,13,1.0833333333333333
cgimage.com,20,21,1.05
c5853.cn,5,4,0.8
adreano.com,12,11,0.9166666666666666
akupunktieren.org,12,13,1.0833333333333333
1510thezone.com,20,23,1.15
cmfrenzy.com,22,27,1.2272727272727273
ayht.com,20,19,0.95
525sf.com,11,10,0.9090909090909091
classroomcourse.com,17,16,0.9411764705882353
bootserver.com,16,15,0.9375
7print.com,19,18,0.9473684210526315
360sata.com,14,15,1.0714285714285714
2010.de,12,13,1.0833333333333333
besvakit.com,15,16,1.0666666666666667
aaavb.com,18,17,0.9444444444444444
66fn.com,11,11,1.0
cccpes.cat,14,17,1.2142857142857142
adlan.com,17,18,1.0588235294117647
antioxidanttea.net,12,13,1.0833333333333333
cms-trains.com,14,15,1.0714285714285714
barbero-editori.it,13,14,1.0769230769230769
cellulitis.pro,12,13,1.0833333333333333
absolute-ceramics.com,16,18,1.125
area61server.nl,20,23,1.15
adchn.net,3,2,0.6666666666666666
ansns.com,13,12,0.9230769230769231
acusada.com,11,10,0.9090909090909091
34845.com,12,13,1.0833333333333333
cd120.net,19,22,1.1578947368421053
clevercookstore.com,13,14,1.0769230769230769
airclima.ru,17,19,1.1176470588235294
bumblefishsushi.com,11,10,0.9090909090909091
aex.com,18,18,1.0
cathand.org,15,15,1.0
awatches.com,19,18,0.9473684210526315
buchkritiken.com,17,16,0.9411764705882353
aledrinker.com,12,13,1.0833333333333333
2i4.com,12,13,1.0833333333333333
cistria.com,12,13,1.0833333333333333
b1591.cn,5,4,0.8
alamomedicalresearch.com,13,13,1.0
1motty.com,16,19,1.1875
acousticguitarreviewssite.info,13,14,1.0769230769230769
aoyusy.com,3,2,0.6666666666666666
8617.info,18,17,0.9444444444444444
c1150.cn,5,4,0.8
5un.de,12,13,1.0833333333333333
busty2.com,18,17,0.9444444444444444
1748vb.com,11,10,0.9090909090909091
altavi.com,17,16,0.9411764705882353
aktiv-unterwegs.de,15,14,0.9333333333333333
bungarampai.com,11,10,0.9090909090909091
canadawindsor.com,15,16,1.0666666666666667
bumblebees.ca,15,16,1.0666666666666667
borntowin.org,13,14,1.0769230769230769
11cctv.com,11,10,0.9090909090909091
audiquattro.com,11,10,0.9090909090909091
astarelectronics.com,13,14,1.0769230769230769
bombastus.net,11,10,0.9090909090909091
buchautoren.net,15,16,1.0666666666666667
barred.com,12,13,1.0833333333333333
928rt.com,13,12,0.9230769230769231
bodystore.org,12,13,1.0833333333333333
beroemdheden.net,12,13,1.0833333333333333
cheapcrazy.com,11,10,0.9090909090909091
acenti.net,9,8,0.8888888888888888
chryslerrideshare.com,18,17,0.9444444444444444
aquafunds.com,18,19,1.0555555555555556
airportcadillac.com,17,16,0.9411764705882353
apocalyptical.com,14,15,1.0714285714285714
chasinaroundm.com,13,12,0.9230769230769231
belimore.info,22,27,1.2272727272727273
buxna.com,17,16,0.9411764705882353
billybayne.com,21,20,0.9523809523809523
charoom.com,31,34,1.096774193548387
a4277.cn,5,4,0.8
9fb.info,16,15,0.9375
60age.com,12,13,1.0833333333333333
basmitzvah.org,12,13,1.0833333333333333
boston2.com,13,14,1.0769230769230769
brazosbaskets.com,14,15,1.0714285714285714
chubbygirlbrigade.com,13,14,1.0769230769230769
abfassen.de,13,14,1.0769230769230769
5md.com,5,4,0.8
afynz.com,16,17,1.0625
cheat-network.de,21,24,1.1428571428571428
bharatobserver.com,19,20,1.0526315789473684
coachinn.com,20,21,1.05
ambasader.com,12,13,1.0833333333333333
a4371.cn,5,4,0.8
approvato.com,17,16,0.9411764705882353
carnaldungeon.com,12,13,1.0833333333333333
barsava.com,15,16,1.0666666666666667
callowtop.com,15,16,1.0666666666666667
bebetterguys.com,17,18,1.0588235294117647
c5707.cn,5,4,0.8
burundirealite.com,12,13,1.0833333333333333
accendo.com,12,13,1.0833333333333333
7bnh.com,14,13,0.9285714285714286
beaconfalls.us,14,13,0.9285714285714286
boundwill.com,22,21,0.9545454545454546
cheerxs.com,13,14,1.0769230769230769
6eyf.com,13,12,0.9230769230769231
acuinc.com,13,14,1.0769230769230769
central-torrent.com,11,10,0.9090909090909091
cdacs.com,15,16,1.0666666666666667
4sfs.com,13,12,0.9230769230769231
angeli.ch,18,21,1.1666666666666667
camphor.com,12,13,1.0833333333333333
aktiviteler.com,12,13,1.0833333333333333
and6.de,17,17,1.0
bjqhf.com,13,12,0.9230769230769231
chileros.com,12,13,1.0833333333333333
ccty4.com,8,7,0.875
ailishi.cn,5,4,0.8
asiaimpact.com,12,12,1.0
besichtiger.de,12,13,1.0833333333333333
askinman.com,13,14,1.0769230769230769
buzzbuddy.net,13,14,1.0769230769230769
brisa1031.com,15,16,1.0666666666666667
allthepeoples.com,21,24,1.1428571428571428
allnlp.com,20,21,1.05
buyzl.com,12,13,1.0833333333333333
castrum.com,19,18,0.9473684210526315
buyandsellchips.com,13,14,1.0769230769230769
bloomshine.com,17,16,0.9411764705882353
cencenigheagordino.com,15,14,0.9333333333333333
bd188.com,12,11,0.9166666666666666
boellhof.de,12,13,1.0833333333333333
c-store.org,12,13,1.0833333333333333
arttable.de,12,13,1.0833333333333333
12341234.net,7,7,1.0
biancoscudati.net,14,15,1.0714285714285714
alhughes.com,12,13,1.0833333333333333
bounces.net,12,13,1.0833333333333333
4wheelingplus.com,20,22,1.1
artcastle.de,12,13,1.0833333333333333
ahmad-7885.com,12,13,1.0833333333333333
buildingconservation.eu,10,9,0.9
bergton.com,14,13,0.9285714285714286
brightcove.com,162,189,1.1666666666666667
axjnd.com,16,15,0.9375
bjgsyy.com,5,4,0.8
11http.com,12,13,1.0833333333333333
cdykj.com,13,12,0.9230769230769231
adcnet.com,15,16,1.0666666666666667
bluecrossblueshieldoftexas.net,14,15,1.0714285714285714
beyoung.eu,12,13,1.0833333333333333
boxsplit.com,14,14,1.0
aubryandroxy.com,13,14,1.0769230769230769
billigespil.com,13,14,1.0769230769230769
betriebswirtin.org,13,14,1.0769230769230769
ais61.com,11,11,1.0
23724.com,11,10,0.9090909090909091
bbsurrogacy.com,12,11,0.9166666666666666
5den.com,10,9,0.9
asspr.com,13,14,1.0769230769230769
666tm.com,12,13,1.0833333333333333
4ccq.com,5,4,0.8
9773.info,14,13,0.9285714285714286
antenalatina.com,13,14,1.0769230769230769
bh5.net,12,12,1.0
431st.com,12,13,1.0833333333333333
boxer.fr,13,14,1.0769230769230769
300gb.com,13,14,1.0769230769230769
bestbu.com,13,12,0.9230769230769231
btmgv.com,13,12,0.9230769230769231
bodypaintingcalendars.com,14,13,0.9285714285714286
cidamedeiros.org,21,20,0.9523809523809523
audrey.net,12,13,1.0833333333333333
amman2009.com,11,10,0.9090909090909091
ar4w.net,12,13,1.0833333333333333
arthurrimbaud.be,22,23,1.0454545454545454
5itxs.com,11,11,1.0
christdominion.com,15,16,1.0666666666666667
asbdesigns.com,23,23,1.0
babemature.com,15,16,1.0666666666666667
blog-testing-lab.info,11,10,0.9090909090909091
bulldogproducts.com,30,34,1.1333333333333333
12lh.com,13,12,0.9230769230769231
46551.com,13,12,0.9230769230769231
casle.com,16,15,0.9375
billigtarife.de,13,14,1.0769230769230769
artxilla.com,15,16,1.0666666666666667
365wall.com,10,9,0.9
candy.ca,12,13,1.0833333333333333
bgumall.com,16,15,0.9375
bellanapolihashhouseharriers.com,16,18,1.125
akhisarrehber.net,17,19,1.1176470588235294
cassettetapes.org,21,20,0.9523809523809523
alleinflug.de,14,15,1.0714285714285714
35509.com,11,10,0.9090909090909091
a8449.cn,5,4,0.8
coldhere.com,15,16,1.0666666666666667
cnaizheng.com,10,9,0.9
christianloans-usa.com,20,21,1.05
adhalo.org,14,14,1.0
chasenight.net,19,19,1.0
breakon.com,14,13,0.9285714285714286
bgyn.com,40,45,1.125
backscattered.com,15,16,1.0666666666666667
bivioblog.com,12,13,1.0833333333333333
44shop.com,8,7,0.875
6fears.net,13,14,1.0769230769230769
0x5c.com,14,14,1.0
abunza.com,48,50,1.0416666666666667
a-arts.com,13,14,1.0769230769230769
cloudondemand.com,14,13,0.9285714285714286
arizonaattorneydui.org,13,14,1.0769230769230769
artproto.com,14,15,1.0714285714285714
aboutwhatmatters.com,10,9,0.9
b1273.cn,5,4,0.8
actorguru.com,29,36,1.2413793103448276
airshift.net,12,11,0.9166666666666666
608.com,11,10,0.9090909090909091
5608.de,16,15,0.9375
afzb.de,16,17,1.0625
auctionaddict.com,14,13,0.9285714285714286
chesscanada.ca,15,16,1.0666666666666667
backhold.com,19,18,0.9473684210526315
aqkg.com,12,13,1.0833333333333333
autoinsurancepricequote.com,12,13,1.0833333333333333
54342.com,10,9,0.9
andhralekha.com,29,37,1.2758620689655173
51771.net,17,16,0.9411764705882353
baddogautodetailing.com,17,16,0.9411764705882353
art-1.com,11,10,0.9090909090909091
collectorsitems.eu,10,9,0.9
clowningaround.com,20,23,1.15
antivirus-news.net,13,13,1.0
blagblagblag.org,33,41,1.2424242424242424
botium.com,12,13,1.0833333333333333
236dh.com,7,6,0.8571428571428571
a-yarn.com,18,17,0.9444444444444444
blackpinguin.com,15,16,1.0666666666666667
44582.com,11,10,0.9090909090909091
chicphotographyonline.com,29,30,1.0344827586206897
cana-da.com,15,16,1.0666666666666667
bestcasinocards.com,11,10,0.9090909090909091
9xwb.com,13,12,0.9230769230769231
argentinabrunetti.com,15,16,1.0666666666666667
babymattressfurniture.com,18,18,1.0
burstarcade.com,13,14,1.0769230769230769
aarse.org,15,14,0.9333333333333333
515gc.com,12,11,0.9166666666666666
colleenmoore.org,18,17,0.9444444444444444
career-crossroads.net,13,12,0.9230769230769231
actiniclight.com,12,13,1.0833333333333333
50ies.de,12,13,1.0833333333333333
abration.com,17,16,0.9411764705882353
c6c1.com,13,12,0.9230769230769231
b5015.cn,5,4,0.8
0bod.com,15,15,1.0
beedroom.com,15,16,1.0666666666666667
altenhof.com,12,13,1.0833333333333333
123macmini.com,17,21,1.2352941176470589
brandcast.tv,22,25,1.1363636363636365
baski.net,11,10,0.9090909090909091
brielarson.com,15,16,1.0666666666666667
chattip.com,15,16,1.0666666666666667
16000.net,3,2,0.6666666666666666
caryinsurancerates.com,17,16,0.9411764705882353
allassa.com,13,14,1.0769230769230769
chunkytwist.com,17,16,0.9411764705882353
aacpl.org,15,16,1.0666666666666667
barbina.com,12,13,1.0833333333333333
c2843.cn,5,4,0.8
77-f.com,15,15,1.0
bootheelhealthystart.org,18,18,1.0
chrisfarrellproducts.net,14,15,1.0714285714285714
alsolchiapas.org,18,17,0.9444444444444444
burningvoices.com,19,22,1.1578947368421053
civicaction.org,12,13,1.0833333333333333
b1444.cn,5,4,0.8
25794.de,12,13,1.0833333333333333
artinbloom.com,12,13,1.0833333333333333
aholly.com,12,11,0.9166666666666666
chempro.com,13,12,0.9230769230769231
ayadst.com,16,17,1.0625
cafe-freiheit.de,13,14,1.0769230769230769
afgahnistan.de,12,13,1.0833333333333333
adanadidem.net,13,12,0.9230769230769231
betterwebbuilder.info,17,16,0.9411764705882353
brecheen.com,12,13,1.0833333333333333
canlitv-24.com,17,19,1.1176470588235294
alibrary.com,13,15,1.1538461538461537
calorimeter.net,13,14,1.0769230769230769
bryler.com,15,14,0.9333333333333333
ccwo.com,15,16,1.0666666666666667
cabserver.com,21,20,0.9523809523809523
albawade.net,10,9,0.9
cheersdistributors.com,14,15,1.0714285714285714
buickl.com,13,14,1.0769230769230769
belzner.com,13,14,1.0769230769230769
cgk.de,13,14,1.0769230769230769
blogfinder24.de,13,15,1.1538461538461537
b7142.cn,5,4,0.8
best-in-ear-headphones.com,16,15,0.9375
adventphysics.org,20,19,0.95
bzqsx.cn,5,4,0.8
ad003.com,12,11,0.9166666666666666
centerstone.ca,15,16,1.0666666666666667
3c100.net,5,4,0.8
assumption.de,12,13,1.0833333333333333
action-innovations.com,11,10,0.9090909090909091
buys.at,12,13,1.0833333333333333
assistindo.net,32,43,1.34375
0cf.net,13,13,1.0
buildign.com,15,16,1.0666666666666667
a1335.cn,5,4,0.8
80hol.com,13,12,0.9230769230769231
apreamare.com,13,14,1.0769230769230769
616c.com,13,12,0.9230769230769231
athiesm.net,19,18,0.9473684210526315
butget.de,12,13,1.0833333333333333
a2322.cn,5,4,0.8
cinesource.com,13,14,1.0769230769230769
besolutions.net,12,13,1.0833333333333333
c-ntn.net,15,16,1.0666666666666667
ask-kimberly.com,21,20,0.9523809523809523
bardai.com,13,14,1.0769230769230769
aetcpr.com,13,14,1.0769230769230769
animerankings.com,17,16,0.9411764705882353
7obelbnat.com,13,14,1.0769230769230769
bmyt.com,11,10,0.9090909090909091
atvpro.com,20,21,1.05
certifiedconveyancetraining.com,16,17,1.0625
capsoftball.org,12,13,1.0833333333333333
ameritimelending.com,15,16,1.0666666666666667
chose.com,14,13,0.9285714285714286
bikerfest.de,12,13,1.0833333333333333
cerigua.com,12,13,1.0833333333333333
c6170.cn,5,4,0.8
bjftjs.com,5,4,0.8
a-foreign-affair-loveave.com,15,15,1.0
chessphoto.com,18,17,0.9444444444444444
albanisch.eu,12,13,1.0833333333333333
abenteuerzoometelen.de,12,13,1.0833333333333333
ahcd.org,7,6,0.8571428571428571
1562.de,12,13,1.0833333333333333
callofthegame.com,18,17,0.9444444444444444
4xy.com,12,13,1.0833333333333333
ccafricasafaris.com,11,10,0.9090909090909091
ajdu.de,12,13,1.0833333333333333
160led.com,5,4,0.8
codemonkey.de,12,13,1.0833333333333333
a8031.cn,5,4,0.8
4lit.com,15,16,1.0666666666666667
ajinamoto.com,13,14,1.0769230769230769
banistmo.com,24,25,1.0416666666666667
beaufixerp.com,14,15,1.0714285714285714
chatshack.net,17,16,0.9411764705882353
classic-events.com,24,24,1.0
acotedetoi.com,16,17,1.0625
ccorners.com,14,15,1.0714285714285714
baasa.net,12,13,1.0833333333333333
cisci.org,13,14,1.0769230769230769
anti-sheep.com,12,13,1.0833333333333333
bransonstartheatre.com,38,47,1.236842105263158
bulvoa.com,15,16,1.0666666666666667
51gooo.com,12,11,0.9166666666666666
chebra.fr,12,13,1.0833333333333333
ap96.cn,5,4,0.8
aexpa.com,13,14,1.0769230769230769
4dreamer.com,18,17,0.9444444444444444
5wgci.com,15,16,1.0666666666666667
answeranimal.com,14,13,0.9285714285714286
ceburesidencialourdes.com,11,10,0.9090909090909091
boixos.com,12,13,1.0833333333333333
bebbergamo.it,13,14,1.0769230769230769
biggert.com,13,14,1.0769230769230769
1jns.com,15,16,1.0666666666666667
christkirk.com,17,16,0.9411764705882353
california-am.com,13,14,1.0769230769230769
boxingbooks.com,18,17,0.9444444444444444
bbrb.org,12,13,1.0833333333333333
bottlefeed.com,12,13,1.0833333333333333
asb1.com,15,16,1.0666666666666667
aierto.com,12,13,1.0833333333333333
cinemaverite.net,14,15,1.0714285714285714
c2502.cn,5,4,0.8
bfdw-hamburg.de,18,17,0.9444444444444444
3288uc.com,12,11,0.9166666666666666
axez.de,23,25,1.0869565217391304
brickville.com,13,14,1.0769230769230769
bermudian.net,10,9,0.9
biometrics.org,22,27,1.2272727272727273
agst-mst.org,17,16,0.9411764705882353
bondagemodel.de,12,13,1.0833333333333333
billigeghds.com,5,4,0.8
cleardefender.com,21,26,1.2380952380952381
6bestregistrycleaner.com,16,15,0.9375
angkorparklanehotel.com,15,14,0.9333333333333333
bullsnakes.com,12,13,1.0833333333333333
039.ca,17,16,0.9411764705882353
cleanorbitgum.com,15,16,1.0666666666666667
arbeit.ch,18,18,1.0
bmgservers.com,25,31,1.24
95easy.com,10,9,0.9
alqlb.com,12,13,1.0833333333333333
beffos.com,16,17,1.0625
arccp.com,15,16,1.0666666666666667
ciccotti.com,15,14,0.9333333333333333
bilkentstars.com,12,11,0.9166666666666666
bancho.cc,14,13,0.9285714285714286
70615.com,12,13,1.0833333333333333
1956.ca,15,16,1.0666666666666667
christiananders.net,9,8,0.8888888888888888
cater2u.net,18,17,0.9444444444444444
01in.com,12,13,1.0833333333333333
buguide.net,13,14,1.0769230769230769
bhoys.net,14,14,1.0
bistronovecento.com,13,14,1.0769230769230769
boardwell.com,15,16,1.0666666666666667
abarrotado.com,15,16,1.0666666666666667
changinglanes.net,14,14,1.0
315.eu,15,14,0.9333333333333333
adelaidebluesfestival.com,13,14,1.0769230769230769
728kxw.com,13,12,0.9230769230769231
2010theyearinbooks.com,21,20,0.9523809523809523
a7asis-banat.com,15,16,1.0666666666666667
astronomynews.com,13,14,1.0769230769230769
camws.org,18,21,1.1666666666666667
abillioneyes.in,21,20,0.9523809523809523
ari-up.com,15,16,1.0666666666666667
almostahlik.net,20,24,1.2
chat123.info,14,13,0.9285714285714286
bazket.net,22,27,1.2272727272727273
alcorce.com,19,18,0.9473684210526315
bangbros.org,18,17,0.9444444444444444
18rw.com,11,10,0.9090909090909091
ar-pr.com,11,10,0.9090909090909091
carcollectorsnews.com,27,32,1.1851851851851851
cocorioco.com,15,14,0.9333333333333333
billigfluggesellschaften.eu,12,13,1.0833333333333333
anatomy.tv,12,11,0.9166666666666666
antiquesworldcom.com,13,14,1.0769230769230769
badmans.com,12,13,1.0833333333333333
cmsongwriter.com,13,14,1.0769230769230769
coloncleansingonline.com,15,14,0.9333333333333333
boterkoek.com,13,14,1.0769230769230769
camjim.com,19,18,0.9473684210526315
boletinoficial.net,12,13,1.0833333333333333
buzzy-buzzs.info,14,15,1.0714285714285714
babaporno.com,14,15,1.0714285714285714
abronzinosoccer.org,13,14,1.0769230769230769
calibra.net,12,13,1.0833333333333333
bwan.com,12,13,1.0833333333333333
blackdizayn.com,15,16,1.0666666666666667
berlinprogramm.de,18,17,0.9444444444444444
circumzenithal.com,20,24,1.2
aoet.com,53,62,1.169811320754717
bearlakekoacampground.com,13,12,0.9230769230769231
1wy.com,14,14,1.0
56rw.com,12,11,0.9166666666666666
7on7.org,12,13,1.0833333333333333
budde.me,21,26,1.2380952380952381
candelabra.net,15,16,1.0666666666666667
alpacafullmoon.com,20,20,1.0
beogradska.com,18,17,0.9444444444444444
aoyas.com,12,12,1.0
brandalley.fr,17,16,0.9411764705882353
arose4ever.com,11,10,0.9090909090909091
cdmediallc.com,33,36,1.0909090909090908
andaluzadebungalows.com,12,11,0.9166666666666666
88n.eu,130,157,1.2076923076923076
chooseself.com,12,11,0.9166666666666666
chrismorgan.com,18,17,0.9444444444444444
agent79.com,13,12,0.9230769230769231
arabiqa.org,12,11,0.9166666666666666
accidentologie.fr,12,13,1.0833333333333333
arrglarks.de,14,15,1.0714285714285714
alertageral.com,13,14,1.0769230769230769
bambu4a.com,13,14,1.0769230769230769
akkolo.de,14,15,1.0714285714285714
alexpw.com,16,17,1.0625
bohrinsel.org,14,13,0.9285714285714286
672.eu,15,14,0.9333333333333333
agsolutionspc.com,12,11,0.9166666666666666
certainsound.com,13,12,0.9230769230769231
5n7.com,14,14,1.0
asiangear.com,15,14,0.9333333333333333
abkmvs.com,19,19,1.0
aaronezekiel.com,21,20,0.9523809523809523
2016qw.com,11,10,0.9090909090909091
0438.com,15,16,1.0666666666666667
candlesonlineblog.com,14,13,0.9285714285714286
7tbt.com,7,6,0.8571428571428571
avoid.ca,15,16,1.0666666666666667
bpf-seattle.org,18,18,1.0
acquittal.net,12,13,1.0833333333333333
bummy.com,12,13,1.0833333333333333
akademiaszybkosci.pl,12,13,1.0833333333333333
bolker.de,13,14,1.0769230769230769
0796ly.net,3,2,0.6666666666666666
abvir.com,14,15,1.0714285714285714
chilaxgossip.com,15,16,1.0666666666666667
cocont.com,16,17,1.0625
4deskwork.com,12,13,1.0833333333333333
caminhosturismo.com,20,19,0.95
boulderindoorcycling.com,14,13,0.9285714285714286
cmex.org,13,12,0.9230769230769231
bakersfieldchamber.com,15,16,1.0666666666666667
boxingconfidential.com,15,14,0.9333333333333333
cdfhe.cn,12,13,1.0833333333333333
allroundelites.com,15,16,1.0666666666666667
aromaticas.com,12,13,1.0833333333333333
cdwriter.ca,12,13,1.0833333333333333
ceops.eu,23,27,1.173913043478261
arduus.com,21,20,0.9523809523809523
4gxl.com,5,4,0.8
appsasabiz.com,13,12,0.9230769230769231
angellovemusic.com,13,14,1.0769230769230769
chemotechniker.de,13,14,1.0769230769230769
areyousure.com,8,7,0.875
abi-1.com,15,16,1.0666666666666667
3dnn.com,12,13,1.0833333333333333
a4456.cn,5,4,0.8
al-kasem.com,17,16,0.9411764705882353
bmane.com,18,19,1.0555555555555556
bellwines.com,15,16,1.0666666666666667
4fla.com,15,16,1.0666666666666667
budrom.com,15,16,1.0666666666666667
91ym.cn,1,0,0.0
12pkg.com,5,4,0.8
cappricio.com,12,13,1.0833333333333333
animaly.com,15,16,1.0666666666666667
absinto.com,13,14,1.0769230769230769
campagne.jp,15,16,1.0666666666666667
550jm.com,14,13,0.9285714285714286
carmenworld.com,17,16,0.9411764705882353
audiofarm.cc,12,13,1.0833333333333333
558557.com,11,10,0.9090909090909091
boniest.com,12,13,1.0833333333333333
3dfuel.com,19,18,0.9473684210526315
automatapedia.com,15,16,1.0666666666666667
casarolls.com,17,16,0.9411764705882353
alunalunindonesia.com,11,10,0.9090909090909091
arsaji.com,14,15,1.0714285714285714
agaleradodownload.info,21,26,1.2380952380952381
capichino.com,12,13,1.0833333333333333
add.com,12,13,1.0833333333333333
briefe-an-julia.de,25,26,1.04
bobbushman.com,15,16,1.0666666666666667
aimeelynn.com,16,15,0.9375
atask.com,12,13,1.0833333333333333
bgep.com,13,14,1.0769230769230769
citybycycle.com,17,16,0.9411764705882353
citylimits.ca,14,15,1.0714285714285714
858graphics.com,34,42,1.2352941176470589
adarticle.de,15,14,0.9333333333333333
bounces.org,15,14,0.9333333333333333
c9110.cn,5,4,0.8
amygap.net,11,10,0.9090909090909091
airtightnetworks.net,35,43,1.2285714285714286
bxsina.com,17,16,0.9411764705882353
aavmc.com,17,18,1.0588235294117647
979qt.com,11,10,0.9090909090909091
akblog.net,18,17,0.9444444444444444
canyoneer.com,12,13,1.0833333333333333
andromedasoft.com,17,16,0.9411764705882353
allproperties.com,15,16,1.0666666666666667
animalattractionstv.com,20,23,1.15
3tre.it,12,13,1.0833333333333333
byebyeliberty.com,14,14,1.0
br-imax.net,26,31,1.1923076923076923
bebedream.com,15,16,1.0666666666666667
bokeptante.net,14,15,1.0714285714285714
1644wmc.com,8,7,0.875
approtect.com,14,15,1.0714285714285714
24zz.com,30,33,1.1
35dev.com,14,14,1.0
autotrasport.com,15,14,0.9333333333333333
7xo.com,15,16,1.0666666666666667
autoptp.com,13,14,1.0769230769230769
cappucc.com,25,25,1.0
behindthereportaje.com,17,17,1.0
articlebrowzer.com,12,13,1.0833333333333333
birdssquirrelsninfo.com,13,14,1.0769230769230769
4hosting.com,12,13,1.0833333333333333
allasses.com,20,21,1.05
bibleguide.com,13,14,1.0769230769230769
bpelunit.org,14,13,0.9285714285714286
castellodiannone.com,12,13,1.0833333333333333
buzzweb.com,12,13,1.0833333333333333
baberuthleague.com,20,21,1.05
7daysleft.com,15,14,0.9333333333333333
badtown.com,9,8,0.8888888888888888
5ixsy.com,13,12,0.9230769230769231
bbsli.com,16,15,0.9375
bkga.info,15,14,0.9333333333333333
b8931.cn,5,4,0.8
alrodriguez.com,15,16,1.0666666666666667
clefsdenotredame.com,12,13,1.0833333333333333
a9257.cn,5,4,0.8
bluemars.de,26,30,1.1538461538461537
charlieguo.com,19,18,0.9473684210526315
asktaxintl.com,11,10,0.9090909090909091
believersstatesboro.com,20,21,1.05
byte-grafx.de,15,14,0.9333333333333333
athleticrunner.com,12,13,1.0833333333333333
championsleaguecricket.in,18,17,0.9444444444444444
bollymp3songs.com,11,10,0.9090909090909091
allstatefirenh.com,17,17,1.0
1strealty.net,18,17,0.9444444444444444
bigturnip.com,15,16,1.0666666666666667
aryriu.com,13,12,0.9230769230769231
53264.com,13,12,0.9230769230769231
bloggerpesta.com,27,30,1.1111111111111112
burlingtion.com,12,13,1.0833333333333333
cloudforms.com,13,14,1.0769230769230769
blondenewsank.com,14,15,1.0714285714285714
bedworld.org,15,14,0.9333333333333333
8x956.info,16,16,1.0
atrevy.com,15,16,1.0666666666666667
andals.com,15,14,0.9333333333333333
33984.com,21,22,1.0476190476190477
amd-unleash2.com,12,13,1.0833333333333333
bloodsugar.org,10,9,0.9
buzzers.net,12,13,1.0833333333333333
0566sc.com,1,0,0.0
brizzare.com,17,16,0.9411764705882353
accaron.com,8,7,0.875
apologize.ca,14,15,1.0714285714285714
cardloanfan.com,14,13,0.9285714285714286
brookdon718.com,16,17,1.0625
bugpro.com,12,13,1.0833333333333333
articleeconomicsnews.info,12,13,1.0833333333333333
bigbyte.de,12,13,1.0833333333333333
aidet.com,15,16,1.0666666666666667
activclic.com,27,29,1.0740740740740742
bildergarten.com,20,21,1.05
ballshit.com,17,16,0.9411764705882353
cloudmails.com,10,9,0.9
anlagengutachter.de,13,15,1.1538461538461537
33584.com,19,18,0.9473684210526315
chefwife.com,19,18,0.9473684210526315
brunolarose.com,17,16,0.9411764705882353
basshunters.com,12,13,1.0833333333333333
clientservice.de,12,13,1.0833333333333333
4uqi.com,22,27,1.2272727272727273
abandonia.org,15,14,0.9333333333333333
boshardt.com,12,11,0.9166666666666666
at-in.com,14,13,0.9285714285714286
clearvinyl.com,14,13,0.9285714285714286
84d.com,13,14,1.0769230769230769
a7786.cn,5,4,0.8
434.com,19,18,0.9473684210526315
chanteenfrancais.com,17,18,1.0588235294117647
aqueteries.com,9,8,0.8888888888888888
cipinsel.de,16,16,1.0
catering-service-solingen.de,18,21,1.1666666666666667
breechlock.com,18,17,0.9444444444444444
billigfluege-wirth.de,14,15,1.0714285714285714
anxietydisorderstoday.com,13,12,0.9230769230769231
breadandtomato.net,17,18,1.0588235294117647
allthecoins.com,16,17,1.0625
21f.org,13,14,1.0769230769230769
chickenalfredorecipes.net,13,14,1.0769230769230769
brendas-blog.com,22,21,0.9545454545454546
ch17.com,15,16,1.0666666666666667
alaico.org,23,22,0.9565217391304348
cisrg.org,14,15,1.0714285714285714
cavalery.com,12,13,1.0833333333333333
amaretto.jp,53,66,1.2452830188679245
7star.eu,12,13,1.0833333333333333
73604.com,9,8,0.8888888888888888
animalassistedtherapy.ca,15,14,0.9333333333333333
ajumu.com,14,14,1.0
72ym.net,7,7,1.0
aftermathanime.net,13,12,0.9230769230769231
23dc.jp,15,16,1.0666666666666667
ayodhya.net,15,16,1.0666666666666667
bbtgiftcard.com,14,16,1.1428571428571428
asfly.com,14,13,0.9285714285714286
991xx.net,13,12,0.9230769230769231
brportal.net,11,10,0.9090909090909091
bellxs.com,13,14,1.0769230769230769
bendala.net,13,12,0.9230769230769231
5minutes.net,12,13,1.0833333333333333
aerovias.eu,12,13,1.0833333333333333
1xc.de,20,24,1.2
bhgh.com,13,14,1.0769230769230769
20tharmoreddivision.com,14,15,1.0714285714285714
atoli.net,18,17,0.9444444444444444
autoworx.com,8,7,0.875
2bet.com,19,18,0.9473684210526315
bestlossweightdiet.com,21,20,0.9523809523809523
cheapbirdcagesforsale.net,14,15,1.0714285714285714
1halt.com,21,20,0.9523809523809523
a0573.com,1,0,0.0
beautywatchseller.com,19,20,1.0526315789473684
biznesmagic.com,18,17,0.9444444444444444
bigsteak.com,12,13,1.0833333333333333
chipzfanclub.nl,12,13,1.0833333333333333
8-l-y.com,16,17,1.0625
9l.ca,17,16,0.9411764705882353
clubwin.com,13,14,1.0769230769230769
20jy.com,13,12,0.9230769230769231
aromate.fr,15,16,1.0666666666666667
affenfein.de,18,21,1.1666666666666667
clementi.sg,21,26,1.2380952380952381
bisbeeprecisionmachine.com,12,13,1.0833333333333333
80651.com,12,13,1.0833333333333333
arielle.fr,13,14,1.0769230769230769
bubblebutt.net,20,21,1.05
bfon.de,12,13,1.0833333333333333
catavendo.com,13,14,1.0769230769230769
berganz.de,12,13,1.0833333333333333
be3t.com,12,13,1.0833333333333333
bellaire70.com,17,16,0.9411764705882353
ahlea.com,19,19,1.0
agbb.com,13,14,1.0769230769230769
b4339.cn,5,4,0.8
avampyrestory2.com,21,24,1.1428571428571428
ajkbs.com,18,17,0.9444444444444444
ccdch.com,5,4,0.8
91332.com,13,12,0.9230769230769231
bulked.com,15,14,0.9333333333333333
bakhita.org,16,15,0.9375
automonitor.com,15,16,1.0666666666666667
blackeyedjack.com,16,17,1.0625
aard.net,20,19,0.95
australiya.com,15,16,1.0666666666666667
cliffravesentertainment.net,14,13,0.9285714285714286
calle056.com,15,16,1.0666666666666667
airpollutant.com,17,16,0.9411764705882353
2gex.com,11,10,0.9090909090909091
bg-gallery.info,16,15,0.9375
apexbbdo.com,29,35,1.206896551724138
balancoires.de,12,13,1.0833333333333333
beautyhosting.com,22,27,1.2272727272727273
blackberrypinoy.info,20,21,1.05
1st-la.com,12,11,0.9166666666666666
69577.com,4,4,1.0
38aaa.com,15,15,1.0
cliftex.com,12,13,1.0833333333333333
blacktowers.es,20,19,0.95
babygiraf.be,12,13,1.0833333333333333
c367.cn,5,4,0.8
artempo.eu,15,14,0.9333333333333333
cctcgs.com,4,4,1.0
3let.com,13,12,0.9230769230769231
cbugs.com,13,14,1.0769230769230769
airjordans2010.com,14,15,1.0714285714285714
aoptix.com,36,43,1.1944444444444444
beckyann.com,18,20,1.1111111111111112
6porn.com,12,13,1.0833333333333333
boldreports.com,18,19,1.0555555555555556
arenakids.com,15,16,1.0666666666666667
chebella.net,20,21,1.05
affinitygc.com,15,15,1.0
carolsfeld.com,12,13,1.0833333333333333
6x123.cn,5,4,0.8
apptheory.com,11,10,0.9090909090909091
49hk.com,4,4,1.0
certigis.com,12,13,1.0833333333333333
cit-trujillo.org,12,13,1.0833333333333333
artofnegotiation.com,12,13,1.0833333333333333
92643.com,15,16,1.0666666666666667
100songsising.com,14,15,1.0714285714285714
best4sites.net,13,14,1.0769230769230769
americaq.com,12,13,1.0833333333333333
cdmplus.com,18,17,0.9444444444444444
bellmore.org,12,13,1.0833333333333333
appliancepartsworldwide.com,11,10,0.9090909090909091
asf-awb.org,16,17,1.0625
brilianet.com,18,17,0.9444444444444444
auttto.com,10,9,0.9
charaktereigenschaft.de,13,14,1.0769230769230769
coherentanswers.com,14,15,1.0714285714285714
adultadd.org,13,12,0.9230769230769231
1ashop.net,15,16,1.0666666666666667
cftwinsibstudy.org,15,16,1.0666666666666667
badluck.com,8,7,0.875
arpag.com,17,16,0.9411764705882353
barndance.ca,12,13,1.0833333333333333
1435.com,12,13,1.0833333333333333
angradosreis.net,12,13,1.0833333333333333
aaronnet.com,19,22,1.1578947368421053
cahost.net,16,17,1.0625
023hl.com,5,4,0.8
animeindex.net,22,21,0.9545454545454546
adventure-trail.de,14,13,0.9285714285714286
cancilla.com,12,13,1.0833333333333333
badjojo.ch,12,13,1.0833333333333333
bcrstudiosblog.com,15,16,1.0666666666666667
bodan.com,12,13,1.0833333333333333
black-shark.de,12,13,1.0833333333333333
chaurl.com,13,14,1.0769230769230769
campingbus.org,9,8,0.8888888888888888
azere.com,12,13,1.0833333333333333
3d-surf.net,12,11,0.9166666666666666
bisns.com,11,10,0.9090909090909091
bbcled.com,8,7,0.875
anwod.com,13,14,1.0769230769230769
blogssite.com,17,16,0.9411764705882353
cobu.de,12,13,1.0833333333333333
blogflaw.com,14,15,1.0714285714285714
backfront.com,12,13,1.0833333333333333
agsu.com,12,13,1.0833333333333333
ajirotutu.com,17,16,0.9411764705882353
biella.com,19,21,1.105263157894737
canesmedia.com,14,13,0.9285714285714286
canbereal.com,17,18,1.0588235294117647
bostonceltic.com,13,14,1.0769230769230769
alimy.org,15,14,0.9333333333333333
avoucher.net,16,17,1.0625
atc-raycrash.net,19,18,0.9473684210526315
1800inkjets.com,13,12,0.9230769230769231
charsada.com,12,13,1.0833333333333333
bilkentyazilim.net,23,29,1.2608695652173914
brianandjustin.com,17,16,0.9411764705882353
blsc.de,18,17,0.9444444444444444
3691.de,13,14,1.0769230769230769
canudoscoloridos.com,21,20,0.9523809523809523
celebripets.com,15,14,0.9333333333333333
annelines.com,25,24,0.96
bornwild.org,14,15,1.0714285714285714
bg-4.de,12,13,1.0833333333333333
atfs.com,16,15,0.9375
andrewgrantham.com,16,15,0.9375
02684.de,12,13,1.0833333333333333
ardouin.com,14,13,0.9285714285714286
bilgisahibi.net,13,12,0.9230769230769231
2386.net,12,13,1.0833333333333333
aaac5.com,16,15,0.9375
code-security.com,10,9,0.9
byuti.com,12,13,1.0833333333333333
bechamp.org,14,15,1.0714285714285714
aniel.be,12,13,1.0833333333333333
cheappricesblog.com,12,11,0.9166666666666666
bumpsnbabies.com,13,12,0.9230769230769231
2tshop.com,12,13,1.0833333333333333
alpinecat.com,15,16,1.0666666666666667
borghost.com,22,26,1.1818181818181819
biomach.com,17,16,0.9411764705882353
7fr.com,14,15,1.0714285714285714
bannerhome.com,15,16,1.0666666666666667
arizonabraces.com,19,18,0.9473684210526315
austinorganicpestcontrol.org,15,15,1.0
aresdownload.net,15,14,0.9333333333333333
1y2.net,12,13,1.0833333333333333
behandlingscenter.com,17,18,1.0588235294117647
86748.de,12,13,1.0833333333333333
broodplank.com,17,16,0.9411764705882353
bettermeself.com,15,14,0.9333333333333333
browbeat.net,23,22,0.9565217391304348
afyaa.net,12,11,0.9166666666666666
algrob.net,14,15,1.0714285714285714
acehardware.eu,12,13,1.0833333333333333
analverkehr.com,13,14,1.0769230769230769
ashoka.org,81,126,1.5555555555555556
aobi.de,9,8,0.8888888888888888
bewareofthis.info,17,16,0.9411764705882353
bohem-net.cz,20,21,1.05
ap65.cn,5,4,0.8
clipsasia.com,22,26,1.1818181818181819
anabaptistmennonites.org,12,11,0.9166666666666666
6m8.net,12,13,1.0833333333333333
banktransfer.com,12,13,1.0833333333333333
assessors.eu,15,14,0.9333333333333333
arxontariki.net,20,19,0.95
akariah.com,12,13,1.0833333333333333
bringers.net,15,16,1.0666666666666667
amtrakwesternadventure.com,14,15,1.0714285714285714
cnxl8.com,18,17,0.9444444444444444
999sos.com,8,7,0.875
aasllc.com,19,22,1.1578947368421053
boatmounts.com,17,16,0.9411764705882353
28pm.com,13,12,0.9230769230769231
arzuhosting.com,22,26,1.1818181818181819
buyoffline.com,12,13,1.0833333333333333
bychkiv.net,17,16,0.9411764705882353
btammolabs.com,10,9,0.9
avxxx.org,13,12,0.9230769230769231
bpmd.com,54,62,1.1481481481481481
addp-ucci.com,25,25,1.0
art2blog.info,12,13,1.0833333333333333
bjse.com,13,12,0.9230769230769231
amweiher.ch,22,24,1.0909090909090908
canilhandynasty.com,16,15,0.9375
2xg.de,12,13,1.0833333333333333
asjer.com,17,16,0.9411764705882353
000ccc.com,4,4,1.0
chadhugo.com,19,20,1.0526315789473684
betterbuy.eu,12,13,1.0833333333333333
520taobao.com,10,9,0.9
college-admissions.net,18,17,0.9444444444444444
chicasmashot.net,10,9,0.9
braaem.com,20,19,0.95
alcatra.com,20,21,1.05
bkbk.com,13,14,1.0769230769230769
b566.cn,5,4,0.8
britishatlantic.com,12,13,1.0833333333333333
110sport.com,24,27,1.125
betheltv.tv,29,35,1.206896551724138
b1250.cn,5,4,0.8
buyaolian.com,14,13,0.9285714285714286
birminghammarines.org,20,19,0.95
belmarc.net,18,17,0.9444444444444444
camiran.com,15,16,1.0666666666666667
capturers.com,14,14,1.0
achats.net,16,15,0.9375
borjuis.com,15,16,1.0666666666666667
bahnbilder-bb.de,18,22,1.2222222222222223
centralems.com,11,11,1.0
cmoctezuma.com,14,15,1.0714285714285714
beurteilungen.at,19,20,1.0526315789473684
akph.net,14,13,0.9285714285714286
bbro.com,12,13,1.0833333333333333
71126.com,12,13,1.0833333333333333
ckonesummer.net,14,15,1.0714285714285714
alsi.de,15,14,0.9333333333333333
apriliatokyo.com,19,18,0.9473684210526315
ameriel.com,12,13,1.0833333333333333
bbvss.com,8,7,0.875
acworthcablenet.net,14,15,1.0714285714285714
budismus.de,12,13,1.0833333333333333
brianlehrer.tv,11,10,0.9090909090909091
alqamzi.com,12,11,0.9166666666666666
cheaz.ru,25,29,1.16
apokrypha.com,13,14,1.0769230769230769
amazeland.com,17,16,0.9411764705882353
36hs.com,12,13,1.0833333333333333
abibrotbox.de,20,23,1.15
andai.org,12,13,1.0833333333333333
bigfuntoosh.com,16,17,1.0625
bawr.net,12,13,1.0833333333333333
c14ybor.com,18,18,1.0
5minsforfighting.com,15,16,1.0666666666666667
beyblade.net,15,16,1.0666666666666667
acsihometheater.com,16,16,1.0
andinos.com,17,16,0.9411764705882353
4kriss.net,14,15,1.0714285714285714
bataviafx.com,16,15,0.9375
a-e-s.com,12,13,1.0833333333333333
claudiaforsenate.com,16,18,1.125
beleuchtet.de,12,13,1.0833333333333333
anime-classic.net,22,25,1.1363636363636365
81445.com,11,10,0.9090909090909091
cheapfamilydental.com,15,14,0.9333333333333333
abmpartnersllc.com,12,11,0.9166666666666666
bradmore.com,16,16,1.0
clubportugalete.com,15,16,1.0666666666666667
chinafastener.info,14,13,0.9285714285714286
bloguyuz.com,111,141,1.2702702702702702
buzzingnews.com,12,11,0.9166666666666666
926c.com,12,12,1.0
bojax.com,11,10,0.9090909090909091
amrox.com,12,13,1.0833333333333333
cheat4u.de,13,14,1.0769230769230769
24-u.net,16,17,1.0625
cgfcu.com,20,19,0.95
alkham.com,11,10,0.9090909090909091
amberoil.com,17,16,0.9411764705882353
b1016.cn,5,4,0.8
arithmetize.com,13,14,1.0769230769230769
balasubas.com,15,16,1.0666666666666667
49erfanforum.com,15,16,1.0666666666666667
4919.net,15,19,1.2666666666666666
billyocasio.com,17,16,0.9411764705882353
buzzcommunicationsmusic.com,14,13,0.9285714285714286
brittanyinedmonton.com,15,14,0.9333333333333333
aspartametruth.com,15,16,1.0666666666666667
952am.com,21,22,1.0476190476190477
cavapoopuppies.org,14,15,1.0714285714285714
cims.org,10,9,0.9
artpublic.com,12,13,1.0833333333333333
amhaaretz.org,15,16,1.0666666666666667
bernardi.org,14,13,0.9285714285714286
coiffure.tv,14,13,0.9285714285714286
83410.de,12,13,1.0833333333333333
ananas.nl,18,17,0.9444444444444444
chizod.com,19,18,0.9473684210526315
annde.com,12,13,1.0833333333333333
bidets.ca,15,16,1.0666666666666667
blaireau.net,17,19,1.1176470588235294
acxxx.com,12,13,1.0833333333333333
canotech.com,12,13,1.0833333333333333
bogana.com,14,14,1.0
arpaclassifieds.com,17,18,1.0588235294117647
cavangaels.com,16,17,1.0625
chistesdehoy.com,15,16,1.0666666666666667
citytheater.eu,19,21,1.105263157894737
backoffice-service.de,21,24,1.1428571428571428
cbmass.com,12,13,1.0833333333333333
5150photographybyjen.com,15,17,1.1333333333333333
cartruckboathaulers.com,11,10,0.9090909090909091
chineseprofessionals.ca,10,9,0.9
blackcatseduction.com,15,14,0.9333333333333333
alphabits.com,13,14,1.0769230769230769
attitudeink.com,24,23,0.9583333333333334
astro.it,277,342,1.2346570397111913
chinsay.com,20,24,1.2
079jx.com,9,8,0.8888888888888888
adrastos.org,21,22,1.0476190476190477
bowlingcenter-wiehl.de,14,15,1.0714285714285714
156ns.com,8,8,1.0
basyf.com,23,22,0.9565217391304348
bethany-manitowoc.org,12,13,1.0833333333333333
aryllc.com,12,13,1.0833333333333333
blueheronsumie.org,60,62,1.0333333333333334
callistephus.com,15,16,1.0666666666666667
bone.pro,14,13,0.9285714285714286
20819.com,15,14,0.9333333333333333
aaaru.com,13,12,0.9230769230769231
ads4us.com,13,12,0.9230769230769231
chinaartandculture.com,11,10,0.9090909090909091
class-five.com,19,18,0.9473684210526315
123gst.com,11,10,0.9090909090909091
chsl.net,12,13,1.0833333333333333
behoerde.ch,12,13,1.0833333333333333
chanrupert.com,13,12,0.9230769230769231
beenackers.org,11,10,0.9090909090909091
clocks.pk,13,14,1.0769230769230769
blackye.com,12,13,1.0833333333333333
allersimple.com,19,20,1.0526315789473684
87js.com,11,10,0.9090909090909091
ciemny.com,13,14,1.0769230769230769
chairmanof.com,15,16,1.0666666666666667
collective-responsibility.net,15,14,0.9333333333333333
babygogo.com,12,13,1.0833333333333333
241.org,15,16,1.0666666666666667
anjanique.com,11,10,0.9090909090909091
aroans.com,13,14,1.0769230769230769
amkult.de,12,13,1.0833333333333333
bigzoon.com,15,15,1.0
aki-o.net,15,16,1.0666666666666667
adknowledge.org,12,13,1.0833333333333333
animeplanetnet.net,14,15,1.0714285714285714
apaadanya.com,14,15,1.0714285714285714
abdurahman.net,15,16,1.0666666666666667
chinaguidedogs.com,15,16,1.0666666666666667
ciclovia.com,13,14,1.0769230769230769
2alu.com,8,7,0.875
antonyme.com,17,16,0.9411764705882353
chinaentertainmentnews.com,21,20,0.9523809523809523
bootlegger.org,12,13,1.0833333333333333
auto-matic.nl,18,18,1.0
bertkinister.com,11,10,0.9090909090909091
centerdigg.com,16,15,0.9375
clubnoma.com,12,13,1.0833333333333333
allcanhost.com,24,31,1.2916666666666667
abdel.tv,18,19,1.0555555555555556
cockrill.eu,16,15,0.9375
churaumishinkokai.com,15,16,1.0666666666666667
actcanada.com,13,12,0.9230769230769231
barangayelpi.net,16,15,0.9375
adworthy.com,13,12,0.9230769230769231
buff.com,22,21,0.9545454545454546
albuquerquebulldogs.com,13,12,0.9230769230769231
bigideas.net,12,13,1.0833333333333333
animelink.com,20,21,1.05
579car.net,1,0,0.0
coloncancerprognosis.net,10,9,0.9
colortv.com,13,12,0.9230769230769231
airbusy.com,241,240,0.995850622406639
ashmil.com,13,12,0.9230769230769231
christianwise.com,11,10,0.9090909090909091
029jlm.com,9,8,0.8888888888888888
baby716.com,12,11,0.9166666666666666
568systems.com,16,15,0.9375
ac.th,33617,44241,1.3160305797661898
bangert.net,12,13,1.0833333333333333
chrisstine.com,15,16,1.0666666666666667
515c.com,13,12,0.9230769230769231
carinsurancecompanies1.com,13,12,0.9230769230769231
alumm.com,12,13,1.0833333333333333
alfest2009.com,15,16,1.0666666666666667
atb88.com,13,12,0.9230769230769231
choumicha.de,13,14,1.0769230769230769
92pkw.com,13,12,0.9230769230769231
asapnet.net,13,12,0.9230769230769231
axcella.net,20,23,1.15
artigastv.com,18,17,0.9444444444444444
c888.net,6,5,0.8333333333333334
amendment-28.com,18,17,0.9444444444444444
breanneseward.com,12,11,0.9166666666666666
carshiz.com,17,16,0.9411764705882353
artillerymen.com,13,14,1.0769230769230769
69tb.net,16,15,0.9375
c825.com,13,14,1.0769230769230769
afterimagerecords.com,17,16,0.9411764705882353
allkleencontractor.com,15,16,1.0666666666666667
baybes.com,15,16,1.0666666666666667
auto-mail.ru,15,15,1.0
5020.net,15,16,1.0666666666666667
bmgnews.de,8,7,0.875
catecismocatolico.com,13,12,0.9230769230769231
circletempo.net,14,14,1.0
anthome.com,12,13,1.0833333333333333
autosport.eu,12,13,1.0833333333333333
alteschmiede.ch,12,13,1.0833333333333333
2mi.gg,15,14,0.9333333333333333
2att.com,19,18,0.9473684210526315
bestwellnesshotel.ch,12,13,1.0833333333333333
androidwiki.com,55,70,1.2727272727272727
2ugi.com,17,20,1.1764705882352942
circjobs.com,15,16,1.0666666666666667
alamaltravel.com,11,10,0.9090909090909091
buyfood.ca,20,21,1.05
acrn.net,12,13,1.0833333333333333
3frit.com,13,14,1.0769230769230769
best-iphoneapps.com,12,11,0.9166666666666666
allesheute.com,12,13,1.0833333333333333
clicksan.com,16,17,1.0625
beatboxturkiye.net,15,16,1.0666666666666667
bizzybonemusic.com,17,17,1.0
artcodesoftware.com,11,10,0.9090909090909091
ccplazadearmas.com,22,21,0.9545454545454546
angrenzend.de,17,16,0.9411764705882353
cfxr.com,14,14,1.0
adisc.be,18,17,0.9444444444444444
cmltd.com,11,10,0.9090909090909091
austauschstudenten.net,12,13,1.0833333333333333
bigames.com,12,13,1.0833333333333333
abki.com,13,14,1.0769230769230769
3dtotals.com,15,14,0.9333333333333333
activerealties.com,23,27,1.173913043478261
cam17.com,16,17,1.0625
bizjournals.com,148,217,1.4662162162162162
1unlimited.net,25,24,0.96
991p.com,8,7,0.875
bath-bed.net,13,12,0.9230769230769231
bensdorf.com,12,13,1.0833333333333333
aoota.com,8,7,0.875
artshow.net,12,13,1.0833333333333333
cherrypaint.com,12,11,0.9166666666666666
ahshc.org,14,16,1.1428571428571428
astuccicases.com,29,36,1.2413793103448276
beachrentalsofsouthwalton.com,13,13,1.0
casablanka.com,15,16,1.0666666666666667
barrystransmission.com,10,9,0.9
brucebryan.com,16,15,0.9375
aewin.net,16,17,1.0625
ackins.com,12,13,1.0833333333333333
busylearners.com,14,13,0.9285714285714286
ceramicaatleticoclube.com,13,14,1.0769230769230769
appling.jp,16,17,1.0625
bxoa.com,20,19,0.95
a2229.cn,5,4,0.8
bestoxford.com,14,15,1.0714285714285714
cashcom.ch,12,13,1.0833333333333333
classiccliffhangerserials.com,12,11,0.9166666666666666
bitbee.net,18,17,0.9444444444444444
cnprca.org,14,15,1.0714285714285714
a4431.cn,5,4,0.8
7-4.com,12,13,1.0833333333333333
3lo.net,21,22,1.0476190476190477
acklesonline.com,17,16,0.9411764705882353
clowns.ca,13,14,1.0769230769230769
bondagenews.com,12,13,1.0833333333333333
citilabs.cn,15,16,1.0666666666666667
cbet88.com,17,16,0.9411764705882353
bizshark.com,19,18,0.9473684210526315
antireligionist.com,12,13,1.0833333333333333
brahmim.com,15,17,1.1333333333333333
4bh.com,12,13,1.0833333333333333
altooctanaje.com,17,16,0.9411764705882353
careerzone.ca,15,16,1.0666666666666667
blackwoodspurs.com,12,11,0.9166666666666666
6nhvi-e.org,14,15,1.0714285714285714
blogcontent.net,12,13,1.0833333333333333
accuratefeedback.com,16,15,0.9375
39782.com,12,13,1.0833333333333333
cloaca.de,13,15,1.1538461538461537
changebody.com,15,16,1.0666666666666667
asesor.eu,12,13,1.0833333333333333
3z3ki3l.org,14,14,1.0
cabaret.net,14,14,1.0
al-ambrator888.com,16,15,0.9375
asantekotokofc.com,12,13,1.0833333333333333
cervesina.com,14,13,0.9285714285714286
2010debrecen.com,14,13,0.9285714285714286
coinfriends.com,29,28,0.9655172413793104
anjablieninger.de,13,14,1.0769230769230769
cnshy.com,16,17,1.0625
climatecalm.org,11,11,1.0
anonnce.de,12,13,1.0833333333333333
44tt.net,13,14,1.0769230769230769
anonyma.com,13,14,1.0769230769230769
2018.org,20,21,1.05
bsscw.com,13,12,0.9230769230769231
atemmasken.de,15,14,0.9333333333333333
4xxx.net,12,13,1.0833333333333333
amarresyhechizos.com,16,15,0.9375
bodypainter.at,12,13,1.0833333333333333
176wg.com,5,4,0.8
ceol.net,14,14,1.0
afscmelocal328.com,13,14,1.0769230769230769
ayuzip.com,12,13,1.0833333333333333
apollosafety.com,12,11,0.9166666666666666
92843.com,12,13,1.0833333333333333
bfwp.com,12,13,1.0833333333333333
carlosrogerio.com,19,18,0.9473684210526315
artofbusinesses.com,11,10,0.9090909090909091
bijonline.net,13,14,1.0769230769230769
advanaceauto.com,11,10,0.9090909090909091
albiroja.com,16,17,1.0625
cinevictor.com,17,16,0.9411764705882353
bezpieczenstwoit.pl,13,14,1.0769230769230769
awarapanmovie.com,20,23,1.15
cmm13.com,14,14,1.0
ceeindia.org,22,21,0.9545454545454546
canadianmedmart.com,12,13,1.0833333333333333
bilenberg.net,17,16,0.9411764705882353
23yq.com,10,9,0.9
chameleonproductsonline.com,13,14,1.0769230769230769
10-pic.com,12,12,1.0
beeyourself.in,12,11,0.9166666666666666
buyppm.com,17,18,1.0588235294117647
blackray.org,12,13,1.0833333333333333
aarte.com,12,13,1.0833333333333333
alcudia.eu,13,14,1.0769230769230769
beds123.net,12,13,1.0833333333333333
aashop.de,12,13,1.0833333333333333
bgpay.com,14,14,1.0
cerke.com,12,13,1.0833333333333333
busiride.com,11,10,0.9090909090909091
cincomuebla.com,17,16,0.9411764705882353
apollo888.com,21,22,1.0476190476190477
apex-imaging.com,11,11,1.0
arakanonline.com,28,33,1.1785714285714286
321.jp,15,16,1.0666666666666667
agnadiserifos.com,13,12,0.9230769230769231
4ndr3.com,12,13,1.0833333333333333
andersonclaytonmesquite.com,11,10,0.9090909090909091
aiiku-sha.com,22,21,0.9545454545454546
2muchmoney.com,12,13,1.0833333333333333
blackspeakers.net,11,10,0.9090909090909091
bhavanaonline.info,19,22,1.1578947368421053
annexes.com,12,13,1.0833333333333333
blackberrys.ru,30,33,1.1
book-keeper.com,11,10,0.9090909090909091
22y.org,10,9,0.9
al-4u.com,20,21,1.05
bangaloreeducation.net,15,14,0.9333333333333333
axiomaticdoubt.com,15,16,1.0666666666666667
aaeesp.org,13,14,1.0769230769230769
chubby-bears.com,16,15,0.9375
bankofchina100.com,15,14,0.9333333333333333
agriume.com,15,16,1.0666666666666667
budgettopserver.nl,22,26,1.1818181818181819
cnyyy.com,17,16,0.9411764705882353
bristoltradinggroup.net,15,16,1.0666666666666667
artizona.com,19,18,0.9473684210526315
atphoto.com,15,16,1.0666666666666667
answeringmachine.eu,15,16,1.0666666666666667
cachecard.net,13,14,1.0769230769230769
bu39.cn,5,4,0.8
birkenhead.net,37,38,1.027027027027027
69836.com,12,13,1.0833333333333333
allaboutmexicoblog.com,10,9,0.9
boringq.com,17,16,0.9411764705882353
chucandiro.net,14,15,1.0714285714285714
banenwinkel.com,18,17,0.9444444444444444
akropolis-ahrensburg.de,12,13,1.0833333333333333
businesspartners.com,27,31,1.1481481481481481
bramleypotholes.info,16,19,1.1875
allpantyhosevideos.com,16,17,1.0625
chesschamps.com,16,15,0.9375
anyahindmarch.com,28,31,1.1071428571428572
cagefree.net,13,12,0.9230769230769231
anapheneproject.com,13,12,0.9230769230769231
charlesswain.info,20,20,1.0
angelordonez.com,15,16,1.0666666666666667
atptennisre.net,17,16,0.9411764705882353
censur.tv,13,14,1.0769230769230769
alamomodelrailroadengineers.com,23,24,1.0434782608695652
as-safirpress.com,14,15,1.0714285714285714
burti.com,14,15,1.0714285714285714
anti-dialer.de,17,16,0.9411764705882353
ccjistebnik.cz,12,13,1.0833333333333333
alanonwakenc.org,14,15,1.0714285714285714
caulbearers.org,12,13,1.0833333333333333
canadiancuisines.com,11,10,0.9090909090909091
cashreg.com,12,13,1.0833333333333333
bmw-infopool.de,15,15,1.0
aluminummistress.org,15,14,0.9333333333333333
bvtnaples.org,12,11,0.9166666666666666
biciab.net,17,16,0.9411764705882353
7yad.com,12,13,1.0833333333333333
buytonet.de,18,21,1.1666666666666667
cattiviragazzi.org,13,14,1.0769230769230769
ayepod.net,11,10,0.9090909090909091
acecard.eu,12,13,1.0833333333333333
atnnt.com,13,12,0.9230769230769231
bzub.com,14,15,1.0714285714285714
braniac.com,12,13,1.0833333333333333
angefordert.de,17,16,0.9411764705882353
ayudartepodria.com,12,13,1.0833333333333333
2532555.com,11,10,0.9090909090909091
barcampmedellin.com,12,12,1.0
bkn.eu,12,13,1.0833333333333333
americanprestigecar.com,13,14,1.0769230769230769
2763.de,13,14,1.0769230769230769
7-90hosting.com,30,33,1.1
aveirodigital.net,12,13,1.0833333333333333
alours.com,19,22,1.1578947368421053
claytonhistory.org,21,20,0.9523809523809523
claiver.com,12,13,1.0833333333333333
awkum.com,16,17,1.0625
cdi-world.com,28,32,1.1428571428571428
4pcu.com,8,7,0.875
asphostbg.net,30,36,1.2
amrophever.com,14,13,0.9285714285714286
cdlu.ca,11,10,0.9090909090909091
acpsconcept.com,18,22,1.2222222222222223
buahhatiku.com,12,11,0.9166666666666666
atrophic.com,14,13,0.9285714285714286
5kwz.com,7,7,1.0
cellulitus.org,20,21,1.05
arnavsupplies.com,11,10,0.9090909090909091
b-n-m.com,12,13,1.0833333333333333
amuso.com,42,56,1.3333333333333333
b6232.cn,5,4,0.8
backstand.com,12,13,1.0833333333333333
bolighus.com,15,16,1.0666666666666667
70127.com,12,13,1.0833333333333333
2cmap.com,4,4,1.0
3rn.net,16,15,0.9375
caindiefilmfest.org,12,13,1.0833333333333333
c2288.cn,5,4,0.8
betriebsunfallversicherung.de,12,13,1.0833333333333333
blueleaf.ca,15,16,1.0666666666666667
clrx.net,30,30,1.0
bq69.info,15,16,1.0666666666666667
bigbookofhomes.com,11,10,0.9090909090909091
californiaattorneylawyers.com,24,23,0.9583333333333334
byrene.net,26,28,1.0769230769230769
bluesschool.com,20,21,1.05
californiabank.net,15,16,1.0666666666666667
appelmedical.fr,12,13,1.0833333333333333
bicycle-blog.info,23,24,1.0434782608695652
coco-flower.com,24,30,1.25
brollo.com,23,26,1.1304347826086956
aguardente.com,14,13,0.9285714285714286
c8847.cn,5,4,0.8
cancelling.net,16,15,0.9375
56easy.com,6,5,0.8333333333333334
bestlifeshop.com,13,14,1.0769230769230769
aowz.com,12,13,1.0833333333333333
cadebp.net,12,11,0.9166666666666666
camarasescondidas.us,15,16,1.0666666666666667
bavishya.com,12,13,1.0833333333333333
barometer.com,15,14,0.9333333333333333
bioeconomie.fr,12,13,1.0833333333333333
checkit.name,13,13,1.0
allmansbarbeque.com,15,14,0.9333333333333333
bakeneko.net,12,11,0.9166666666666666
aragones.org,12,13,1.0833333333333333
cartoontvshows.net,13,12,0.9230769230769231
cantinetta.de,12,13,1.0833333333333333
calibermg.net,29,37,1.2758620689655173
baskentli.com,12,13,1.0833333333333333
975my.com,10,9,0.9
cellso.com,14,13,0.9285714285714286
braggings.com,12,13,1.0833333333333333
56zxw.net,5,4,0.8
64316.com,5,4,0.8
adfasdf.com,12,13,1.0833333333333333
chiropratique-online.net,15,16,1.0666666666666667
barbershop.pro,12,13,1.0833333333333333
cavmc.com,12,12,1.0
bmpav.com,20,19,0.95
aimals.com,12,13,1.0833333333333333
920cs.net,5,4,0.8
binhoster.com,30,33,1.1
72com.com,13,14,1.0769230769230769
breeze-martin.com,18,20,1.1111111111111112
cisalegno.it,15,16,1.0666666666666667
bestespressocoffee.org,18,17,0.9444444444444444
alterationsbytess.com,14,14,1.0
bsleep.com,15,16,1.0666666666666667
bkbbk.net,16,17,1.0625
blairgowrie.org,13,14,1.0769230769230769
alfa-online.net,13,14,1.0769230769230769
a4567.com,16,15,0.9375
blackmailgoddessv.com,11,10,0.9090909090909091
bestylish-online.com,12,13,1.0833333333333333
acejoigny.com,22,25,1.1363636363636365
ada2aje.com,24,23,0.9583333333333334
chocchips.com,12,13,1.0833333333333333
cafenoir.net,12,13,1.0833333333333333
acumina.com,15,16,1.0666666666666667
cinbo.org,30,37,1.2333333333333334
blackfarmer.com,8,7,0.875
cbgranca.com,14,15,1.0714285714285714
apostolbartolome.org,24,26,1.0833333333333333
azhagiri.com,15,16,1.0666666666666667
abangwebmaster.com,15,14,0.9333333333333333
808go.com,5,4,0.8
airlineinterview.net,12,13,1.0833333333333333
adrija.com,13,12,0.9230769230769231
asaics.com,16,17,1.0625
champville.com,19,18,0.9473684210526315
coleccionables.eu,16,15,0.9375
com-read.info,12,11,0.9166666666666666
a3612.cn,5,4,0.8
akestor.com,14,15,1.0714285714285714
biztore.com,15,16,1.0666666666666667
breakingonews.com,13,14,1.0769230769230769
cesso.com,12,13,1.0833333333333333
avocattatu.net,14,14,1.0
aquasoul.com,12,11,0.9166666666666666
apprice.com,14,15,1.0714285714285714
acabam.com,15,16,1.0666666666666667
8teenhound.com,14,15,1.0714285714285714
blackboxhq.ca,17,19,1.1176470588235294
audei.com,15,16,1.0666666666666667
cellophanieren.com,12,13,1.0833333333333333
83558.de,12,13,1.0833333333333333
btproducts.com,12,13,1.0833333333333333
bof.eu,12,13,1.0833333333333333
27101.com,12,13,1.0833333333333333
790theball.com,20,19,0.95
acsands.com,15,16,1.0666666666666667
ciresica.com,15,16,1.0666666666666667
alesio.eu,12,13,1.0833333333333333
blackjade.net,15,16,1.0666666666666667
amme.de,9,8,0.8888888888888888
billiet.eu,13,14,1.0769230769230769
arkanar.net,16,15,0.9375
catbreeds.net,12,13,1.0833333333333333
atomlab.com,24,29,1.2083333333333333
britskorthaar.com,10,9,0.9
c1877.cn,5,4,0.8
brieto.com,14,15,1.0714285714285714
aerc.net,11,10,0.9090909090909091
bodyworkgmbh.de,25,26,1.04
300xl.com,15,16,1.0666666666666667
ashwinstreet.com,16,15,0.9375
abendtasche.org,16,16,1.0
clicktamil.com,15,16,1.0666666666666667
b3299.cn,5,4,0.8
businesssouthafricatoday.com,15,16,1.0666666666666667
3rblost.com,12,13,1.0833333333333333
autoinsurancehelp.info,11,10,0.9090909090909091
clonakilty.net,12,13,1.0833333333333333
bukurov.ru,21,23,1.0952380952380953
bauskizzen.com,12,13,1.0833333333333333
carefully.org,9,8,0.8888888888888888
catherinemackhancock.com,12,11,0.9166666666666666
07674.de,12,13,1.0833333333333333
bhhjw.com,13,12,0.9230769230769231
c9237.cn,5,4,0.8
animal89.com,14,15,1.0714285714285714
alexbeaton.com,10,10,1.0
avalancher.net,13,14,1.0769230769230769
120j9.com,5,4,0.8
altatwir.com,27,29,1.0740740740740742
ballwinder.com,20,21,1.05
advantage-asia.com,13,14,1.0769230769230769
baguapr.com,17,16,0.9411764705882353
certifiedhealthcoaching.com,17,16,0.9411764705882353
behindert.at,12,13,1.0833333333333333
8714.com,15,16,1.0666666666666667
aomphiyada.com,19,22,1.1578947368421053
cestodes.com,12,13,1.0833333333333333
buonmathuot.net,12,13,1.0833333333333333
autosuche-infos.de,15,16,1.0666666666666667
51jhy.com,14,15,1.0714285714285714
bethesdatheatre.com,15,14,0.9333333333333333
bulla.net,12,13,1.0833333333333333
9me.org,12,13,1.0833333333333333
chrismasters.com,13,14,1.0769230769230769
cofoaf.com,22,24,1.0909090909090908
17107.com,12,13,1.0833333333333333
bestbaglessvacuums.info,12,13,1.0833333333333333
annonym.com,11,10,0.9090909090909091
citybeat53.com,17,16,0.9411764705882353
avisitor.com,13,14,1.0769230769230769
beautybear.com,13,14,1.0769230769230769
480p.com,12,13,1.0833333333333333
138th.com,12,13,1.0833333333333333
29456.de,12,13,1.0833333333333333
bathletes.com,13,14,1.0769230769230769
bendhomeservices.com,14,15,1.0714285714285714
bearduck.net,11,10,0.9090909090909091
bountyfull.com,15,16,1.0666666666666667
africanamericans.com,25,26,1.04
acanal.com,12,13,1.0833333333333333
16231.com,15,14,0.9333333333333333
chelmusmihai.info,14,13,0.9285714285714286
amitalia.com,10,9,0.9
avrilrocks.net,18,17,0.9444444444444444
biodynamic.eu,12,13,1.0833333333333333
atc-hq.com,45,56,1.2444444444444445
auction-buying-tips.com,18,17,0.9444444444444444
babycages.net,13,14,1.0769230769230769
addedvalue.eu,12,13,1.0833333333333333
c2120.cn,5,4,0.8
anico.de,12,13,1.0833333333333333
buchfoto.de,13,14,1.0769230769230769
boiou.com,16,17,1.0625
abgdjy.com,5,4,0.8
apopkinyrasfc.com,17,18,1.0588235294117647
auxil.com,13,14,1.0769230769230769
3hartspace.com,15,16,1.0666666666666667
cnampl.com,21,26,1.2380952380952381
8102.net,12,13,1.0833333333333333
booooot.com,15,16,1.0666666666666667
a9335.cn,5,4,0.8
allmylove.net,11,10,0.9090909090909091
bannername.com,13,14,1.0769230769230769
aagn.com,54,62,1.1481481481481481
appleteam.es,20,20,1.0
bs988.com,7,7,1.0
ciaopronto.com,11,10,0.9090909090909091
boreddykes.com,11,10,0.9090909090909091
aklexa.com,12,13,1.0833333333333333
alertem.com,11,10,0.9090909090909091
blaylockblog.com,17,16,0.9411764705882353
bezahlungssysteme.de,12,13,1.0833333333333333
collene.com,14,13,0.9285714285714286
cnatis.com,18,21,1.1666666666666667
clicksor.cn,13,12,0.9230769230769231
chubbyschool.com,20,23,1.15
123picture.com,14,15,1.0714285714285714
8832.org,12,13,1.0833333333333333
bva-treff.de,16,17,1.0625
2ciudades1sonrisa.com,9,8,0.8888888888888888
acowboy.com,13,12,0.9230769230769231
admnews.com,16,15,0.9375
blitzdienst.at,14,15,1.0714285714285714
876q.com,13,12,0.9230769230769231
cnhey.com,15,16,1.0666666666666667
asiatruelove.com,25,27,1.08
classiest.com,12,13,1.0833333333333333
acosh.com,14,14,1.0
antilliaansefeesten.com,12,13,1.0833333333333333
cinderblock.org,15,14,0.9333333333333333
apues.com,12,13,1.0833333333333333
3dcreativecrafts.com,16,18,1.125
cartoonhead.com,15,16,1.0666666666666667
audiorecorder.com,16,15,0.9375
06453.de,12,13,1.0833333333333333
amafashion.ro,10,9,0.9
b010.com,14,13,0.9285714285714286
998668.net,12,11,0.9166666666666666
alanaexposed.com,15,14,0.9333333333333333
al3en.com,14,15,1.0714285714285714
autoloansoup.com,12,12,1.0
aquaknox.com,13,14,1.0769230769230769
50s-bar.de,13,14,1.0769230769230769
belfiorecatering.com,17,17,1.0
aces2.org,24,25,1.0416666666666667
ccgsm.com,13,12,0.9230769230769231
18esolutions.com,12,12,1.0
92874.com,13,12,0.9230769230769231
adultsolo.info,14,15,1.0714285714285714
2108k.com,14,14,1.0
almin.com,13,14,1.0769230769230769
bsfeed.com,13,12,0.9230769230769231
akhbarspk.com,15,16,1.0666666666666667
autobozz.com,18,17,0.9444444444444444
byggefirma.com,17,16,0.9411764705882353
aiapa.com,10,9,0.9
10dollars.com,12,13,1.0833333333333333
beadingresource.com,14,15,1.0714285714285714
brisani.com,17,16,0.9411764705882353
buraoonline.com,10,9,0.9
allguyporn.com,13,14,1.0769230769230769
battlebeyblade.com,14,15,1.0714285714285714
44.tc,12,13,1.0833333333333333
becer.com,12,13,1.0833333333333333
aktuelsinema.com,25,26,1.04
alle-zelte.de,14,15,1.0714285714285714
benedictions.org,12,13,1.0833333333333333
bendibao.com,69,71,1.0289855072463767
christtoday.com,15,16,1.0666666666666667
babywow.net,15,14,0.9333333333333333
3rab-dev.com,22,25,1.1363636363636365
85259.com,12,13,1.0833333333333333
cherepovets.de,15,14,0.9333333333333333
abkut.com,9,8,0.8888888888888888
aizjj.com,9,8,0.8888888888888888
aova.com,53,62,1.169811320754717
butterflycoma.com,20,19,0.95
classic-car-parts-locator.com,17,16,0.9411764705882353
ciig.net,16,17,1.0625
clevelandu.com,14,13,0.9285714285714286
capacitivecoupling.com,12,13,1.0833333333333333
bookhome.com,15,14,0.9333333333333333
b-v-g.de,25,24,0.96
clowntech.com,15,16,1.0666666666666667
bad-credit-home-financing.com,12,13,1.0833333333333333
3dtomb2.com,18,18,1.0
boom-town.com,15,14,0.9333333333333333
a3093.cn,5,4,0.8
cmsue.com,12,13,1.0833333333333333
abreviate.com,12,13,1.0833333333333333
cadizayto.es,18,21,1.1666666666666667
candycompany.com,14,15,1.0714285714285714
09523.com,25,34,1.36
arkadier.de,12,13,1.0833333333333333
azuki-framework.org,14,15,1.0714285714285714
58pao.com,13,12,0.9230769230769231
all-inkasso.de,14,13,0.9285714285714286
chefp.com,20,21,1.05
272bw.com,22,24,1.0909090909090908
802heaven.com,21,20,0.9523809523809523
boernesearch.com,12,11,0.9166666666666666
0734g.com,16,18,1.125
c7452.cn,5,4,0.8
3qic.com,13,14,1.0769230769230769
antiterrorists.com,14,13,0.9285714285714286
8cp8.com,9,8,0.8888888888888888
2satu.com,19,20,1.0526315789473684
bcdg.cn,8,11,1.375
baoge.net,7,6,0.8571428571428571
affilliates.de,12,13,1.0833333333333333
clubfight.com,18,17,0.9444444444444444
beautyfromtheearth.com,30,31,1.0333333333333334
archivesbyarica.com,17,18,1.0588235294117647
beststartnow.com,13,14,1.0769230769230769
bug.tv,14,13,0.9285714285714286
callstraffic.com,16,17,1.0625
coeln.com,15,16,1.0666666666666667
01972.com,13,12,0.9230769230769231
cm26.cn,5,4,0.8
brazeel.com,15,16,1.0666666666666667
3dxxx.net,12,13,1.0833333333333333
bollyview.com,14,15,1.0714285714285714
birthdaygirlblog.com,21,20,0.9523809523809523
antisociale.org,14,15,1.0714285714285714
bitdns0.info,22,25,1.1363636363636365
carrick.be,14,16,1.1428571428571428
apexselfimprovement.com,13,14,1.0769230769230769
celebrityporncam.com,15,16,1.0666666666666667
a9311.cn,5,4,0.8
cogift.com,15,14,0.9333333333333333
calvatone.it,15,16,1.0666666666666667
80.com,112,280,2.5
adamcouple-th.com,14,15,1.0714285714285714
buildersunlimitedidaho.com,13,12,0.9230769230769231
acrylic.org,12,13,1.0833333333333333
akamai.ca,12,13,1.0833333333333333
bdleet.net,13,14,1.0769230769230769
bmendess.com,20,23,1.15
cdstudio.com,12,13,1.0833333333333333
albegro.com,9,8,0.8888888888888888
24ori.com,16,15,0.9375
bastard-inc.com,15,16,1.0666666666666667
babycarseat.de,12,13,1.0833333333333333
cityoflafayettega.org,28,30,1.0714285714285714
chinchira.net,12,11,0.9166666666666666
2opera.com,14,13,0.9285714285714286
ajg.org,15,16,1.0666666666666667
bengtgarden.com,21,20,0.9523809523809523
cbntx.net,13,12,0.9230769230769231
4ln.net,15,16,1.0666666666666667
agentincentive.com,15,16,1.0666666666666667
aycmc.com,12,11,0.9166666666666666
cfo.net,15,16,1.0666666666666667
capapgh.org,18,17,0.9444444444444444
betechristian.com,21,24,1.1428571428571428
cheapkidsshoes.org,14,13,0.9285714285714286
1bn.at,13,14,1.0769230769230769
cjdsousse.org,15,16,1.0666666666666667
88880808.com,13,14,1.0769230769230769
anirbanroy.info,15,14,0.9333333333333333
brekka.net,13,14,1.0769230769230769
beauceron.com,15,14,0.9333333333333333
azpress.info,13,12,0.9230769230769231
bulm.net,15,15,1.0
baqh.com,12,13,1.0833333333333333
ahpcollections.com,14,15,1.0714285714285714
69539.com,12,13,1.0833333333333333
adultator.com,15,14,0.9333333333333333
67067.com,7,7,1.0
armorynyc.org,20,19,0.95
analsexextreme.com,12,13,1.0833333333333333
atlantastreetgangs.com,20,21,1.05
bewertung.ch,12,13,1.0833333333333333
07703.de,12,13,1.0833333333333333
agdsigma.com,16,17,1.0625
60dns.net,19,20,1.0526315789473684
ceriti.com,28,29,1.0357142857142858
24-hours.com,11,10,0.9090909090909091
bilindibrahim.com,12,13,1.0833333333333333
charmainebrooks.com,14,15,1.0714285714285714
antoniomacedo.com,18,18,1.0
buergerwirken.de,19,18,0.9473684210526315
clockfour.net,43,52,1.2093023255813953
cnjmj.com,11,10,0.9090909090909091
atym.net,11,10,0.9090909090909091
baanpld2.com,19,21,1.105263157894737
billig-produkte.de,12,13,1.0833333333333333
c5144.cn,5,4,0.8
2niq.com,13,12,0.9230769230769231
cathelp.net,15,16,1.0666666666666667
cccgz.com,12,13,1.0833333333333333
befall.com,12,13,1.0833333333333333
4sst.net,17,20,1.1764705882352942
ablol.com,11,10,0.9090909090909091
ayanokouji.com,14,13,0.9285714285714286
cash--in--1hour.net,21,20,0.9523809523809523
articleplank.com,16,15,0.9375
ahyu.com,14,15,1.0714285714285714
chinamedicaluniversity.org,14,15,1.0714285714285714
attime.com,14,13,0.9285714285714286
arubaito.jp,12,13,1.0833333333333333
25mz.com,11,10,0.9090909090909091
caumed.fr,15,16,1.0666666666666667
albanica.net,13,14,1.0769230769230769
aqgr.com,14,13,0.9285714285714286
businessdata.dk,37,47,1.2702702702702702
14cz.com,13,12,0.9230769230769231
ajbcc.com,3,2,0.6666666666666666
cleverleyassociates.com,10,9,0.9
67bet.com,11,10,0.9090909090909091
balmandir.nl,17,18,1.0588235294117647
allwebleads.com,23,22,0.9565217391304348
buscadorempleo.info,12,13,1.0833333333333333
c4rb0n.com,18,22,1.2222222222222223
appliedfiltertechnology.com,16,17,1.0625
cmapp.com,8,7,0.875
bonnesadresses.net,12,13,1.0833333333333333
brianteeter.com,28,27,0.9642857142857143
ashleyrobertsonline.com,18,17,0.9444444444444444
3please.net,18,17,0.9444444444444444
artizara.com,24,27,1.125
calenturienta.com,12,13,1.0833333333333333
balls4golf.com,16,17,1.0625
b4378.cn,5,4,0.8
antihistory.com,15,16,1.0666666666666667
binca.cn,19,22,1.1578947368421053
bedinretin.info,12,12,1.0
alamogroup.com,16,17,1.0625
beispiel.eu,11,10,0.9090909090909091
atoato.com,14,13,0.9285714285714286
alphatv.com,15,16,1.0666666666666667
coloradowebdesigners.biz,27,29,1.0740740740740742
bluegrassbox.com,15,16,1.0666666666666667
0817cy.com,7,6,0.8571428571428571
73813.com,12,13,1.0833333333333333
07il.com,22,21,0.9545454545454546
72.com,19,18,0.9473684210526315
appa-net.com,24,31,1.2916666666666667
3001.org,16,15,0.9375
alkem.de,12,13,1.0833333333333333
adiakritos.gr,13,14,1.0769230769230769
animalive.com,13,12,0.9230769230769231
adultshowroom.com,14,15,1.0714285714285714
besttweets.com,17,18,1.0588235294117647
ajar.org,12,13,1.0833333333333333
2cool2care.com,15,14,0.9333333333333333
alubaid.com,18,17,0.9444444444444444
aonde.de,9,8,0.8888888888888888
bludomain41.com,21,25,1.1904761904761905
66kvct.com,13,12,0.9230769230769231
allscrapkits.com,15,16,1.0666666666666667
alcedos.com,12,11,0.9166666666666666
adminurl.com,39,45,1.1538461538461537
betacaroten.com,12,13,1.0833333333333333
29397.com,21,22,1.0476190476190477
austrianopen.com,12,13,1.0833333333333333
cadica.net,12,13,1.0833333333333333
alcoholban.com,15,16,1.0666666666666667
1gadis.com,13,14,1.0769230769230769
bg02.cn,5,4,0.8
aheahe.tv,13,12,0.9230769230769231
clouddancer.de,18,21,1.1666666666666667
aquarium-wasserpflanzen.de,13,14,1.0769230769230769
bswiftcommunity.com,20,19,0.95
benni.at,15,14,0.9333333333333333
30so.com,22,22,1.0
blpn.com,12,13,1.0833333333333333
campaspero.net,18,20,1.1111111111111112
adventure-network.com,22,26,1.1818181818181819
anygps.com,12,13,1.0833333333333333
bodywraps.org,13,14,1.0769230769230769
29257.com,18,21,1.1666666666666667
bettingers.com,10,9,0.9
basketclubs.at,12,13,1.0833333333333333
1934.com,12,13,1.0833333333333333
bobcatsss2011.com,11,10,0.9090909090909091
bpit.org,12,11,0.9166666666666666
asap-asp.net,33,47,1.4242424242424243
afk-germany.de,58,67,1.1551724137931034
7kii.com,15,16,1.0666666666666667
bufy.com,12,13,1.0833333333333333
bjaja.cn,15,19,1.2666666666666666
barves.com,13,12,0.9230769230769231
clippers.pro,12,13,1.0833333333333333
boutiquehoteltaipei.com,19,21,1.105263157894737
666oo.com,13,12,0.9230769230769231
bitwizardsmail.com,19,18,0.9473684210526315
beastofbrayroad.com,24,29,1.2083333333333333
bkh.com,16,17,1.0625
1sk8.com,12,13,1.0833333333333333
2222555.net,12,13,1.0833333333333333
cathilyn.com,16,17,1.0625
akilar.com,23,23,1.0
76q.net,12,13,1.0833333333333333
1mpg.com,15,14,0.9333333333333333
benippon.net,19,21,1.105263157894737
44444.at,12,13,1.0833333333333333
abarrelofnelsons.com,16,15,0.9375
chriscubba.com,12,13,1.0833333333333333
aquaducts.com,12,13,1.0833333333333333
cashguys.com,13,15,1.1538461538461537
5232.com,21,20,0.9523809523809523
120perday.com,11,10,0.9090909090909091
bpati.com,22,26,1.1818181818181819
9118.net,12,13,1.0833333333333333
azball.com,12,13,1.0833333333333333
celebrater.com,12,13,1.0833333333333333
cdhq.cn,3,2,0.6666666666666666
amfos.com,15,14,0.9333333333333333
cinecity.it,21,33,1.5714285714285714
bottlecaps.org,15,14,0.9333333333333333
99flower99.com,12,13,1.0833333333333333
casoladinapoli.com,14,13,0.9285714285714286
b6495.cn,5,4,0.8
amieg.com,9,8,0.8888888888888888
aloud.eu,12,13,1.0833333333333333
aeroe-ferry.dk,18,21,1.1666666666666667
blackbible.com,12,13,1.0833333333333333
bsatm.com,16,17,1.0625
biguglies.info,12,13,1.0833333333333333
123-hotel-motel.com,15,14,0.9333333333333333
colombocitytour.com,12,11,0.9166666666666666
capitalcenter.net,19,20,1.0526315789473684
calciumphosphat.de,12,13,1.0833333333333333
buch-club-net.de,37,42,1.135135135135135
aedlion.com,11,10,0.9090909090909091
cazie.de,9,8,0.8888888888888888
bulakhova.com,14,14,1.0
americophobia.com,12,13,1.0833333333333333
allabout.org,18,17,0.9444444444444444
ba-lu.at,13,14,1.0769230769230769
anticipazione.com,13,14,1.0769230769230769
autour-des-cocottes.com,13,12,0.9230769230769231
bankgeschaeft.de,12,13,1.0833333333333333
70sqw.com,12,12,1.0
apport.eu,12,13,1.0833333333333333
activeh.com,13,14,1.0769230769230769
asktonybrown.com,25,24,0.96
66cv.com,9,8,0.8888888888888888
coastwatcher.com,15,14,0.9333333333333333
19884.com,12,13,1.0833333333333333
1reasonproductions.com,10,9,0.9
butland.com,10,9,0.9
c4ete.com,13,12,0.9230769230769231
brightedge.com,40,43,1.075
byzj.cn,10,9,0.9
boooom.com,13,14,1.0769230769230769
artgoods.info,13,12,0.9230769230769231
antropozofija.org,17,16,0.9411764705882353
bfabbs.com,6,5,0.8333333333333334
chicacaliente.com,16,15,0.9375
almeshkat.info,15,16,1.0666666666666667
afriradio.com,12,13,1.0833333333333333
09244.de,12,13,1.0833333333333333
columnchart.com,12,13,1.0833333333333333
42parts.com,13,14,1.0769230769230769
boytaur.com,20,21,1.05
bsvroxel-alte-herren.de,14,15,1.0714285714285714
62496.com,5,4,0.8
baseball-cards.info,17,16,0.9411764705882353
cartetplus.be,12,13,1.0833333333333333
baby208.com,5,4,0.8
cmgforum.net,18,18,1.0
amiez.fr,15,16,1.0666666666666667
akamaicomputersandgadgets.com,24,25,1.0416666666666667
adquick.net,13,14,1.0769230769230769
bulgario.at,18,17,0.9444444444444444
anythinghollywood.com,21,26,1.2380952380952381
anaqtr.com,13,12,0.9230769230769231
biowiki.de,15,14,0.9333333333333333
biggis-gartenwelt.de,15,16,1.0666666666666667
4ranters.com,12,13,1.0833333333333333
boardmakers.com,12,13,1.0833333333333333
appraisix.com,16,17,1.0625
clippart.de,12,13,1.0833333333333333
chchealth.net,17,16,0.9411764705882353
casis.com,15,16,1.0666666666666667
alhadaraparty.org,14,13,0.9285714285714286
championschip.com,17,16,0.9411764705882353
centerplan.dk,27,30,1.1111111111111112
4everweed.com,18,21,1.1666666666666667
60pa.com,13,12,0.9230769230769231
catofriend.com,15,16,1.0666666666666667
bkh.fr,13,14,1.0769230769230769
bcmfu.com,8,7,0.875
2003.net,15,16,1.0666666666666667
amargosamuseumfund.org,18,17,0.9444444444444444
c1610.cn,5,4,0.8
angelserena.com,16,17,1.0625
apache-korea.org,21,26,1.2380952380952381
bite-back.org,13,12,0.9230769230769231
2bxue.com,13,12,0.9230769230769231
babyakne.de,12,13,1.0833333333333333
bradentonbeach.org,20,21,1.05
biwvt.com,20,20,1.0
blogas.org,12,13,1.0833333333333333
ae-cs.de,15,16,1.0666666666666667
4onthecouch.com,17,16,0.9411764705882353
bracketmatch.com,15,16,1.0666666666666667
achieveinternetsuccess.com,11,10,0.9090909090909091
audiostory.com,13,12,0.9230769230769231
casalin.com,12,13,1.0833333333333333
798pay.com,12,13,1.0833333333333333
766l.com,11,10,0.9090909090909091
4226.de,13,14,1.0769230769230769
9hcw.com,12,11,0.9166666666666666
ashozartosht.net,16,15,0.9375
ashitc.com,13,13,1.0
beginnerfx.com,12,12,1.0
abnormalism.com,12,11,0.9166666666666666
bfae.com,12,13,1.0833333333333333
cnool.net,130,160,1.2307692307692308
8128.net,9,9,1.0
c-room.de,12,13,1.0833333333333333
astralsystem.com,18,17,0.9444444444444444
951.net,11,10,0.9090909090909091
bj-fl.com,13,12,0.9230769230769231
bereavedbysuicide.com,22,23,1.0454545454545454
41306.com,17,18,1.0588235294117647
aliquantservice.net,16,15,0.9375
bramjy.com,19,20,1.0526315789473684
avob-usa.com,24,25,1.0416666666666667
achadosdevalor.com,15,16,1.0666666666666667
0722shop.com,10,9,0.9
bundwoffsetdruck.de,18,20,1.1111111111111112
club2m.com,15,17,1.1333333333333333
birthlong.com,15,16,1.0666666666666667
6n99.com,12,11,0.9166666666666666
blogartis.net,14,15,1.0714285714285714
britishteam.com,12,13,1.0833333333333333
chaoey.com,5,4,0.8
beast.kz,20,23,1.15
cencoasteng.com,15,16,1.0666666666666667
blogkr.com,29,37,1.2758620689655173
clum.org,12,13,1.0833333333333333
alleswisser.org,12,13,1.0833333333333333
blovey.com,3,2,0.6666666666666666
012abc.de,17,16,0.9411764705882353
anunciosdiez.com,15,16,1.0666666666666667
bauxit.net,17,16,0.9411764705882353
608b.com,13,12,0.9230769230769231
animateurforum.de,16,15,0.9375
arkhunting.com,15,16,1.0666666666666667
5freun.de,15,16,1.0666666666666667
24hrgift.com,13,14,1.0769230769230769
carrosse.com,15,16,1.0666666666666667
adam-systems.com,15,14,0.9333333333333333
abastecer.com,12,13,1.0833333333333333
63gw.com,13,12,0.9230769230769231
a9451.cn,5,4,0.8
alonimo.com,14,13,0.9285714285714286
clonezilla.com,15,14,0.9333333333333333
biebersecrets.info,15,14,0.9333333333333333
ambamali.de,12,13,1.0833333333333333
activh.pl,21,25,1.1904761904761905
caseros.net,10,9,0.9
abuby.com,13,12,0.9230769230769231
calisthenics.org,15,16,1.0666666666666667
buysoftballbats.net,14,13,0.9285714285714286
ambulancedienst.com,12,13,1.0833333333333333
boxpt.com,13,12,0.9230769230769231
aioinet.net,11,10,0.9090909090909091
63.fr,18,21,1.1666666666666667
ascensioncatholic.net,21,22,1.0476190476190477
barnmice.com,12,11,0.9166666666666666
chicoairfest.com,12,13,1.0833333333333333
alllatesttvshows.com,15,16,1.0666666666666667
acrey.com,14,15,1.0714285714285714
9196pt.com,5,4,0.8
bbswc.net,14,15,1.0714285714285714
bridgetenders.org,16,17,1.0625
andysamberg.net,15,16,1.0666666666666667
aosex.com,12,13,1.0833333333333333
artsefest.com,21,23,1.0952380952380953
blackdogauto.com,11,10,0.9090909090909091
centerforclayart.com,15,15,1.0
cinemail.de,13,14,1.0769230769230769
11726.com,17,16,0.9411764705882353
aktiona.com,15,15,1.0
catholiclatinmass.net,19,18,0.9473684210526315
bestfirma.com,17,18,1.0588235294117647
boxed-meals.com,14,13,0.9285714285714286
aiswacs.org,12,13,1.0833333333333333
bonecounty.com,27,26,0.9629629629629629
boresome.com,13,14,1.0769230769230769
bombdesigns.com,13,14,1.0769230769230769
calibri.com,13,14,1.0769230769230769
4libel.com,10,9,0.9
31392.com,12,13,1.0833333333333333
beautifulbondage.com,13,14,1.0769230769230769
123dy.net,3,2,0.6666666666666666
boutiquehotels.fr,12,13,1.0833333333333333
abrasivesmagazine.com,13,12,0.9230769230769231
alarsoft.com,17,16,0.9411764705882353
christianonestop.com,12,13,1.0833333333333333
chocolat-baptista.com,15,14,0.9333333333333333
antibiotikum.com,12,13,1.0833333333333333
astrophotoclub.com,15,14,0.9333333333333333
asianmei.com,22,21,0.9545454545454546
54farringdon.com,14,15,1.0714285714285714
34fbra.com,12,13,1.0833333333333333
86980.de,12,13,1.0833333333333333
arns.com,22,32,1.4545454545454546
chennaiwasi.com,18,17,0.9444444444444444
cernobil.eu,17,18,1.0588235294117647
adarchive.com,12,13,1.0833333333333333
cchk8.com,13,14,1.0769230769230769
bestprices.com,18,21,1.1666666666666667
92xt.com,20,19,0.95
businessboy.com,14,15,1.0714285714285714
amazinglink.com,12,12,1.0
bc3g.com,7,7,1.0
bmgshop.com,12,13,1.0833333333333333
44965.com,12,13,1.0833333333333333
brucci.com,15,16,1.0666666666666667
akico.com,24,29,1.2083333333333333
967hankfm.net,17,18,1.0588235294117647
cocui.com,13,14,1.0769230769230769
bsbc.com,11,10,0.9090909090909091
capital-gourmet.de,14,15,1.0714285714285714
chinese.pro,14,13,0.9285714285714286
60v3.com,9,8,0.8888888888888888
air-yo.com,11,10,0.9090909090909091
caliger.com,12,13,1.0833333333333333
balleteatro.com,16,15,0.9375
backdoorbondage.com,24,26,1.0833333333333333
avatar2auditions.com,10,9,0.9
1vc.net,12,13,1.0833333333333333
appletvbox.com,14,14,1.0
bombarded.com,14,13,0.9285714285714286
1160.com,15,16,1.0666666666666667
coey.com,15,16,1.0666666666666667
borderbowl.com,17,16,0.9411764705882353
andoveryouthservices.com,24,29,1.2083333333333333
2mixo.com,14,15,1.0714285714285714
350zforums.org,14,14,1.0
blhhk.com,13,14,1.0769230769230769
atividade.org,13,12,0.9230769230769231
1908.net,12,13,1.0833333333333333
chickensalad.ca,12,13,1.0833333333333333
babesandfun.com,14,15,1.0714285714285714
c8262.cn,5,4,0.8
ajtq.com,12,13,1.0833333333333333
cardiograde.com,14,13,0.9285714285714286
b5958.cn,5,4,0.8
247webpros.com,34,37,1.088235294117647
8porn.de,12,13,1.0833333333333333
apk-auktion.ch,15,15,1.0
887s.com,15,14,0.9333333333333333
9710.de,16,17,1.0625
activeregister.net,19,18,0.9473684210526315
charmix.fr,23,22,0.9565217391304348
26nx.com,5,4,0.8
castleintheclouds.com,12,13,1.0833333333333333
atmir.com,12,13,1.0833333333333333
attirement.com,20,21,1.05
baguse.com,20,19,0.95
biluh.com,14,15,1.0714285714285714
arhu.org,13,12,0.9230769230769231
45gap.com,12,13,1.0833333333333333
chocolatezebra.com,15,16,1.0666666666666667
anukulchandra.com,15,16,1.0666666666666667
ameritania.com,12,13,1.0833333333333333
212broker.com,17,16,0.9411764705882353
beltrick.org,15,14,0.9333333333333333
21cn.com,352,482,1.3693181818181819
catseyes.eu,10,9,0.9
apunka.com,19,18,0.9473684210526315
auralia.de,19,18,0.9473684210526315
a-hn.com,12,13,1.0833333333333333
b592.cn,5,4,0.8
51xykc.com,14,15,1.0714285714285714
brjhi.com,12,13,1.0833333333333333
bipuljyoti.in,18,17,0.9444444444444444
c5110.cn,5,4,0.8
976ys.com,13,14,1.0769230769230769
anonib.org,15,14,0.9333333333333333
coachingprogramexpert.com,13,12,0.9230769230769231
92hicks.com,12,13,1.0833333333333333
access-datenbank-programmierung.de,15,16,1.0666666666666667
brandonblog.com,19,18,0.9473684210526315
cinemoviehistory.com,13,14,1.0769230769230769
bowlingtipsinfo.com,15,16,1.0666666666666667
carohs.com,14,15,1.0714285714285714
chile-esmeralda.com,12,13,1.0833333333333333
123ap.com,12,13,1.0833333333333333
cars-info.net,13,14,1.0769230769230769
0550info.com,5,4,0.8
cdu-quadrath-ichendorf.de,16,17,1.0625
96hourweightloss.com,14,14,1.0
auction.net,12,11,0.9166666666666666
cafeconcert.com,12,13,1.0833333333333333
bhoir.com,12,13,1.0833333333333333
carrass.com,8,7,0.875
bikez.de,12,13,1.0833333333333333
brazol.com,13,14,1.0769230769230769
arctictale.com,31,30,0.967741935483871
aviary.info,15,14,0.9333333333333333
ccheat.net,12,13,1.0833333333333333
bhrpeo.com,16,15,0.9375
5-jd.com,14,13,0.9285714285714286
bepirola.com,21,22,1.0476190476190477
antiquegold.net,13,14,1.0769230769230769
cffp.cn,6,6,1.0
clearpress.com,12,13,1.0833333333333333
badpirate.com,14,15,1.0714285714285714
bestdesikaki.com,14,15,1.0714285714285714
bluebonnets.net,13,14,1.0769230769230769
bernardosim.com,19,18,0.9473684210526315
bb-chat.com,16,16,1.0
angelo-branduardi.com,21,20,0.9523809523809523
coldaustin.com,14,14,1.0
acpafp.org,15,14,0.9333333333333333
antiqueceilingfan.org,19,18,0.9473684210526315
carsi1903.com,22,21,0.9545454545454546
aariel.net,21,26,1.2380952380952381
anotorrent.net,13,14,1.0769230769230769
bwoord.com,13,14,1.0769230769230769
blackdesks.net,16,17,1.0625
co.sy,33,40,1.2121212121212122
26906.com,12,11,0.9166666666666666
abuniversity.com,12,13,1.0833333333333333
afict.com,16,15,0.9375
aycj.cn,5,6,1.2
888ar.com,11,10,0.9090909090909091
4wdads.com,10,9,0.9
97849.de,12,13,1.0833333333333333
climermoving.com,18,17,0.9444444444444444
campionidelmondo.com,12,13,1.0833333333333333
antifa-hamburg.com,19,18,0.9473684210526315
05mv.com,12,13,1.0833333333333333
b7501.cn,5,4,0.8
bluedition.net,22,26,1.1818181818181819
52dby.com,18,17,0.9444444444444444
avianflufaq.com,15,16,1.0666666666666667
ceidl.net,1,0,0.0
arabmetalradio.com,12,13,1.0833333333333333
azuray.com,25,26,1.04
40xx.com,13,12,0.9230769230769231
b7013.cn,5,4,0.8
3cc3.net,13,12,0.9230769230769231
chevreforsale.com,15,15,1.0
autowasserij.net,10,9,0.9
advertising-marketing-forum.com,12,13,1.0833333333333333
0576ls.com,13,14,1.0769230769230769
chilisys.net,11,10,0.9090909090909091
86757.cn,6,5,0.8333333333333334
alama.com,17,16,0.9411764705882353
aimbro.com,13,14,1.0769230769230769
cleanyourballs.com,12,13,1.0833333333333333
alldesimp3.net,12,13,1.0833333333333333
b6111.cn,5,4,0.8
2busystitching.com,14,15,1.0714285714285714
collaborater.com,14,14,1.0
8link.org,11,11,1.0
binius.com,12,13,1.0833333333333333
byvj.com,13,14,1.0769230769230769
clarkcountynow.com,12,13,1.0833333333333333
apodo.org,20,19,0.95
aitahost.com,29,33,1.1379310344827587
11223.com,12,13,1.0833333333333333
abatangelo.com,13,14,1.0769230769230769
bubto.com,16,15,0.9375
br0nd.net,13,12,0.9230769230769231
aiku6.com,14,15,1.0714285714285714
coffeeserviceplus.com,13,14,1.0769230769230769
assistirtvnainternet.net,13,14,1.0769230769230769
adobecapital.org,16,15,0.9375
cleanoutexpress.com,16,16,1.0
burning-fat-losing-weight.com,13,14,1.0769230769230769
a8801.cn,5,4,0.8
71wen.com,15,14,0.9333333333333333
agisb10.com,21,26,1.2380952380952381
bevbevan.com,23,24,1.0434782608695652
bzia.com,12,13,1.0833333333333333
4host.net,12,13,1.0833333333333333
arcwheeler.com,26,25,0.9615384615384616
bennyfranks.com,18,17,0.9444444444444444
bromelias.com,12,13,1.0833333333333333
ber7.com,17,16,0.9411764705882353
acqgps.com,5,4,0.8
alaskaraceway.info,11,10,0.9090909090909091
chingar.com,13,14,1.0769230769230769
bijakduit.com,29,35,1.206896551724138
aciex.com,12,13,1.0833333333333333
ampryt.com,15,15,1.0
74391.de,12,13,1.0833333333333333
b6474.cn,5,4,0.8
bisqui.com,8,7,0.875
bestsearch.net,16,15,0.9375
carbinestudios.com,19,19,1.0
alcoholicas.com,12,13,1.0833333333333333
bceo.com,13,15,1.1538461538461537
aadk.com,12,13,1.0833333333333333
airusonic.com,15,16,1.0666666666666667
beistelltisch.eu,12,13,1.0833333333333333
b102.net,14,15,1.0714285714285714
blackrifledisease.com,20,19,0.95
9811.net,12,13,1.0833333333333333
boec.de,17,19,1.1176470588235294
arcticseabed.com,12,13,1.0833333333333333
coldangrybed.com,18,21,1.1666666666666667
bir.ru,166,196,1.180722891566265
85650.com,12,13,1.0833333333333333
abol.com,20,23,1.15
boise.pro,13,14,1.0769230769230769
blotewebcammoeders.nl,24,30,1.25
artabra.net,11,11,1.0
33comm.com,15,16,1.0666666666666667
bjvdr.cn,5,5,1.0
byoa.com,15,16,1.0666666666666667
bvje.de,18,21,1.1666666666666667
02163.de,12,13,1.0833333333333333
bqhr.net,7,7,1.0
3d-bd.de,18,17,0.9444444444444444
achot.com,11,10,0.9090909090909091
580rc.com,12,13,1.0833333333333333
bjrld.com,4,4,1.0
bonefly.org,18,17,0.9444444444444444
bf2-maps.com,17,16,0.9411764705882353
campbellpva.com,13,14,1.0769230769230769
bluedevilsbaseball.com,18,17,0.9444444444444444
autoresponseelite.com,21,26,1.2380952380952381
asiareservations.net,34,40,1.1764705882352942
bobcho.com,15,16,1.0666666666666667
borderworld.com,12,13,1.0833333333333333
bkacareers.com,16,17,1.0625
abdeckmaterial.de,12,13,1.0833333333333333
abitemis.info,14,13,0.9285714285714286
arcadeworld.org,17,16,0.9411764705882353
aadf.de,17,16,0.9411764705882353
atnextcom.com,11,10,0.9090909090909091
asiaextreme.de,12,13,1.0833333333333333
asnads.com,12,13,1.0833333333333333
bhor.com,13,14,1.0769230769230769
banyou580.com,12,11,0.9166666666666666
ab3r.com,10,9,0.9
childsupportpaternitytest.com,13,14,1.0769230769230769
aysum.com,20,24,1.2
8uptattoos.com,13,12,0.9230769230769231
applerules.com,15,16,1.0666666666666667
albumina.com,11,10,0.9090909090909091
c901.com,11,10,0.9090909090909091
airedale-terrier-musikwinkel.de,12,13,1.0833333333333333
columbiagaspa.com,10,10,1.0
bpsurfboards.com,18,18,1.0
athenasystem.it,12,13,1.0833333333333333
clanok.com,12,13,1.0833333333333333
beforehollywood.com,12,13,1.0833333333333333
2222.fr,12,13,1.0833333333333333
co700.com,18,17,0.9444444444444444
2beloved.com,12,13,1.0833333333333333
bettgefluester-hamburg.de,13,14,1.0769230769230769
clgcbe.com,14,15,1.0714285714285714
95d8.net,8,7,0.875
asaka-kuwano.jp,15,16,1.0666666666666667
australiantravelinsurance.net,12,11,0.9166666666666666
bot-thoughts.com,21,20,0.9523809523809523
bo7.net,93,124,1.3333333333333333
callach.com,15,15,1.0
atanasis.com,24,25,1.0416666666666667
bkr.sk,12,13,1.0833333333333333
buttslammers.com,12,13,1.0833333333333333
56702.com,12,11,0.9166666666666666
cfemex.com,64,76,1.1875
bioterror.de,12,13,1.0833333333333333
citizinvestor.com,18,17,0.9444444444444444
bigmatch.de,12,13,1.0833333333333333
angelsheaven.net,13,14,1.0769230769230769
celloudaleind.com,14,15,1.0714285714285714
blogresellerprofits.com,12,13,1.0833333333333333
bimetallstreifen.de,12,13,1.0833333333333333
bayai.com,15,16,1.0666666666666667
calm-be.de,18,18,1.0
abschuesse.de,15,14,0.9333333333333333
cinematographique.com,13,14,1.0769230769230769
boriss.com,21,22,1.0476190476190477
amotv.net,15,16,1.0666666666666667
agenda-leselust.de,9,8,0.8888888888888888
cebrec.com,12,13,1.0833333333333333
agidoo.com,11,10,0.9090909090909091
chuya-labs.com,21,20,0.9523809523809523
8890.com,12,13,1.0833333333333333
b9370.cn,5,4,0.8
allseasonsrec.com,9,8,0.8888888888888888
aktiekurser.net,16,15,0.9375
17qtw.com,10,9,0.9
casttype.com,15,16,1.0666666666666667
buingo.com,12,11,0.9166666666666666
biebelnheimonline.de,17,16,0.9411764705882353
afob.de,13,14,1.0769230769230769
afsr.com,12,13,1.0833333333333333
cbnonline.com,15,16,1.0666666666666667
activearmy.com,17,16,0.9411764705882353
asboga.com,15,16,1.0666666666666667
blise.com,18,21,1.1666666666666667
1455.net,15,14,0.9333333333333333
ask0.com,13,14,1.0769230769230769
c2193.cn,5,4,0.8
ausjet.com,15,16,1.0666666666666667
bensville.com,12,13,1.0833333333333333
aueua.com,12,13,1.0833333333333333
bildarchiv.de,14,15,1.0714285714285714
1067.de,12,13,1.0833333333333333
01-17.com,13,12,0.9230769230769231
color-drop.com,10,9,0.9
bgcam.net,15,14,0.9333333333333333
ayesc.com,5,4,0.8
3smat.com,16,17,1.0625
708f.com,13,12,0.9230769230769231
clarkgayton.com,16,15,0.9375
bongme.com,15,16,1.0666666666666667
blackhills.eu,12,13,1.0833333333333333
chellama.com,14,15,1.0714285714285714
airsnort.de,9,8,0.8888888888888888
allopathy.org,16,15,0.9375
bedahi.com,18,17,0.9444444444444444
autonomieproject.com,10,10,1.0
42ly.com,20,24,1.2
aorticarch.com,20,21,1.05
5p5b.com,13,12,0.9230769230769231
asiamatch.com,15,14,0.9333333333333333
bigshotlive.com,12,11,0.9166666666666666
avaxis.com,12,13,1.0833333333333333
beringsee.de,12,13,1.0833333333333333
azenvelope.com,12,11,0.9166666666666666
4cum.com,13,14,1.0769230769230769
alphonso.com,10,9,0.9
aoxomoxoa.ch,12,13,1.0833333333333333
allomoto.fr,18,18,1.0
brunogiambelluca.com,17,17,1.0
cdeubb.cl,8,7,0.875
botasot.net,16,15,0.9375
ahmadsarwat.com,24,29,1.2083333333333333
buypillsnow.com,13,14,1.0769230769230769
capturedbygravity.com,19,18,0.9473684210526315
21643.com,12,13,1.0833333333333333
cablefix.com,12,13,1.0833333333333333
aproximacao.com,15,16,1.0666666666666667
centuryagpartners.com,16,15,0.9375
allaboutkarachi.com,12,13,1.0833333333333333
ceburo.com,12,13,1.0833333333333333
belldog.com,15,16,1.0666666666666667
anime-myth.com,29,30,1.0344827586206897
aytoalmoradi.com,14,15,1.0714285714285714
adc-ast.com,12,13,1.0833333333333333
coltonmuseum.net,17,16,0.9411764705882353
clipfa.com,17,16,0.9411764705882353
avilova.org,17,16,0.9411764705882353
7fere.com,12,13,1.0833333333333333
adhaalath.org,9,8,0.8888888888888888
anquye.com,15,14,0.9333333333333333
2builders.com,27,30,1.1111111111111112
artlessons.org,13,14,1.0769230769230769
allisonwalkssf.com,21,20,0.9523809523809523
biskra7.info,16,16,1.0
buz4gov.com,19,18,0.9473684210526315
breij.net,16,15,0.9375
aramidfibre.com,15,16,1.0666666666666667
acaiberry-bliss.com,18,22,1.2222222222222223
cmu.edu,3669,4272,1.1643499591169255
blowjobvideo.info,18,17,0.9444444444444444
7597.org,20,21,1.05
amidakurd.eu,14,13,0.9285714285714286
co-ar.com,15,16,1.0666666666666667
cdonordest.it,17,16,0.9411764705882353
avido.com,13,14,1.0769230769230769
aintnothin.com,17,16,0.9411764705882353
b5911.cn,5,4,0.8
abrasiveblastcabinet.com,20,21,1.05
b1351.cn,5,4,0.8
cobra76.com,12,13,1.0833333333333333
6eshop.com,7,7,1.0
berjuang.info,16,17,1.0625
asianafrican-museum.org,25,30,1.2
buildercircle.com,13,12,0.9230769230769231
bkcul.com,21,20,0.9523809523809523
breitfuss.net,12,11,0.9166666666666666
cdlousanense.com,12,12,1.0
bonesepisodes.net,14,15,1.0714285714285714
90130.com,18,21,1.1666666666666667
circumnavigating.com,14,13,0.9285714285714286
clickbankrevealed.com,17,16,0.9411764705882353
bjhw.com,13,12,0.9230769230769231
30sp.com,13,12,0.9230769230769231
alwaysgreen.org,20,21,1.05
7oll.com,13,12,0.9230769230769231
avcdistributor.com,29,36,1.2413793103448276
accretusimmigration.com,18,22,1.2222222222222223
cokemi.com,13,14,1.0769230769230769
20459.at,17,17,1.0
capacho.com,13,14,1.0769230769230769
chatpa.com,15,16,1.0666666666666667
almundo.net,12,13,1.0833333333333333
3wheelerworld.com,16,18,1.125
acbmjb.com,12,11,0.9166666666666666
adverit.com,40,45,1.125
battleinseattlemovie.com,15,16,1.0666666666666667
bbws.org,12,13,1.0833333333333333
auto-insurance-quotes-comparison.net,12,11,0.9166666666666666
bitetherichhand.com,21,20,0.9523809523809523
av811.com,13,12,0.9230769230769231
carportscenter.com,15,16,1.0666666666666667
anaaraby.com,18,17,0.9444444444444444
ciclodi.com,18,17,0.9444444444444444
blaye.net,20,23,1.15
burlingtonvt.org,25,30,1.2
bestwebmasterz.com,24,29,1.2083333333333333
70ccdirtbike.com,12,13,1.0833333333333333
bulez.com,15,16,1.0666666666666667
7jan.com,12,13,1.0833333333333333
brightonsocialclub.com,13,12,0.9230769230769231
alevik.net,12,13,1.0833333333333333
akimoto.com,12,11,0.9166666666666666
clarionsouth.org,12,11,0.9166666666666666
adrayonserver.com,25,26,1.04
at-miyabi.com,12,11,0.9166666666666666
bartlets.com,15,14,0.9333333333333333
alyeesia.net,13,14,1.0769230769230769
besthomeclips.com,20,19,0.95
advancejet.com,15,16,1.0666666666666667
choralstudiesusa.com,11,10,0.9090909090909091
99days.net,12,13,1.0833333333333333
amateurcouples.net,14,13,0.9285714285714286
42nd.com,22,23,1.0454545454545454
bmsq.com,12,13,1.0833333333333333
amchegoa.com,16,18,1.125
6film.org,20,21,1.05
4thajoker.com,15,16,1.0666666666666667
abdullahalfaisal.com,13,12,0.9230769230769231
choline.net,15,16,1.0666666666666667
0ez.net,15,16,1.0666666666666667
b7175.cn,5,4,0.8
aannemersbedrijf.eu,12,13,1.0833333333333333
brhl.de,13,14,1.0769230769230769
backyardinc.com,14,16,1.1428571428571428
amisone.com,12,11,0.9166666666666666
3dcbly.com,5,4,0.8
3qtl.com,13,12,0.9230769230769231
50287.com,12,13,1.0833333333333333
17thun.com,15,14,0.9333333333333333
985goodfm.com,15,16,1.0666666666666667
bpre.de,26,29,1.1153846153846154
bulbuller.com,12,13,1.0833333333333333
casualcruise.asia,15,16,1.0666666666666667
bwnr.com,13,14,1.0769230769230769
38ru.com,13,13,1.0
articlereview.net,13,14,1.0769230769230769
admiralsawesomeknives.com,14,15,1.0714285714285714
clwt.com,12,13,1.0833333333333333
566xs.com,12,11,0.9166666666666666
basherts.com,15,15,1.0
advancedmarketingsolutionsfl.com,31,37,1.1935483870967742
bloggoat.com,11,10,0.9090909090909091
74iii.com,14,13,0.9285714285714286
bamut.com,12,13,1.0833333333333333
blackbut.com,10,9,0.9
cn545.com,11,10,0.9090909090909091
17q7.com,8,7,0.875
cnctiy.com,1,0,0.0
apa-music.org,12,11,0.9166666666666666
banshie.com,12,13,1.0833333333333333
7graam.com,13,12,0.9230769230769231
adriansprints.com,23,22,0.9565217391304348
chancraft.net,13,14,1.0769230769230769
1jam.com,12,13,1.0833333333333333
a8171.cn,5,4,0.8
aowaow.net,15,15,1.0
clevergaragestorageideas.com,13,12,0.9230769230769231
acreditcard.net,10,9,0.9
bemmel.de,13,14,1.0769230769230769
alfemo.net,12,13,1.0833333333333333
bigerection.com,12,13,1.0833333333333333
coles-corner-and-creations.com,21,20,0.9523809523809523
chocolateisasuperfood.info,17,16,0.9411764705882353
aleex.info,16,15,0.9375
69namo.com,13,12,0.9230769230769231
8qq.cn,4,4,1.0
blackafrican.net,13,14,1.0769230769230769
angelpromotions808.com,11,10,0.9090909090909091
69492.com,12,13,1.0833333333333333
08600.cn,4,4,1.0
chrisvaines.com,17,16,0.9411764705882353
bjkdy.com,10,10,1.0
arismendy.com,13,14,1.0769230769230769
bamgroup.com,11,10,0.9090909090909091
casualstrolltomordor.com,29,31,1.0689655172413792
cardinalbrush.com,16,15,0.9375
autobuildernetwork.com,12,13,1.0833333333333333
1uy.net,12,13,1.0833333333333333
aquatints.net,14,14,1.0
americapharmacyworld.com,14,14,1.0
autoglobal.ca,12,13,1.0833333333333333
beaujoulais.de,9,8,0.8888888888888888
binatonebroadband.com,15,14,0.9333333333333333
88454.de,12,13,1.0833333333333333
alloywheelsrims.com,13,13,1.0
bpnet.net,12,11,0.9166666666666666
ashleylelie.com,17,16,0.9411764705882353
citystory.de,12,13,1.0833333333333333
alsbrain.com,17,16,0.9411764705882353
ciwok.cn,6,5,0.8333333333333334
atif.hu,19,22,1.1578947368421053
beursen.com,13,14,1.0769230769230769
bariqatlantic.com,16,17,1.0625
allegeant.com,12,11,0.9166666666666666
apf4.com,12,13,1.0833333333333333
bazy.pl,17,20,1.1764705882352942
360mr.net,15,16,1.0666666666666667
absok.com,16,17,1.0625
amhn.com,54,62,1.1481481481481481
casinomiramar.com,10,9,0.9
annikasorenstam.org,14,13,0.9285714285714286
22ii.com,13,12,0.9230769230769231
bizzel.net,12,13,1.0833333333333333
alertl.com,12,13,1.0833333333333333
callensburg.com,20,21,1.05
altovault.com,19,18,0.9473684210526315
chronicus.de,15,16,1.0666666666666667
bullycides.net,19,18,0.9473684210526315
avatarslikeus.com,17,16,0.9411764705882353
91631.de,12,13,1.0833333333333333
banjoaddiction.com,15,14,0.9333333333333333
bluecoat.com,179,205,1.1452513966480447
87o.net,10,10,1.0
bces.com,13,12,0.9230769230769231
budapest.org,12,13,1.0833333333333333
borissa.org,14,13,0.9285714285714286
100ccc.com,15,14,0.9333333333333333
androck.com,12,13,1.0833333333333333
cmc-records.de,17,16,0.9411764705882353
clasificaciones.eu,14,15,1.0714285714285714
a37.org,13,14,1.0769230769230769
34248.com,14,15,1.0714285714285714
archivesouvertes.fr,18,21,1.1666666666666667
aapestaart.com,14,13,0.9285714285714286
amaze24.com,15,16,1.0666666666666667
bonatrans.de,13,14,1.0769230769230769
aupex.net,19,21,1.105263157894737
brecourtassault.com,15,16,1.0666666666666667
chat.net,12,11,0.9166666666666666
baroloitaliansteakhouse.com,15,16,1.0666666666666667
bmyin.de,14,15,1.0714285714285714
babymaker.com,12,13,1.0833333333333333
africascout.com,15,16,1.0666666666666667
babygod.com,12,13,1.0833333333333333
adegel.com,12,13,1.0833333333333333
bahadurganj.com,13,14,1.0769230769230769
benas.de,12,13,1.0833333333333333
360sp.net,18,21,1.1666666666666667
bike9.com,8,7,0.875
auenviertel.de,13,14,1.0769230769230769
bridalshoponline.com,13,14,1.0769230769230769
bgdboom.com,16,15,0.9375
b9760.cn,5,4,0.8
calatino.com,12,13,1.0833333333333333
banyapa.com,18,17,0.9444444444444444
branberg.de,13,14,1.0769230769230769
a1184.cn,5,4,0.8
9love-onyanko.net,12,13,1.0833333333333333
affarslitteratur.se,16,15,0.9375
apetece-me.com,16,15,0.9375
avionaus.com,13,12,0.9230769230769231
bloject.org,13,12,0.9230769230769231
caihongxu.com,15,14,0.9333333333333333
beldi.org,18,20,1.1111111111111112
bs500.com,14,15,1.0714285714285714
cinevital.com,17,16,0.9411764705882353
binodan.com,13,14,1.0769230769230769
arena-corp.com,17,16,0.9411764705882353
a7787.cn,5,4,0.8
450.com,15,16,1.0666666666666667
allcracks.net,16,15,0.9375
canarini.de,12,13,1.0833333333333333
amc-computer.com,12,13,1.0833333333333333
citimd.com,15,16,1.0666666666666667
barschrank.de,13,14,1.0769230769230769
astrab.com,14,15,1.0714285714285714
cloggers.com,14,13,0.9285714285714286
cmnf-videos.com,13,14,1.0769230769230769
agets.com,13,14,1.0769230769230769
actu-coupe-du-monde.com,13,14,1.0769230769230769
astraltravel.net,12,13,1.0833333333333333
calltheram.com,21,20,0.9523809523809523
aguilascostacalida.com,15,16,1.0666666666666667
bagger-und-bahnen.de,12,13,1.0833333333333333
caoticaanaarte.com,15,16,1.0666666666666667
cincohermanos.com,11,10,0.9090909090909091
bobparksauctions.com,15,14,0.9333333333333333
bloodtime.com,17,18,1.0588235294117647
carolinagraphs.com,12,13,1.0833333333333333
artisau.com,16,15,0.9375
93easy.com,13,14,1.0769230769230769
airportmotorsgpt.com,16,18,1.125
bwxa.com,40,45,1.125
alohagdl.com,16,15,0.9375
arenotech.com,12,13,1.0833333333333333
bazgasht.net,21,20,0.9523809523809523
bres-s.com,15,14,0.9333333333333333
1coolplace.com,14,13,0.9285714285714286
businessweekly.de,12,13,1.0833333333333333
awl.fr,12,13,1.0833333333333333
61qy.com,13,12,0.9230769230769231
bob4life.com,15,16,1.0666666666666667
clami.com,12,13,1.0833333333333333
6440.com,13,15,1.1538461538461537
accessmednet.com,25,24,0.96
arreter.fr,12,13,1.0833333333333333
apple-holidays.com,12,13,1.0833333333333333
bukkaked.com,12,13,1.0833333333333333
camoe.ca,15,16,1.0666666666666667
bstn.com,12,13,1.0833333333333333
cgx.net,19,23,1.2105263157894737
beroto.com,15,16,1.0666666666666667
c7server.com,20,26,1.3
askbabaali.com,13,14,1.0769230769230769
cars.fr,14,15,1.0714285714285714
bankruptcylawyersandattorneys.com,11,10,0.9090909090909091
beltwaybombers.com,15,16,1.0666666666666667
1portal.com,14,15,1.0714285714285714
barefootdrive.com,14,13,0.9285714285714286
bc-r.com,12,13,1.0833333333333333
chiroserver.com,15,14,0.9333333333333333
aftermeetup.com,12,13,1.0833333333333333
addisonmariebaby.com,15,16,1.0666666666666667
263nb.com,7,6,0.8571428571428571
anslink.com,13,14,1.0769230769230769
chiuduno.net,12,13,1.0833333333333333
clasificados.eu,12,13,1.0833333333333333
adifos.com,15,16,1.0666666666666667
bedroom-decorating-ideas.com,14,13,0.9285714285714286
codingstreet.com,18,17,0.9444444444444444
charlesdent.com,13,12,0.9230769230769231
castle-keepers.com,17,16,0.9411764705882353
a1700.cn,5,4,0.8
channelise.com,12,13,1.0833333333333333
bertrandkern.net,10,9,0.9
causesof-divorce.com,18,17,0.9444444444444444
123mails.de,14,15,1.0714285714285714
cilindro.com,17,16,0.9411764705882353
cherubina.com,18,17,0.9444444444444444
bongoon.com,16,15,0.9375
ageams.com,13,14,1.0769230769230769
98dk.com,13,12,0.9230769230769231
78wz.com,5,4,0.8
awakened.net,12,13,1.0833333333333333
chateau-club.de,12,13,1.0833333333333333
assnet.com,16,15,0.9375
anainv.com,13,14,1.0769230769230769
chrismcateer.com,12,12,1.0
barrages-cfgb.org,13,14,1.0769230769230769
abcgr.com,12,12,1.0
bollywood-mania.com,16,15,0.9375
bromsar.com,10,9,0.9
axtgp.com,13,14,1.0769230769230769
ani-kami.net,17,16,0.9411764705882353
asianbarometer.org,10,9,0.9
asylumweb.com,12,11,0.9166666666666666
bearberries.com,20,21,1.05
barbadosflag.com,12,13,1.0833333333333333
billiemail.com,12,13,1.0833333333333333
chataignier.fr,12,13,1.0833333333333333
32fmg.com,13,12,0.9230769230769231
allindianetjobs.com,10,9,0.9
atari.com,126,153,1.2142857142857142
blueboysfc.com,17,16,0.9411764705882353
93083.de,12,13,1.0833333333333333
caribbeancarter.com,15,16,1.0666666666666667
clientebancario.com,14,15,1.0714285714285714
b3umusicstore.com,19,19,1.0
24movies.info,13,12,0.9230769230769231
buffetfroid.com,13,14,1.0769230769230769
autoperformance.de,12,13,1.0833333333333333
aubynhill.com,12,13,1.0833333333333333
cdasj.com,16,17,1.0625
c6717.cn,5,4,0.8
blackberryphone2.com,15,16,1.0666666666666667
adelefamilienhotels.de,16,17,1.0625
40100.at,13,14,1.0769230769230769
casarch.ch,18,17,0.9444444444444444
az911memorial.com,11,10,0.9090909090909091
blossomholidaylighting.com,12,13,1.0833333333333333
aflicker.org,18,17,0.9444444444444444
3co.info,12,13,1.0833333333333333
achsana.com,15,16,1.0666666666666667
b967.cn,5,4,0.8
adjunct-audio.com,37,45,1.2162162162162162
3la.org,12,11,0.9166666666666666
bit-link.ru,14,14,1.0
cawachistyle.com,16,17,1.0625
betriebsunterbrechung.net,12,13,1.0833333333333333
benjaminforiraq.org,9,8,0.8888888888888888
63309.com,13,12,0.9230769230769231
badevlad.com,17,16,0.9411764705882353
c5048.cn,5,4,0.8
14cf.com,14,13,0.9285714285714286
bredgade.com,12,13,1.0833333333333333
blue2bfree.com,13,12,0.9230769230769231
batchoenterprises.com,17,16,0.9411764705882353
capitalcityacademy.com,16,15,0.9375
bergeners.com,10,9,0.9
bebysex.com,16,15,0.9375
ahf.at,12,13,1.0833333333333333
buygeneratorsforhomeuse.com,13,12,0.9230769230769231
4-ji.com,10,10,1.0
blogeria.info,16,15,0.9375
arbore.com,31,37,1.1935483870967742
bge-forum.de,12,13,1.0833333333333333
1r7.com,7,6,0.8571428571428571
candycanechildren.com,13,14,1.0769230769230769
alkofen.de,13,14,1.0769230769230769
babysache.de,15,16,1.0666666666666667
apnahimesh.com,10,9,0.9
childrensadvocacyalliance.com,14,15,1.0714285714285714
coldwellbankermiller.com,13,14,1.0769230769230769
bambumines.org,15,16,1.0666666666666667
adzhosting.com,26,28,1.0769230769230769
adeparture.com,17,16,0.9411764705882353
amfm.org,10,9,0.9
australien-reiseberichte.de,12,13,1.0833333333333333
backyardoahu.com,13,14,1.0769230769230769
bengay.eu,20,24,1.2
addalime.com,15,16,1.0666666666666667
alialeproductions.com,14,15,1.0714285714285714
clinicals.org,20,21,1.05
boxseats.ca,15,16,1.0666666666666667
activerain.info,12,13,1.0833333333333333
collegehotelamsterdam.com,15,14,0.9333333333333333
abidjan-market.com,28,30,1.0714285714285714
acro.fr,15,14,0.9333333333333333
bigi.cn,15,14,0.9333333333333333
bbg-h.com,13,12,0.9230769230769231
bdfzg.com,4,4,1.0
1tv-pc.com,15,14,0.9333333333333333
cityusa.biz,21,26,1.2380952380952381
ac.cy,1156,1389,1.2015570934256055
agpf.com,13,14,1.0769230769230769
bigbrovaz.com,13,14,1.0769230769230769
agcaoili.com,13,13,1.0
chauffeursdiensten.com,12,13,1.0833333333333333
3cpo.com,15,15,1.0
avqd.com,14,15,1.0714285714285714
6297.de,13,14,1.0769230769230769
atriumtheater.org,19,18,0.9473684210526315
bizdebtlitigators.com,32,39,1.21875
blakerdesign.com,21,20,0.9523809523809523
aktivform.de,13,14,1.0769230769230769
agnija.com,19,19,1.0
cheap-carinsurance.in,13,14,1.0769230769230769
airpressure.jp,15,16,1.0666666666666667
bollowood.com,17,16,0.9411764705882353
badminton1.com,17,16,0.9411764705882353
campusmagazine.com,12,13,1.0833333333333333
clipfare.com,31,37,1.1935483870967742
almaqezeti.com,20,19,0.95
circlechat.info,14,13,0.9285714285714286
cgocable.net,52,57,1.0961538461538463
alimenter.com,16,15,0.9375
anttila.de,12,13,1.0833333333333333
berlinera.de,12,13,1.0833333333333333
cdyayi.com,12,13,1.0833333333333333
chioutletmall.com,13,14,1.0769230769230769
a3190.cn,5,4,0.8
9pro.com,11,10,0.9090909090909091
besoyepirozi.com,32,38,1.1875
adressbuch.at,12,13,1.0833333333333333
bulck.com,12,13,1.0833333333333333
aktsiaselts.com,17,16,0.9411764705882353
aqua-adventurebase.de,12,13,1.0833333333333333
b-happy.de,12,13,1.0833333333333333
brooklyn5.com,12,13,1.0833333333333333
bluetooth.jp,12,13,1.0833333333333333
aqd.net,15,14,0.9333333333333333
bestdocumentaries.com,20,21,1.05
circr.com,14,13,0.9285714285714286
44797.com,7,6,0.8571428571428571
alpinhost.com,14,14,1.0
1nb1.com,15,14,0.9333333333333333
24-7-insurance.com,13,12,0.9230769230769231
c5250.cn,5,4,0.8
athomewithpleasure.com,12,11,0.9166666666666666
ancientlogic.net,15,14,0.9333333333333333
avood.com,15,15,1.0
cnscrs.com,8,7,0.875
avhezi2.info,13,12,0.9230769230769231
3m3r.com,13,12,0.9230769230769231
allcredits.net,15,16,1.0666666666666667
chrisjohnsonblog.net,19,18,0.9473684210526315
chemapp.com,21,20,0.9523809523809523
bazyluk.com,12,13,1.0833333333333333
benuta.com,30,34,1.1333333333333333
amatpanas.com,13,14,1.0769230769230769
bloggera.com,12,13,1.0833333333333333
adeptproductions.com,25,27,1.08
barneson.com,12,13,1.0833333333333333
catholiclight.com,14,15,1.0714285714285714
columbiachimneycleaning.com,21,20,0.9523809523809523
a2ze.com,19,18,0.9473684210526315
7wishes.com,11,10,0.9090909090909091
cbox.tv,14,13,0.9285714285714286
bludomain74.com,15,16,1.0666666666666667
44000.com,13,14,1.0769230769230769
bomp3.com,15,16,1.0666666666666667
akibacd.com,6,5,0.8333333333333334
allyourbaseball.com,18,17,0.9444444444444444
11amdesign.com,15,16,1.0666666666666667
bdpq.org,13,12,0.9230769230769231
bbcactiveenglish.com,16,18,1.125
20thcc.com,15,14,0.9333333333333333
bnuf.com,12,13,1.0833333333333333
abone.de,12,13,1.0833333333333333
autosphere.ru,24,29,1.2083333333333333
bookmandalaair.com,18,17,0.9444444444444444
apelsin.net,19,22,1.1578947368421053
bergwandern.de,12,13,1.0833333333333333
cine-mermoz.com,21,20,0.9523809523809523
adnihosting.com,14,15,1.0714285714285714
bioscopic.com,14,14,1.0
bulliondeals.info,14,15,1.0714285714285714
apofans.com,21,20,0.9523809523809523
afewgoodygumdrops.com,10,9,0.9
1npa.net,14,13,0.9285714285714286
0pedia.info,12,13,1.0833333333333333
cd22.com,12,12,1.0
43-2103.com,13,13,1.0
bestmart.net,10,9,0.9
ccyj.com,16,15,0.9375
bao98.com,15,16,1.0666666666666667
blop.org,15,16,1.0666666666666667
chicagotheater.net,12,13,1.0833333333333333
benversluis.com,14,15,1.0714285714285714
7ebr.net,13,12,0.9230769230769231
champignon.ca,12,13,1.0833333333333333
cienciasdelacomunicacion.com,12,13,1.0833333333333333
altios.com,12,13,1.0833333333333333
clearbra.net,26,27,1.0384615384615385
blackjackasphaltconstruction.com,21,25,1.1904761904761905
animalexpert.com,15,14,0.9333333333333333
acnny.com,17,16,0.9411764705882353
800cc.net,13,13,1.0
caringforourblessings.com,11,10,0.9090909090909091
alguiencomotu.com,16,15,0.9375
aleemacademy.com,17,20,1.1764705882352942
adamstransport.ca,12,11,0.9166666666666666
cegip.com,12,13,1.0833333333333333
arthemia.info,12,13,1.0833333333333333
brt48.com,15,14,0.9333333333333333
beschaffen.com,13,14,1.0769230769230769
coastalurge.com,12,11,0.9166666666666666
biografiasycitas.com,21,24,1.1428571428571428
abcdiseno.de,28,31,1.1071428571428572
4y3.net,20,21,1.05
alaliga.com,12,13,1.0833333333333333
brkd.com,13,14,1.0769230769230769
buyr.com,13,12,0.9230769230769231
cheatcode.com,12,13,1.0833333333333333
01ney.com,16,15,0.9375
antidoping.eu,12,13,1.0833333333333333
8ways.net,26,28,1.0769230769230769
ankata.net,15,16,1.0666666666666667
brox.fr,15,16,1.0666666666666667
bjpbs.org,17,16,0.9411764705882353
7877.info,18,19,1.0555555555555556
capricatheseries.com,16,15,0.9375
blom.com,10,9,0.9
blackstabbers.com,12,13,1.0833333333333333
butchcooley.com,11,10,0.9090909090909091
citylife-game.com,20,21,1.05
cash4thetaking.com,15,16,1.0666666666666667
brieflogo.de,12,13,1.0833333333333333
astrologyreview.info,12,13,1.0833333333333333
ancientscript.com,13,14,1.0769230769230769
archhits.com,15,14,0.9333333333333333
businessherbas.com,15,16,1.0666666666666667
author-media.ru,31,33,1.064516129032258
3thib.com,13,14,1.0769230769230769
bottomup.de,12,13,1.0833333333333333
bajargratis.net,16,15,0.9375
bassculturemusic.com,13,15,1.1538461538461537
bpqx.com,15,16,1.0666666666666667
ayysw.com,4,4,1.0
backdir.com,15,16,1.0666666666666667
bdz-rila.com,12,13,1.0833333333333333
arux.net,20,20,1.0
3xrun.com,12,13,1.0833333333333333
911tis.net,14,13,0.9285714285714286
chiffonskirt.com,20,21,1.05
0quest.com,15,15,1.0
brajamustijogja.com,15,14,0.9333333333333333
anynewname.com,161,206,1.279503105590062
clint-roos.nl,12,13,1.0833333333333333
chevvy.com,13,14,1.0769230769230769
2dbuy.com,15,15,1.0
cobotenuss.com,14,13,0.9285714285714286
25demayo.com,12,13,1.0833333333333333
chriscapers.com,5,4,0.8
bratpfannen.eu,12,13,1.0833333333333333
burgess-battery.com,13,12,0.9230769230769231
clyde1hosting.com,28,31,1.1071428571428572
columbier.com,12,13,1.0833333333333333
bulldogjobs.com,12,13,1.0833333333333333
biomers.com,18,17,0.9444444444444444
cafebebe.com,18,18,1.0
broadbandhdtv.com,18,17,0.9444444444444444
channel6reports.com,16,15,0.9375
append.ca,20,21,1.05
benjudah.com,15,16,1.0666666666666667
a3187.cn,5,4,0.8
bedsandbreakfasts.it,12,13,1.0833333333333333
articlenumber.com,12,13,1.0833333333333333
autoantenna.com,14,13,0.9285714285714286
aews.de,9,8,0.8888888888888888
a129.info,29,32,1.103448275862069
0dns.com,12,13,1.0833333333333333
aromaticalternatives.com,14,15,1.0714285714285714
5ttf.com,5,4,0.8
bestnaturalpainrelief4bodymindspirit.com,14,13,0.9285714285714286
classicmidsizecar.com,15,16,1.0666666666666667
cali-fornia.com,16,17,1.0625
010net.com,15,14,0.9333333333333333
bewusst.eu,11,10,0.9090909090909091
adam-air.com,12,13,1.0833333333333333
17dux.com,15,16,1.0666666666666667
baratta.de,9,8,0.8888888888888888
al-mlekh.com,13,14,1.0769230769230769
allstreet.de,12,13,1.0833333333333333
bamf.net,14,15,1.0714285714285714
alcoholad.com,14,13,0.9285714285714286
1sk.net,12,13,1.0833333333333333
adcairlines.com,13,14,1.0769230769230769
chefleu.com,11,10,0.9090909090909091
adegabrasil.com,19,21,1.105263157894737
bredice.net,19,18,0.9473684210526315
10fast.com,17,16,0.9411764705882353
biggests.com,12,13,1.0833333333333333
a836.cn,5,4,0.8
clubatfirestone.com,13,14,1.0769230769230769
chubbystacos.com,14,13,0.9285714285714286
cafe-latino.org,17,16,0.9411764705882353
alshareef.com,12,13,1.0833333333333333
acunr.org,12,11,0.9166666666666666
700mm.com,13,12,0.9230769230769231
afhhosting.com,28,35,1.25
alteclansingt612.net,17,16,0.9411764705882353
blackveatch.com,16,15,0.9375
city-of-dessous.de,22,23,1.0454545454545454
auto-checked.net,15,16,1.0666666666666667
822888.com,13,12,0.9230769230769231
1happymama.com,13,12,0.9230769230769231
365vb.com,13,12,0.9230769230769231
adultbox.jp,14,15,1.0714285714285714
club2.com,23,26,1.1304347826086956
2millionpixels.com,17,16,0.9411764705882353
7thsss.com,16,17,1.0625
buce.org,14,13,0.9285714285714286
advancedsearches.com,12,13,1.0833333333333333
abc96.com,18,17,0.9444444444444444
art-interview.com,13,12,0.9230769230769231
col57.com,113,113,1.0
25575.de,12,13,1.0833333333333333
billlucey.com,12,13,1.0833333333333333
7s-b.com,36,46,1.2777777777777777
5768.com,18,17,0.9444444444444444
artkunst.net,15,14,0.9333333333333333
chubbycheeksthinks.com,15,16,1.0666666666666667
cafestardenver.com,20,19,0.95
best-cure-hemorrhoids.com,12,11,0.9166666666666666
agapedesign.it,32,39,1.21875
afrofanga.com,19,18,0.9473684210526315
clinitoneskincare.com,15,15,1.0
brosis-music.de,14,13,0.9285714285714286
aooo.org,12,13,1.0833333333333333
arcadiainsurancerates.com,17,16,0.9411764705882353
as8607.net,51,55,1.0784313725490196
alsphere.at,15,14,0.9333333333333333
bildungs-shop.de,15,16,1.0666666666666667
bluesflash.com,15,16,1.0666666666666667
brillen-studio-az.de,11,10,0.9090909090909091
adum.org,17,16,0.9411764705882353
botecologia.net,13,14,1.0769230769230769
23db.com,15,14,0.9333333333333333
c9602.cn,5,4,0.8
bcentral.fr,27,32,1.1851851851851851
58zlj.com,10,9,0.9
careerealism.com,17,16,0.9411764705882353
coincent.com,19,18,0.9473684210526315
bridgebook.com,12,11,0.9166666666666666
bskytracking.com,16,17,1.0625
altmetallhandel.eu,12,13,1.0833333333333333
arabbuilder.com,15,14,0.9333333333333333
2012mov.com,13,14,1.0769230769230769
bnoq.com,12,13,1.0833333333333333
a-almadenah.com,19,22,1.1578947368421053
cbsz.com,20,21,1.05
albanianvideo.com,10,9,0.9
anualidad.com,15,14,0.9333333333333333
15p.net,12,13,1.0833333333333333
15cn.com,12,13,1.0833333333333333
captainbeefheart.de,15,16,1.0666666666666667
bocconotti.com,12,13,1.0833333333333333
ab-ins-mono.de,12,11,0.9166666666666666
abandonkeep.com,11,10,0.9090909090909091
61234.org,13,12,0.9230769230769231
caesalpinia.com,14,14,1.0
31tbw.de,14,15,1.0714285714285714
code.ca,13,15,1.1538461538461537
brotofen.de,12,13,1.0833333333333333
boats-florida.com,20,19,0.95
archacki.com,17,16,0.9411764705882353
3344520.org,11,10,0.9090909090909091
anambracorpers.com,16,15,0.9375
5yaw.com,14,13,0.9285714285714286
bridgecommunication.ro,12,11,0.9166666666666666
carucupb.com,14,13,0.9285714285714286
angelforce.jp,15,16,1.0666666666666667
cantanem.de,15,14,0.9333333333333333
cambiodebatecuba.com,27,30,1.1111111111111112
bijoux-perles-de-culture.com,11,10,0.9090909090909091
ceramictiles.net,22,27,1.2272727272727273
alxi.de,13,14,1.0769230769230769
bell-o.com,13,14,1.0769230769230769
bloggalo.it,18,23,1.2777777777777777
clser.com,15,16,1.0666666666666667
colonmedic.com,15,16,1.0666666666666667
138.in,12,11,0.9166666666666666
cofradiaweb.net,39,43,1.1025641025641026
amputating.com,10,9,0.9
balletschool.ca,20,21,1.05
adrius.org,14,14,1.0
birsenaltiner.com,15,14,0.9333333333333333
callbook.net,12,13,1.0833333333333333
cedod.com,11,10,0.9090909090909091
clinicalstudyapplications.com,14,14,1.0
838.org,15,16,1.0666666666666667
aldeamento.com,12,13,1.0833333333333333
5127.com,17,16,0.9411764705882353
ambrosy.de,17,16,0.9411764705882353
buyerprotector.com,12,13,1.0833333333333333
3l9.com,11,10,0.9090909090909091
bedavaca.net,12,13,1.0833333333333333
buxum.com,13,12,0.9230769230769231
captporridge.com,16,17,1.0625
apecnetwork.org,12,13,1.0833333333333333
cazo.org,10,9,0.9
bajri.com,12,13,1.0833333333333333
apptub.com,14,15,1.0714285714285714
bouzoukis.com,12,13,1.0833333333333333
bizzus.com,25,24,0.96
cinemazip.it,27,30,1.1111111111111112
anagkh.net,39,48,1.2307692307692308
alexreader.com,16,16,1.0
bramberry.com,22,21,0.9545454545454546
bernardsville.com,8,7,0.875
achperu.com,12,11,0.9166666666666666
ao9z.com,15,14,0.9333333333333333
cnwbs.com,8,7,0.875
97yt.com,13,12,0.9230769230769231
bewellnowmassage.com,17,16,0.9411764705882353
bjnydl.com,11,10,0.9090909090909091
ciphit.net,16,15,0.9375
aaset.com,24,29,1.2083333333333333
alcobaca.net,11,10,0.9090909090909091
catifa.com,13,12,0.9230769230769231
claywestvirginia.com,19,22,1.1578947368421053
8pima.com,4,4,1.0
arbatel.org,23,24,1.0434782608695652
19580.net,12,13,1.0833333333333333
antonyme.de,12,13,1.0833333333333333
bulkcheck.de,12,13,1.0833333333333333
cfw.at,13,14,1.0769230769230769
baywalkstpete.com,13,12,0.9230769230769231
caferana.com,18,17,0.9444444444444444
canapone.com,12,13,1.0833333333333333
3sphone.com,15,19,1.2666666666666666
babyhannah.net,20,19,0.95
carambolage.com,12,13,1.0833333333333333
999bbb.com,16,17,1.0625
1800fruits.com,13,12,0.9230769230769231
0800alltours.de,25,29,1.16
aesta.org,12,13,1.0833333333333333
bdbuy.com,13,14,1.0769230769230769
centralizacion.com,14,14,1.0
bourail.com,13,14,1.0769230769230769
cekaf.net,20,21,1.05
boef.at,18,18,1.0
68cpa.com,13,12,0.9230769230769231
allhutterites.com,14,15,1.0714285714285714
cheaptrucks.ca,12,13,1.0833333333333333
baisetv.com,12,11,0.9166666666666666
brokerstrust.ca,16,16,1.0
beautiesplace.com,15,16,1.0666666666666667
blubberboy.com,14,15,1.0714285714285714
casinogambling.ca,12,13,1.0833333333333333
955wyt.com,11,10,0.9090909090909091
benimlesin.com,13,14,1.0769230769230769
chocm.com,12,13,1.0833333333333333
cengage.com,190,228,1.2
aimovies.com,21,22,1.0476190476190477
b6735.cn,5,4,0.8
civeas.com,12,13,1.0833333333333333
akds.com,14,15,1.0714285714285714
codeprojec.com,14,15,1.0714285714285714
biggestdollar.com,15,16,1.0666666666666667
blacktrial.com,26,31,1.1923076923076923
best-chinesefood.com,28,35,1.25
buynaturalmaleenhancement.com,13,14,1.0769230769230769
b615.cn,5,4,0.8
chiba-u.jp,253,293,1.158102766798419
blondy-model.com,11,10,0.9090909090909091
celebritynewsandstyle.com,21,26,1.2380952380952381
ass.ma,19,21,1.105263157894737
021bq.com,17,20,1.1764705882352942
brabantsbier.nl,12,13,1.0833333333333333
bvwg.com,12,13,1.0833333333333333
austinrivers.org,16,15,0.9375
asmegin.com,15,16,1.0666666666666667
bondageorgies.com,25,27,1.08
acsidente.com,15,16,1.0666666666666667
brealynn.com,16,15,0.9375
autoudstyr.com,17,16,0.9411764705882353
cameracafe.tv,11,10,0.9090909090909091
clownpenis.com,15,14,0.9333333333333333
autismchannel.org,15,17,1.1333333333333333
6020unserezeit.de,17,17,1.0
chaoyue.com,10,9,0.9
budgetresults.com,15,16,1.0666666666666667
carusel.com,12,13,1.0833333333333333
afzuigkap.com,15,16,1.0666666666666667
collegedatingnetwork.com,18,19,1.0555555555555556
847buyflowers.com,16,15,0.9375
anitaekberg.com,12,13,1.0833333333333333
123rss.de,12,13,1.0833333333333333
aboutspa.com,13,14,1.0769230769230769
boiseul.com,13,12,0.9230769230769231
airlines-inform.com,19,23,1.2105263157894737
76dddd.com,12,13,1.0833333333333333
businessstudiesonline.org,15,14,0.9333333333333333
abrokenchurch.org,18,21,1.1666666666666667
c1.ms,11,10,0.9090909090909091
106.us,17,16,0.9411764705882353
45992.net,5,6,1.2
appley.com,13,12,0.9230769230769231
azit.org,10,9,0.9
berme.com,14,15,1.0714285714285714
artzine.com,12,13,1.0833333333333333
annagilligan.com,16,15,0.9375
bsuer.de,12,13,1.0833333333333333
cartoone.net,12,13,1.0833333333333333
8777.de,12,13,1.0833333333333333
cfrg.org,10,9,0.9
camccc.com,19,20,1.0526315789473684
bangers.com,13,14,1.0769230769230769
casbahcoffeeclub.com,16,18,1.125
10fbbs.com,5,4,0.8
9cdvd.com,11,10,0.9090909090909091
bubh.com,12,13,1.0833333333333333
bergsattersvandrarhem.com,21,20,0.9523809523809523
celabas.com,15,16,1.0666666666666667
affilino.net,12,11,0.9166666666666666
blackjackballroom.com,24,30,1.25
averros.com,21,20,0.9523809523809523
blushingbride.net,12,13,1.0833333333333333
bluesclub.net,8,7,0.875
atoqsaycuchi.com,15,16,1.0666666666666667
afroglitzmag.com,46,56,1.2173913043478262
27updatelinker.info,13,12,0.9230769230769231
africoms.com,17,16,0.9411764705882353
balancanpresente.com,16,17,1.0625
bkhitba.com,15,14,0.9333333333333333
baramejiphone.com,14,15,1.0714285714285714
bs557.com,13,12,0.9230769230769231
academia-wikipedia.org,17,18,1.0588235294117647
bukish.com,15,14,0.9333333333333333
3dcardroom.com,12,13,1.0833333333333333
87485.com,4,4,1.0
cfmsystem.com,10,9,0.9
bestbuyscare.com,10,9,0.9
bildmaterial.net,14,13,0.9285714285714286
akiba-beetle.com,17,17,1.0
buechersee.de,14,15,1.0714285714285714
clancommunity.com,11,10,0.9090909090909091
amirabbas.com,17,16,0.9411764705882353
bemrich.com,15,14,0.9333333333333333
arak-info.com,12,13,1.0833333333333333
beascout.com,15,14,0.9333333333333333
bsbl.net,15,16,1.0666666666666667
cleopetrakete.de,18,17,0.9444444444444444
bilities.com,19,18,0.9473684210526315
atijapan.net,13,12,0.9230769230769231
beppecacopardo.it,11,10,0.9090909090909091
0ad1.com,15,16,1.0666666666666667
bingo-millionaire.com,13,12,0.9230769230769231
albertavillagemuseum.com,14,15,1.0714285714285714
789pay.com,3,2,0.6666666666666666
brownrecords.com,14,15,1.0714285714285714
0571sm.net,5,4,0.8
cgigroup.com,23,22,0.9565217391304348
centrica.com,26,30,1.1538461538461537
buddhastatueart.com,13,12,0.9230769230769231
cherokeejobs.com,17,16,0.9411764705882353
birbi.com,12,13,1.0833333333333333
caliginous.net,22,27,1.2272727272727273
casabella-seidenblumen.de,16,17,1.0625
activwebsites.com,28,37,1.3214285714285714
alsazon.net,14,15,1.0714285714285714
clarionmortgages.com,20,20,1.0
blackjackbeginnertowinner.com,13,14,1.0769230769230769
0movies.net,12,11,0.9166666666666666
bolognaburns.org,38,46,1.2105263157894737
aregistration.com,15,15,1.0
acuariana.com,12,13,1.0833333333333333
bellevuepublicschools.com,20,21,1.05
89com.org,12,13,1.0833333333333333
ac.cn,5739,7230,1.2598013591217982
acmk.com,14,15,1.0714285714285714
classiccollectables.com,17,16,0.9411764705882353
anamia.de,13,14,1.0769230769230769
49qs.com,11,10,0.9090909090909091
avanti-zwembaden.nl,12,13,1.0833333333333333
aytosalamanca.es,29,35,1.206896551724138
butsex.com,20,21,1.05
bunboo.com,15,16,1.0666666666666667
arbkm.net,12,13,1.0833333333333333
cabernet.at,12,13,1.0833333333333333
camfoo.com,12,13,1.0833333333333333
awesta.com,8,7,0.875
aphexdesign.com,22,26,1.1818181818181819
cafenoir.eu,13,14,1.0769230769230769
baseball-networks.com,16,17,1.0625
bounceu.com,14,13,0.9285714285714286
austinpeay.org,20,21,1.05
benfieldhrc.com,18,17,0.9444444444444444
carpegna.net,12,13,1.0833333333333333
buchladen-im-kiez.de,15,16,1.0666666666666667
bebekoi.net,10,10,1.0
35tool.net,9,8,0.8888888888888888
55andover.com,13,14,1.0769230769230769
annual.net,11,10,0.9090909090909091
civitacastellana.net,23,24,1.0434782608695652
apexgamingads.com,13,14,1.0769230769230769
cank.com,12,13,1.0833333333333333
955802.com,7,6,0.8571428571428571
asuka-resort-golf.com,15,16,1.0666666666666667
ad669.com,13,13,1.0
b5425.cn,5,4,0.8
cherrybell.net,11,10,0.9090909090909091
3owlspress.com,13,14,1.0769230769230769
atvweb.com,8,7,0.875
44-66.com,11,10,0.9090909090909091
casaparrina.it,33,40,1.2121212121212122
cnxkb.com,10,9,0.9
a9da.com,15,16,1.0666666666666667
bolu.com,15,16,1.0666666666666667
50xt.com,4,3,0.75
47.pl,36,47,1.3055555555555556
80fy.com,8,7,0.875
aeroworld.eu,12,13,1.0833333333333333
bwpl3.com,3,2,0.6666666666666666
23v.org,12,13,1.0833333333333333
bubblers.com,13,14,1.0769230769230769
bioalpine.com,17,16,0.9411764705882353
barabasz.com,13,12,0.9230769230769231
cmykk.com,15,16,1.0666666666666667
anglehr.com,19,18,0.9473684210526315
angelicstitches.com,12,13,1.0833333333333333
cerberuskoeln.de,14,15,1.0714285714285714
accastillage.eu,15,16,1.0666666666666667
1st-in-typewriters.com,16,15,0.9375
chiiki.com,12,13,1.0833333333333333
bemc.org,15,16,1.0666666666666667
atomware.net,18,17,0.9444444444444444
cnse.org,12,13,1.0833333333333333
blandest.com,12,13,1.0833333333333333
andovers.com,8,7,0.875
calciumcarbonate.org,20,21,1.05
assuredpay.com,18,17,0.9444444444444444
avaspa.com,13,14,1.0769230769230769
3ir.com,12,13,1.0833333333333333
claxel.com,8,7,0.875
43052.com,12,13,1.0833333333333333
beautyexpert.eu,15,14,0.9333333333333333
bwfly.com,13,12,0.9230769230769231
bedofnails.com,8,7,0.875
ckat.com,16,15,0.9375
charmek.org,13,14,1.0769230769230769
5gig.de,14,13,0.9285714285714286
british-upskirts.com,13,14,1.0769230769230769
bia2e2.com,14,15,1.0714285714285714
bleyer.eu,12,13,1.0833333333333333
128du.com,12,12,1.0
chroch.com,13,12,0.9230769230769231
bnmw.de,12,13,1.0833333333333333
bgskv.de,13,14,1.0769230769230769
allisontheeamazing.com,21,25,1.1904761904761905
carjunction.com,24,26,1.0833333333333333
cfc--usa.com,15,17,1.1333333333333333
carnavaldeloja.com,21,20,0.9523809523809523
accesorii.com,12,13,1.0833333333333333
bfndevelopment.com,11,10,0.9090909090909091
abora.org,14,15,1.0714285714285714
celebratefamilies.com,15,16,1.0666666666666667
bengera.com,15,16,1.0666666666666667
90720.com,11,10,0.9090909090909091
chipland.org,15,16,1.0666666666666667
business-management-solution.com,23,24,1.0434782608695652
78981.com,13,12,0.9230769230769231
508cq.com,13,12,0.9230769230769231
ampl.eu,14,15,1.0714285714285714
alumnisma6.com,12,13,1.0833333333333333
annullieren.com,12,13,1.0833333333333333
anibal.com,14,13,0.9285714285714286
cogneto.com,25,24,0.96
buttoncollecting.com,20,21,1.05
careermastery.com,11,10,0.9090909090909091
300slr.com,12,13,1.0833333333333333
citylifemag.com,14,14,1.0
booksales.de,12,13,1.0833333333333333
arbenemlak.com,16,15,0.9375
closures.net,12,13,1.0833333333333333
backlinks4u.com,25,29,1.16
buytelescopes.org,20,21,1.05
ciiflooring.com,15,19,1.2666666666666666
blsbrs.com,13,12,0.9230769230769231
buckscountyobgyn.com,19,18,0.9473684210526315
btkmotorsports.com,12,13,1.0833333333333333
coarty.com,21,26,1.2380952380952381
autolubeoflakenorman.com,13,12,0.9230769230769231
1tl.de,14,13,0.9285714285714286
buticketyl.com,27,26,0.9629629629629629
bloomers.de,14,13,0.9285714285714286
1gramgoldbar.com,14,15,1.0714285714285714
burgamy.com,13,14,1.0769230769230769
barcelonadailyphoto.com,21,20,0.9523809523809523
aodgo.com,10,9,0.9
brentwoodplastics.com,27,29,1.0740740740740742
b1865.cn,5,4,0.8
bagshiart.com,12,13,1.0833333333333333
backpagemobile.com,14,15,1.0714285714285714
bigbangvipzone.com,13,14,1.0769230769230769
chiptuner.com,12,13,1.0833333333333333
airbaseone.net,13,12,0.9230769230769231
carabineros.com,14,13,0.9285714285714286
biggirlsdontcry.com,16,17,1.0625
cd-wj.com,13,12,0.9230769230769231
blnqb.com,5,4,0.8
clickbooking.com,15,18,1.2
1sttanning.com,13,12,0.9230769230769231
5675678.com,11,10,0.9090909090909091
airship.cn,12,13,1.0833333333333333
3gkee.com,13,12,0.9230769230769231
chaithanyaji.org,17,18,1.0588235294117647
adobeflex.com,12,13,1.0833333333333333
7dreams.com,15,14,0.9333333333333333
abundant1up.com,12,13,1.0833333333333333
coffeecheese.com,23,24,1.0434782608695652
4dresultmalaysia.com,13,12,0.9230769230769231
6d1k.com,13,12,0.9230769230769231
al-qeblah.net,12,11,0.9166666666666666
aamissiondepot.com,21,20,0.9523809523809523
aquality24.com,15,16,1.0666666666666667
brfwitness.com,17,16,0.9411764705882353
apei.org,12,13,1.0833333333333333
brownorange.com,12,13,1.0833333333333333
bw-law.com,14,13,0.9285714285714286
besttruckaccessories.net,11,10,0.9090909090909091
cajaextremadura.com,13,14,1.0769230769230769
canthohomestay.com,13,14,1.0769230769230769
bestandriodapps.com,17,16,0.9411764705882353
al7sni.com,13,14,1.0769230769230769
c1842.cn,5,4,0.8
99247.com,13,12,0.9230769230769231
carolsdaughter.com,47,55,1.1702127659574468
bakedbread.net,17,16,0.9411764705882353
astudio.eu,10,9,0.9
cleopatrasboudoir.com,14,13,0.9285714285714286
billyjean.de,19,18,0.9473684210526315
artworks4kids.org,17,16,0.9411764705882353
begas.com,15,16,1.0666666666666667
aktiehandel.info,20,21,1.05
bet24.org,12,13,1.0833333333333333
adverse.org,10,9,0.9
bigbigjobs.com,15,14,0.9333333333333333
cams-und-chats.de,14,15,1.0714285714285714
94157.de,12,13,1.0833333333333333
ciltra.com,12,13,1.0833333333333333
act1jobs.com,24,30,1.25
ahostweb.com,24,26,1.0833333333333333
clpbus.com,18,21,1.1666666666666667
176.at,18,19,1.0555555555555556
artshowgallery.com,22,25,1.1363636363636365
cannonball.fr,12,13,1.0833333333333333
bertsmithbmw.net,13,12,0.9230769230769231
calfeutrage.com,12,13,1.0833333333333333
abneyatlaw.com,22,22,1.0
aljawla.net,12,13,1.0833333333333333
carrigaline.org,12,13,1.0833333333333333
42231.com,5,5,1.0
b1396.cn,5,4,0.8
1800notarealnumber.com,15,16,1.0666666666666667
chevaliers.com,15,16,1.0666666666666667
cacahuete.com,13,14,1.0769230769230769
boxcracker.to,26,31,1.1923076923076923
b-i-g.at,13,14,1.0769230769230769
blueanchor.com,13,14,1.0769230769230769
brutus.de,29,38,1.3103448275862069
4dvp.com,16,17,1.0625
chanchan.ca,26,30,1.1538461538461537
cergro.com,11,10,0.9090909090909091
aquareg.com,17,16,0.9411764705882353
autumn01.com,48,50,1.0416666666666667
bamunet.com,16,15,0.9375
25898.net,3,2,0.6666666666666666
butterfields.eu,10,9,0.9
autocorect.com,22,21,0.9545454545454546
5162.de,13,14,1.0769230769230769
albertbrady.com,16,18,1.125
99percentdeclaration.org,12,13,1.0833333333333333
alphapennystock.com,15,16,1.0666666666666667
bioregulator.com,15,16,1.0666666666666667
9e9.com,12,13,1.0833333333333333
2paclyrics.com,18,17,0.9444444444444444
cmorton.com,34,35,1.0294117647058822
boyshockey.net,14,15,1.0714285714285714
angeloscar.com,13,14,1.0769230769230769
action-tibet.net,13,14,1.0769230769230769
aprireunbedandbreakfast.com,13,12,0.9230769230769231
atmif.org,15,16,1.0666666666666667
beoda.com,14,13,0.9285714285714286
cdnhost.cn,26,33,1.2692307692307692
br-sl.com,12,11,0.9166666666666666
b9827.cn,5,4,0.8
20questionswiththelime.com,15,16,1.0666666666666667
amusements-shop.com,16,15,0.9375
astirhotel.com,14,15,1.0714285714285714
ahast.net,10,9,0.9
aladdincomeniusteam.com,20,21,1.05
5rep.com,15,14,0.9333333333333333
2wayresearch.com,13,12,0.9230769230769231
altin.de,12,13,1.0833333333333333
chiemgauluftfee.de,12,13,1.0833333333333333
2-bodybuilding.com,16,18,1.125
calypso-girls.ch,18,17,0.9444444444444444
1990.org,15,16,1.0666666666666667
ciaep.org,12,13,1.0833333333333333
budibiofuels.com,15,16,1.0666666666666667
cfrar.com,15,16,1.0666666666666667
askthetechgirl.com,11,10,0.9090909090909091
alljermainejackson.com,13,12,0.9230769230769231
ahemedabad.com,12,11,0.9166666666666666
bju2.com,13,14,1.0769230769230769
2m9h.net,5,4,0.8
approvedincome.com,15,16,1.0666666666666667
aisuu.com,14,15,1.0714285714285714
94413.com,14,13,0.9285714285714286
atxfl.com,13,12,0.9230769230769231
c8o8.com,14,13,0.9285714285714286
blogtho.com,18,20,1.1111111111111112
asasd.com,13,12,0.9230769230769231
catchan.com,13,14,1.0769230769230769
51aidou.com,15,16,1.0666666666666667
5zla.com,11,11,1.0
ardmt.com,15,16,1.0666666666666667
autoliste.de,14,15,1.0714285714285714
11juli.com,12,13,1.0833333333333333
bloggaul.com,15,14,0.9333333333333333
b8x.org,13,14,1.0769230769230769
blacksungfx.com,15,16,1.0666666666666667
alesf.com,17,18,1.0588235294117647
buggiesgonewild.com,15,18,1.2
artandbuddhism.org,16,15,0.9375
chico.ca,13,14,1.0769230769230769
audiokabel.at,12,13,1.0833333333333333
7kn.com,12,13,1.0833333333333333
binbirmagaza.com,19,20,1.0526315789473684
catteryclub.com,17,16,0.9411764705882353
cassiterite.net,14,14,1.0
achohol.com,16,17,1.0625
anglofilm.com,15,15,1.0
bruntal.cz,21,23,1.0952380952380953
allvm.com,15,16,1.0666666666666667
ag-11.com,13,12,0.9230769230769231
beethinking.com,36,40,1.1111111111111112
classiccarvideos.org,12,13,1.0833333333333333
antike-sessel.de,13,15,1.1538461538461537
1fq.com,13,14,1.0769230769230769
cbitalia.org,14,14,1.0
bellesdantan.com,19,20,1.0526315789473684
1on1-computers.net,12,11,0.9166666666666666
artfest.org,12,13,1.0833333333333333
4015.com,12,13,1.0833333333333333
99ra.com,13,12,0.9230769230769231
benewerk.com,22,21,0.9545454545454546
b3442.cn,5,4,0.8
20917.com,15,14,0.9333333333333333
chippingnorton.net,17,19,1.1176470588235294
agrotoys.de,16,15,0.9375
bumpii.com,17,18,1.0588235294117647
amutation.com,13,14,1.0769230769230769
818pw.com,5,4,0.8
bizuterie.eu,13,14,1.0769230769230769
bassamarea.com,13,14,1.0769230769230769
cheapcarinsurance2011.com,13,14,1.0769230769230769
cinaralti.org,24,24,1.0
522z.com,13,12,0.9230769230769231
catns.com,20,24,1.2
56qu.com,15,16,1.0666666666666667
briefcasediva.com,17,16,0.9411764705882353
boah.com,13,14,1.0769230769230769
accettare.com,12,13,1.0833333333333333
2012cd.net,11,10,0.9090909090909091
bankingonline101.com,47,56,1.1914893617021276
biomimix.net,16,15,0.9375
bat-com8000v.jp,17,16,0.9411764705882353
arestrata.com,18,18,1.0
climatecleanup.com,18,17,0.9444444444444444
9394so.com,13,12,0.9230769230769231
cmlt.tv,17,19,1.1176470588235294
clickaholic.com,12,13,1.0833333333333333
buyknives.info,18,17,0.9444444444444444
33467.com,19,18,0.9473684210526315
betschautomobile.de,17,17,1.0
b1978.cn,5,4,0.8
aamg.eu,12,13,1.0833333333333333
1bmx.com,12,13,1.0833333333333333
child-growth-charts.com,5,4,0.8
cherrynut.com,15,17,1.1333333333333333
blips.net,15,17,1.1333333333333333
adstipid.com,12,13,1.0833333333333333
aktienpaket.com,12,11,0.9166666666666666
addurl4u.com,17,16,0.9411764705882353
4911.com,13,14,1.0769230769230769
annababa.com,17,16,0.9411764705882353
besthotelres.com,13,12,0.9230769230769231
baltimoretickets.net,19,18,0.9473684210526315
chetna.eu,12,13,1.0833333333333333
agence-france-degand.com,15,16,1.0666666666666667
blackett.de,15,14,0.9333333333333333
1stworldcup2010southafrica.com,13,14,1.0769230769230769
blancheur.com,13,14,1.0769230769230769
abendlied.com,17,16,0.9411764705882353
auctorial.com,12,13,1.0833333333333333
bauseite.de,20,21,1.05
acaihealthtest.com,15,16,1.0666666666666667
c249.cn,5,4,0.8
16t.net,13,14,1.0769230769230769
1112b.com,12,11,0.9166666666666666
2row.com,16,15,0.9375
b2bj.net,13,13,1.0
ancertry.ca,13,14,1.0769230769230769
bota.org,12,11,0.9166666666666666
catillnesses.org,13,12,0.9230769230769231
cadist.com,11,10,0.9090909090909091
candctires.com,16,15,0.9375
6083.de,13,14,1.0769230769230769
b4dns.com,26,30,1.1538461538461537
capework.com,15,16,1.0666666666666667
arzano.net,12,13,1.0833333333333333
beyourownaffiliate.com,21,26,1.2380952380952381
changto.com,14,13,0.9285714285714286
asiaincome.com,19,20,1.0526315789473684
celibate.eu,12,13,1.0833333333333333
bibiafrica.de,12,13,1.0833333333333333
22914.com,13,12,0.9230769230769231
bemuspt.com,16,17,1.0625
1237.de,12,13,1.0833333333333333
3mustaphas3.com,18,17,0.9444444444444444
aobk.com,12,13,1.0833333333333333
cappq.com,14,14,1.0
akuei.com,18,17,0.9444444444444444
blxbid.com,15,14,0.9333333333333333
adv.br,21054,27759,1.3184667996580222
afersia.de,15,14,0.9333333333333333
bulancakrehber.com,15,16,1.0666666666666667
basementremodelingomaha.com,18,18,1.0
cccams.de,15,14,0.9333333333333333
aykt.net,21,26,1.2380952380952381
5280mystic.com,11,10,0.9090909090909091
bernd-beck.de,16,17,1.0625
actual-hosting.com,23,27,1.173913043478261
ckdnavigator.com,9,8,0.8888888888888888
bbh-design.net,19,21,1.105263157894737
4platanos.com,13,12,0.9230769230769231
121pcs.com,22,25,1.1363636363636365
brainbaby.com,13,14,1.0769230769230769
125ad.com,14,15,1.0714285714285714
baile.net,14,13,0.9285714285714286
3l-net.com,13,14,1.0769230769230769
btconline.org,14,14,1.0
ayufreak.com,20,19,0.95
alas.de,12,13,1.0833333333333333
a31.com,8,7,0.875
acuicolamarina.com,16,15,0.9375
abovenet.de,19,18,0.9473684210526315
cevox.com,16,16,1.0
bjelila.com,19,18,0.9473684210526315
29187.com,18,21,1.1666666666666667
bagdady.com,29,38,1.3103448275862069
baranov.org,13,14,1.0769230769230769
altlastensanierung.de,15,14,0.9333333333333333
aopmcindia.com,17,16,0.9411764705882353
10moriv.info,14,15,1.0714285714285714
bravatv.com,13,14,1.0769230769230769
arscafe.com,10,9,0.9
alcatel.com,171,210,1.2280701754385965
6y6z.com,13,12,0.9230769230769231
cherrybee.com,20,19,0.95
acruz.com,20,21,1.05
biblicalthought.com,13,12,0.9230769230769231
car-e.com,18,19,1.0555555555555556
agseinc.com,12,11,0.9166666666666666
315hyw.com,5,4,0.8
2263.de,12,13,1.0833333333333333
05861.de,12,13,1.0833333333333333
chistes-videosfreaks.com,16,15,0.9375
ckontakt.de,12,13,1.0833333333333333
c1395.cn,5,4,0.8
belluno.org,12,13,1.0833333333333333
coloradoalpacas.com,15,16,1.0666666666666667
battelli.com,14,15,1.0714285714285714
bigyummy.com,15,16,1.0666666666666667
bhstring.com,11,10,0.9090909090909091
atletism.com,12,13,1.0833333333333333
959c.com,15,14,0.9333333333333333
citycompany.de,17,17,1.0
avaloncollege.org,12,13,1.0833333333333333
chuckaspaz.info,13,12,0.9230769230769231
b7737.cn,5,4,0.8
akja.com,12,13,1.0833333333333333
casalet.de,16,15,0.9375
cartoon-episodes.com,21,20,0.9523809523809523
coldplaying.com,23,30,1.3043478260869565
bbstees.com,15,16,1.0666666666666667
alfredopapa.com,10,9,0.9
buy-baseball-bats-online.com,12,11,0.9166666666666666
chinetsu.com,15,16,1.0666666666666667
antiquitaeten-ammon.de,20,23,1.15
billyhughes.com,20,21,1.05
47iii.net,10,9,0.9
3ken.net,12,13,1.0833333333333333
adcomp.eu,12,13,1.0833333333333333
9960.de,12,13,1.0833333333333333
aamva.com,19,20,1.0526315789473684
bookmyroomz.com,15,16,1.0666666666666667
caabc.com,12,13,1.0833333333333333
07om.org,14,15,1.0714285714285714
benaraby.com,7,6,0.8571428571428571
a234.cn,5,4,0.8
67725.de,12,13,1.0833333333333333
bedtimetreasures.com,15,16,1.0666666666666667
cercledesamazones.com,16,15,0.9375
4office.net,20,21,1.05
a-vsp.com,21,27,1.2857142857142858
aryateams.com,13,14,1.0769230769230769
4853.de,16,15,0.9375
am-tech-archive.org,15,14,0.9333333333333333
brightservices.com,13,14,1.0769230769230769
businessmum.com,15,16,1.0666666666666667
bdd-project.com,17,16,0.9411764705882353
52p9.com,20,21,1.05
avancini.com,13,14,1.0769230769230769
beyonderrecords.com,17,16,0.9411764705882353
beautifulday.eu,12,13,1.0833333333333333
amphoebandung.com,17,16,0.9411764705882353
baixarcdmp3gratis.net,20,19,0.95
beachgruppe-kunrau.de,17,16,0.9411764705882353
buspit.net,14,15,1.0714285714285714
bristolhousepress.com,21,20,0.9523809523809523
americaneyesmusic.com,16,15,0.9375
clayhatchee.com,20,21,1.05
baonao.com,12,13,1.0833333333333333
ceze.com,13,13,1.0
chicagotitleloans.net,11,10,0.9090909090909091
azmd.com,11,10,0.9090909090909091
braincapacity.com,12,13,1.0833333333333333
bundesrepublikdeutschland.us,10,9,0.9
aridly.com,12,13,1.0833333333333333
brattpack.com,12,13,1.0833333333333333
azwar.com,12,13,1.0833333333333333
bambuss.com,18,17,0.9444444444444444
bypasshelp.info,16,15,0.9375
800azusa2gou.com,18,18,1.0
articlepub.com,32,36,1.125
56b.de,15,16,1.0666666666666667
bissellvacuumcleanerparts.com,15,15,1.0
advance2.com,12,13,1.0833333333333333
atwaretech.com,22,28,1.2727272727272727
campusesther.org,5,4,0.8
baselondon.eu,12,13,1.0833333333333333
bolzano-e-dintorni.com,12,12,1.0
bighoney.com,10,9,0.9
badewannensanierungen.ch,18,17,0.9444444444444444
aniasolo.com,18,17,0.9444444444444444
a-proxy.tk,14,15,1.0714285714285714
bestneoml.info,12,11,0.9166666666666666
appraiserlawblog.com,21,20,0.9523809523809523
8-du.net,23,24,1.0434782608695652
butterfeild.com,10,9,0.9
06387.de,12,13,1.0833333333333333
builderexchange.com,18,17,0.9444444444444444
amte1.com,8,7,0.875
cbldf.com,17,16,0.9411764705882353
alkani.com,13,14,1.0769230769230769
58game.com,14,13,0.9285714285714286
aktiekurser.org,10,9,0.9
aovn.info,11,10,0.9090909090909091
books4yourkids.com,21,20,0.9523809523809523
auftrag.net,12,13,1.0833333333333333
bankgold.com,16,15,0.9375
c2957.cn,5,4,0.8
abulil.com,12,11,0.9166666666666666
beecome.com,14,15,1.0714285714285714
60pf.com,14,13,0.9285714285714286
berrimanproperties.com,22,21,0.9545454545454546
akashtheband.com,16,15,0.9375
0668ly.net,3,2,0.6666666666666666
1stuk.com,14,13,0.9285714285714286
achintyagupta.com,21,20,0.9523809523809523
87sf.net,15,14,0.9333333333333333
albertarandonneurs.ca,13,14,1.0769230769230769
collegefundingadvisors.com,20,22,1.1
adhet.net,14,16,1.1428571428571428
bilgisayarkulturu.net,19,18,0.9473684210526315
capitation.net,12,13,1.0833333333333333
affpc.com,21,26,1.2380952380952381
cnideiquitos.com,15,16,1.0666666666666667
christmasmusic.com,18,20,1.1111111111111112
5d56.com,12,11,0.9166666666666666
cantamo.com,17,16,0.9411764705882353
blogkalem.com,14,15,1.0714285714285714
all4yoo.com,15,16,1.0666666666666667
bet47.com,21,22,1.0476190476190477
athenstoatlantis.com,21,27,1.2857142857142858
228idc.com,13,12,0.9230769230769231
carstensmegapage.de,12,13,1.0833333333333333
bronzing.ca,12,13,1.0833333333333333
brazilianjiujitsuspot.com,15,16,1.0666666666666667
bocademivida.com,21,20,0.9523809523809523
chubi.org,15,16,1.0666666666666667
amargem.org,13,12,0.9230769230769231
blacktitshd.com,13,14,1.0769230769230769
2854.de,12,13,1.0833333333333333
behbahshouse.com,13,14,1.0769230769230769
96cp.com,10,9,0.9
27462.com,12,11,0.9166666666666666
arkfly.com,19,20,1.0526315789473684
careerjunction.eu,12,13,1.0833333333333333
airforcemails.com,15,16,1.0666666666666667
ciptis.com,12,13,1.0833333333333333
asemm.com,17,16,0.9411764705882353
asia-dns.net,16,18,1.125
ciopeer2peer.com,15,14,0.9333333333333333
big-pjotter.info,14,14,1.0
a227.com,13,13,1.0
b4687.cn,5,4,0.8
censorshipblows.com,14,15,1.0714285714285714
atpub.org,15,16,1.0666666666666667
centutylink.net,10,9,0.9
carolynsbeadaddiction.com,18,17,0.9444444444444444
absolutegoo2.com,15,16,1.0666666666666667
camping-geschichte.de,13,14,1.0769230769230769
arctic-dominick.com,18,17,0.9444444444444444
colportage.com,14,15,1.0714285714285714
civilrightslawyer.info,15,14,0.9333333333333333
canailles-a-roulettes.com,13,12,0.9230769230769231
avantgardiste.org,20,24,1.2
awzi.com,32,41,1.28125
bethbush.com,20,21,1.05
alejandroalcondez.com,14,13,0.9285714285714286
43deals.com,18,17,0.9444444444444444
chriskennedy.net,18,20,1.1111111111111112
cartcenter.de,12,13,1.0833333333333333
businesssoftware.eu,12,13,1.0833333333333333
acaiberriesdiet.net,11,10,0.9090909090909091
bloguers.com,12,13,1.0833333333333333
b7rnjom.com,14,15,1.0714285714285714
cerveza.org,12,13,1.0833333333333333
bobaiyou.org,12,13,1.0833333333333333
ckln.com,16,15,0.9375
aexact.com,15,14,0.9333333333333333
breakfronts.com,15,16,1.0666666666666667
ad4all.eu,12,13,1.0833333333333333
bargainboxjamaica.com,15,16,1.0666666666666667
adultresortsinmexico.com,16,15,0.9375
atlasacon.com,18,17,0.9444444444444444
ambubags.com,14,15,1.0714285714285714
automotivee.com,20,19,0.95
asgatas.com,17,16,0.9411764705882353
172m.com,15,14,0.9333333333333333
boslerhs.org,12,11,0.9166666666666666
circular-ecotechnology.com,17,16,0.9411764705882353
bjacxt.com,16,17,1.0625
changelondon.com,17,16,0.9411764705882353
chefsdiet.com,13,12,0.9230769230769231
aparecio.com,13,14,1.0769230769230769
50168.com,17,16,0.9411764705882353
co00.com,12,13,1.0833333333333333
animefanfiction.net,21,22,1.0476190476190477
breadslicers.com,12,13,1.0833333333333333
cedrickhardman.com,17,16,0.9411764705882353
975.net,15,16,1.0666666666666667
branchweaver.com,28,33,1.1785714285714286
004la.com,12,12,1.0
boksit.net,13,14,1.0769230769230769
brim-project.org,15,16,1.0666666666666667
biesheuvel.eu,12,13,1.0833333333333333
bankrun2010.com,10,11,1.1
63756.com,11,10,0.9090909090909091
cacell.org,13,12,0.9230769230769231
brownknows.eu,12,13,1.0833333333333333
43i.org,13,15,1.1538461538461537
buztube.com,16,17,1.0625
8thandi.com,24,29,1.2083333333333333
checkwise.net,19,18,0.9473684210526315
ayqiz.com,3,2,0.6666666666666666
brasopolis.com,11,10,0.9090909090909091
babypoppen.com,12,13,1.0833333333333333
cinemaevideocuiaba.org,12,13,1.0833333333333333
bluepantsracing.com,14,15,1.0714285714285714
ausleihdienst.de,12,13,1.0833333333333333
blountcurrywest.com,11,10,0.9090909090909091
aufdersuche-musical.de,15,14,0.9333333333333333
acardiac.com,12,13,1.0833333333333333
click2ediscovery.com,13,14,1.0769230769230769
cf889.com,13,12,0.9230769230769231
arthemegalerie.com,18,17,0.9444444444444444
boldmods.com,11,10,0.9090909090909091
altenpfleger.net,14,13,0.9285714285714286
coldrevenge.com,12,13,1.0833333333333333
cheapsheds.org,18,17,0.9444444444444444
cemalsureya.org,19,18,0.9473684210526315
123flowers.de,12,13,1.0833333333333333
1a8.com,20,21,1.05
adobeshoppingmall.com,15,16,1.0666666666666667
biasorao.com,17,16,0.9411764705882353
charbrew.com,16,17,1.0625
clayaikencdparties.com,12,13,1.0833333333333333
augusa.com,14,15,1.0714285714285714
buditeli.net,15,16,1.0666666666666667
angeljavier.com,20,24,1.2
accesshop.de,18,22,1.2222222222222223
6-einwahl.de,36,41,1.1388888888888888
cantallops.com,12,13,1.0833333333333333
aikenteaparty.com,13,12,0.9230769230769231
cameltoerater.com,13,14,1.0769230769230769
bbwlesbiansex.com,19,18,0.9473684210526315
123dj.com,14,13,0.9285714285714286
amesburyschutt.com,16,18,1.125
24-p.de,12,13,1.0833333333333333
asalet.com,13,14,1.0769230769230769
bestday.ca,15,16,1.0666666666666667
1706.com,12,13,1.0833333333333333
antimitotic.com,17,16,0.9411764705882353
alemania-turismo.com,32,32,1.0
batteryhousebnb.com,13,14,1.0769230769230769
acaienergy.info,5,4,0.8
claies.com,19,20,1.0526315789473684
apresentadora.com,14,15,1.0714285714285714
brokert.com,12,13,1.0833333333333333
amebapico.net,13,14,1.0769230769230769
4gph.com,12,13,1.0833333333333333
bostoncuir.org,13,14,1.0769230769230769
aalkalbani.com,12,13,1.0833333333333333
95ccc.com,15,14,0.9333333333333333
18sexmovies.com,37,41,1.1081081081081081
bino98.com,14,13,0.9285714285714286
barometer.net,12,13,1.0833333333333333
autodily.eu,13,14,1.0769230769230769
amble.eu,10,9,0.9
1435.de,12,13,1.0833333333333333
bobcats97.com,15,15,1.0
b1256.cn,5,4,0.8
0-ro.net,12,13,1.0833333333333333
carolinadiner.net,18,17,0.9444444444444444
candleberryministries.com,15,16,1.0666666666666667
299wd.com,13,12,0.9230769230769231
c5860.cn,5,4,0.8
alttag.com,17,16,0.9411764705882353
adictinggames.com,12,13,1.0833333333333333
chl56.com,13,12,0.9230769230769231
aharnthai.com,12,11,0.9166666666666666
beltwaybandits.org,14,13,0.9285714285714286
cc-brouvelieures.com,18,17,0.9444444444444444
adhocmobile.com,21,21,1.0
canadarxgeneric.com,10,9,0.9
b317.cn,5,4,0.8
carlosmedina.in,14,13,0.9285714285714286
bkps.net,12,13,1.0833333333333333
angujaivirtual.com,13,14,1.0769230769230769
billig-news.de,15,14,0.9333333333333333
brianadams.com,12,13,1.0833333333333333
17cut.com,10,9,0.9
amorelimoservice.com,19,18,0.9473684210526315
cazamaza.com,12,13,1.0833333333333333
bysan.com,14,13,0.9285714285714286
armaanverma.com,13,14,1.0769230769230769
asamoah.com,14,15,1.0714285714285714
appliancesstainlesssteel.com,12,13,1.0833333333333333
allebrand.com,16,15,0.9375
99geigerroad.com,16,16,1.0
californialeague.com,18,17,0.9444444444444444
anorei.org,12,11,0.9166666666666666
chaussureinfr.com,15,16,1.0666666666666667
bitirimoyun.com,15,16,1.0666666666666667
biogeografia.com,12,13,1.0833333333333333
buzzll.com,14,13,0.9285714285714286
a-perfecttouch.com,15,15,1.0
ardival.com,12,11,0.9166666666666666
batteryserver.net,24,30,1.25
auggi.com,15,15,1.0
a7zeb.com,15,14,0.9333333333333333
carrieanncondophotography.com,15,16,1.0666666666666667
acacia-consulting.com,18,17,0.9444444444444444
astroforum.net,15,16,1.0666666666666667
822n.com,13,12,0.9230769230769231
choze.com,17,16,0.9411764705882353
censurer.com,12,13,1.0833333333333333
babies247.com,13,12,0.9230769230769231
88kk8.com,10,10,1.0
clanehayward.com,10,9,0.9
clubmtb.org,13,12,0.9230769230769231
banat4x.com,25,28,1.12
actieplatformpalestina.be,16,15,0.9375
avjin.com,14,15,1.0714285714285714
88go8.com,13,12,0.9230769230769231
chrisrowthorn.com,17,16,0.9411764705882353
businesspartner.ca,17,17,1.0
cloudydayscrew.com,17,16,0.9411764705882353
businessenglish.ca,13,14,1.0769230769230769
alexandraspeedway.com,14,13,0.9285714285714286
citywidefundinginc.com,28,28,1.0
a-s-s.com,12,13,1.0833333333333333
bloglizvicious.com,12,13,1.0833333333333333
area-s.net,14,15,1.0714285714285714
allsur.com,13,14,1.0769230769230769
awaria.com,13,14,1.0769230769230769
co-partner.com,13,12,0.9230769230769231
alimentaires.com,13,14,1.0769230769230769
alyssachia.info,12,13,1.0833333333333333
blendederas.com,13,12,0.9230769230769231
clanugu.com,12,13,1.0833333333333333
aupair-agentur-berlin.de,17,19,1.1176470588235294
businessworkforce.com,12,11,0.9166666666666666
cauterizes.com,20,21,1.05
babychair.org,14,13,0.9285714285714286
chiron.org,18,21,1.1666666666666667
cao22.com,15,16,1.0666666666666667
bukkakefantasy.com,13,12,0.9230769230769231
apfi-pppsi.com,29,32,1.103448275862069
attackonpearlharbor.com,12,13,1.0833333333333333
borrachas.com,11,10,0.9090909090909091
abo2r.com,15,14,0.9333333333333333
ceprya.com,46,58,1.2608695652173914
blackcoffee.us,12,13,1.0833333333333333
c9510.cn,5,4,0.8
315bu.com,3,2,0.6666666666666666
armpit.ca,14,13,0.9285714285714286
blognetnews.com,13,14,1.0769230769230769
adg7.com,25,31,1.24
camgirls.eu,12,13,1.0833333333333333
borealisdesign.com,21,20,0.9523809523809523
60jahre-svp.org,13,12,0.9230769230769231
arhiforum.com,12,11,0.9166666666666666
colonia-en-palma.de,13,14,1.0769230769230769
bcbsaz.com,46,53,1.1521739130434783
buyandroidtablet.info,12,13,1.0833333333333333
alexbell.com,14,15,1.0714285714285714
carsonkievman.com,17,16,0.9411764705882353
by.org,12,13,1.0833333333333333
afrodyzjaki.com,18,17,0.9444444444444444
carrena.de,12,13,1.0833333333333333
b706.cn,5,4,0.8
chi-huahua.com,14,14,1.0
clairvoyance.com,13,14,1.0769230769230769
be25.com,17,16,0.9411764705882353
be-local.com,12,11,0.9166666666666666
1450theticket.com,11,10,0.9090909090909091
chwr.net,12,11,0.9166666666666666
ccgu.de,14,15,1.0714285714285714
aptitude.org,12,13,1.0833333333333333
choot.net,8,7,0.875
1-v.com,12,13,1.0833333333333333
av-hd.com,14,13,0.9285714285714286
25h0urs.com,12,13,1.0833333333333333
axog.com,12,13,1.0833333333333333
bodyshop.cc,15,14,0.9333333333333333
adsenseunion.com,15,16,1.0666666666666667
2scarygame.com,15,14,0.9333333333333333
apps-bg.com,20,21,1.05
biotechhealth.com,20,21,1.05
agroecotur.org,12,11,0.9166666666666666
bsjc.com,14,15,1.0714285714285714
63310.com,13,12,0.9230769230769231
b6557.cn,5,4,0.8
alta-vista.de,13,14,1.0769230769230769
articlealcove.com,16,15,0.9375
0797rcw.com,8,7,0.875
ballpointpen.ca,12,13,1.0833333333333333
5ln.net,12,13,1.0833333333333333
5noa.com,12,11,0.9166666666666666
360tua.com,13,14,1.0769230769230769
bridalfallswaterpark.com,19,18,0.9473684210526315
balancedforce.com,12,13,1.0833333333333333
akikuroda.com,13,14,1.0769230769230769
akinoir.net,16,16,1.0
clubworldbeat.com,8,7,0.875
bestup.com,12,13,1.0833333333333333
bobwoolmer.com,15,16,1.0666666666666667
c8376.cn,5,4,0.8
528wx.cn,6,5,0.8333333333333334
17x22.com,13,12,0.9230769230769231
batmi.com,13,14,1.0769230769230769
bestnote.com,15,16,1.0666666666666667
babyallergie.nl,20,19,0.95
670am.com,12,13,1.0833333333333333
articleglint.com,15,16,1.0666666666666667
boombap.de,13,14,1.0769230769230769
antikos.com,12,13,1.0833333333333333
apakossa.org,27,26,0.9629629629629629
bodyglove.de,13,14,1.0769230769230769
bycmc.org,12,13,1.0833333333333333
bamboosurfboardshawaii.com,28,30,1.0714285714285714
cnaoe.ca,15,16,1.0666666666666667
circuitfree.com,14,15,1.0714285714285714
aevon.com,13,14,1.0769230769230769
clarkgoble.com,11,10,0.9090909090909091
antkom.com,15,14,0.9333333333333333
aladino.net,12,13,1.0833333333333333
codefidelity.net,21,26,1.2380952380952381
autos-hybrides.com,13,14,1.0769230769230769
belliweb.com,19,20,1.0526315789473684
augenlasern-stuttgart.de,15,16,1.0666666666666667
codingsubscriptionpackages.com,13,12,0.9230769230769231
aahanet.com,11,10,0.9090909090909091
02606.de,12,13,1.0833333333333333
biennale.eu,14,15,1.0714285714285714
centerfolds.ca,16,15,0.9375
9iyyzm.com,24,23,0.9583333333333334
anime-pw.com,18,20,1.1111111111111112
allwheelphotos.com,15,16,1.0666666666666667
1a-gesundheitsvorsorge.de,18,17,0.9444444444444444
artsound.eu,12,13,1.0833333333333333
centrocomercial.pt,16,18,1.125
brnn.com,13,14,1.0769230769230769
ac109.net,17,17,1.0
4anu.com,18,20,1.1111111111111112
borntolead.ca,9,8,0.8888888888888888
babol.org,17,16,0.9411764705882353
clip-tube.com,15,16,1.0666666666666667
bglinc.com,15,14,0.9333333333333333
attosecond.org,13,14,1.0769230769230769
animecrisis.com,17,16,0.9411764705882353
alcsa.com,10,9,0.9
007maduras.com,13,14,1.0769230769230769
assessconf.org,13,12,0.9230769230769231
a2280.cn,5,4,0.8
akseal.org,3,2,0.6666666666666666
atgm.org,12,13,1.0833333333333333
alexa-it.com,18,19,1.0555555555555556
ashleytisdail.com,17,16,0.9411764705882353
1000fabulousknithats.com,12,13,1.0833333333333333
carmelitos.com,14,13,0.9285714285714286
apriliashiver.com,13,14,1.0769230769230769
ahima.com,12,13,1.0833333333333333
asetechnology.biz,12,13,1.0833333333333333
bkpthird.net,16,15,0.9375
5z0.net,17,18,1.0588235294117647
alibibi.info,16,17,1.0625
citizenstain.com,21,20,0.9523809523809523
adioo.com,10,9,0.9
astew.com,12,13,1.0833333333333333
blueberrybeads.com,14,15,1.0714285714285714
bwell.org,12,13,1.0833333333333333
bwsalaw.com,16,17,1.0625
baema.de,35,44,1.2571428571428571
atoqa.com,16,17,1.0625
bloodblood.com,15,16,1.0666666666666667
57786.com,13,12,0.9230769230769231
4ocreo.com,11,10,0.9090909090909091
ambush.ch,12,13,1.0833333333333333
bucht.org,12,13,1.0833333333333333
australiansoldiers.com,8,7,0.875
butcha.com,15,16,1.0666666666666667
atthemall.com,14,13,0.9285714285714286
clickjeux.com,15,14,0.9333333333333333
cantsleep.com,17,16,0.9411764705882353
aiwp.com,15,16,1.0666666666666667
bergsten.net,23,30,1.3043478260869565
asweetie.com,14,14,1.0
3kpr.com,14,13,0.9285714285714286
cincymusic.org,13,14,1.0769230769230769
607.be,12,13,1.0833333333333333
chronotrack.org,16,15,0.9375
7ag.net,12,13,1.0833333333333333
alcidelic.com,17,18,1.0588235294117647
chinese21.com,13,12,0.9230769230769231
4ajobs.com,12,13,1.0833333333333333
bbmgroups.com,14,14,1.0
bubtv.com,18,17,0.9444444444444444
chiros.org,13,12,0.9230769230769231
clowntail.com,12,13,1.0833333333333333
chinafemales.info,17,16,0.9411764705882353
as4.org,14,13,0.9285714285714286
atm8y.com,19,19,1.0
chemu.net,14,13,0.9285714285714286
catfoods.net,13,14,1.0769230769230769
alfamedia.eu,12,13,1.0833333333333333
alal.org,12,13,1.0833333333333333
butcherband.com,22,21,0.9545454545454546
april26th.com,17,16,0.9411764705882353
9qu8.com,10,9,0.9
albumy.org,13,14,1.0769230769230769
123host.gr,22,27,1.2272727272727273
chuanchyn.com,13,14,1.0769230769230769
barisic.com,13,14,1.0769230769230769
aserver12.com,21,26,1.2380952380952381
adaogomes.com,12,13,1.0833333333333333
bababutt.de,19,18,0.9473684210526315
aprilgoldsgetpaid2reademail.com,19,22,1.1578947368421053
ashwort.com,13,12,0.9230769230769231
advertisingsystem.eu,17,18,1.0588235294117647
best--hosting.com,11,10,0.9090909090909091
alpsu.org,18,21,1.1666666666666667
bnlis.com,15,16,1.0666666666666667
bqeu.com,14,15,1.0714285714285714
c1949.com,13,12,0.9230769230769231
bobzink.org,15,15,1.0
canep.com,17,16,0.9411764705882353
901a.com,9,8,0.8888888888888888
affbuzz.com,26,28,1.0769230769230769
acaioptimumreview.net,11,10,0.9090909090909091
calq.de,12,13,1.0833333333333333
beleco.com,12,13,1.0833333333333333
cgi.com,238,266,1.1176470588235294
b5155.cn,5,4,0.8
263server.net,22,21,0.9545454545454546
burnseason.com,12,13,1.0833333333333333
christianpub.com,15,18,1.2
brusselsfilmfestival.eu,17,16,0.9411764705882353
bcold.com,9,8,0.8888888888888888
65345.de,12,13,1.0833333333333333
beybladebattlescom.com,13,14,1.0769230769230769
aeroflotchess.com,16,15,0.9375
aspie.de,13,14,1.0769230769230769
09203.com,5,4,0.8
adbe.com,9,8,0.8888888888888888
bosi.ie,17,16,0.9411764705882353
cani.net,37,48,1.2972972972972974
ah236.com,13,12,0.9230769230769231
capcelllines.com,21,20,0.9523809523809523
bflywrestling.com,15,16,1.0666666666666667
capdtest.com,19,18,0.9473684210526315
balletbabe.com,17,16,0.9411764705882353
2bx.org,13,12,0.9230769230769231
americanroulette.ca,16,17,1.0625
bostonsoccerfans.com,15,16,1.0666666666666667
998hk.net,5,4,0.8
aa4ss.com,15,14,0.9333333333333333
amandala.com,15,16,1.0666666666666667
adjuvantonline.com,21,26,1.2380952380952381
c6010.cn,5,4,0.8
ccbn.net,25,24,0.96
batchprocessing.com,15,16,1.0666666666666667
angelworld.org,14,15,1.0714285714285714
batistasletos.com,20,19,0.95
acp9.com,13,13,1.0
786sd.com,16,17,1.0625
brahim.net,12,13,1.0833333333333333
buxblaster.com,12,13,1.0833333333333333
bubblicious.de,20,23,1.15
4hiphop.com,12,13,1.0833333333333333
click-capital.com,17,16,0.9411764705882353
buhoy.net,13,14,1.0769230769230769
biage.com,20,24,1.2
awo-pflege-probstei.de,16,15,0.9375
bskuma.com,11,11,1.0
bodenseeregion.eu,12,13,1.0833333333333333
bigil.com,18,21,1.1666666666666667
blackbuddies.com,12,11,0.9166666666666666
churchhomepage.org,14,13,0.9285714285714286
byym.de,12,13,1.0833333333333333
articleinterchange.com,12,13,1.0833333333333333
arenat.net,14,15,1.0714285714285714
cavidad.org,12,13,1.0833333333333333
adzra.com,13,12,0.9230769230769231
bacaro.com,16,15,0.9375
collaborativeleadership.org,16,15,0.9375
aboutphobias.com,12,13,1.0833333333333333
animal-naturals.biz,21,26,1.2380952380952381
baronfrierson.com,11,10,0.9090909090909091
ckari.com,18,17,0.9444444444444444
airapink.com,12,13,1.0833333333333333
casaprado.com,10,9,0.9
africaheritageforums.com,18,17,0.9444444444444444
acceso-peru.com,23,27,1.173913043478261
b-pro.pro,22,22,1.0
86569.com,14,15,1.0714285714285714
artistreviews.com,10,9,0.9
baduoo.com,16,15,0.9375
battista.de,12,13,1.0833333333333333
apoetinstead.com,18,17,0.9444444444444444
audienciaelectronica.net,23,28,1.2173913043478262
66protour.com,14,15,1.0714285714285714
bytorsecurity.com,17,16,0.9411764705882353
aerocancun.com,17,16,0.9411764705882353
2475.com,18,21,1.1666666666666667
c-tec.com,11,10,0.9090909090909091
70817.com,12,13,1.0833333333333333
brewbakerscafe.com,16,17,1.0625
461.net,12,13,1.0833333333333333
bergjans.com,17,16,0.9411764705882353
abseilen.org,12,13,1.0833333333333333
70794.com,8,7,0.875
bebephoto.fr,12,13,1.0833333333333333
chinaindole.com,8,7,0.875
04753.com,18,21,1.1666666666666667
c-bita.com,13,13,1.0
bohrwerke.de,12,13,1.0833333333333333
coldspringchamber.com,13,14,1.0769230769230769
bestmacmakeup.com,11,10,0.9090909090909091
a4k49.com,15,14,0.9333333333333333
clearval.com,11,10,0.9090909090909091
africansheabuttercompany.com,21,26,1.2380952380952381
bellegarde.com,15,16,1.0666666666666667
53175.com,11,10,0.9090909090909091
billymorris.net,20,19,0.95
58rp.com,13,12,0.9230769230769231
christmasball.com,16,15,0.9375
atan.net,12,13,1.0833333333333333
armouries.com,12,13,1.0833333333333333
braendlin.com,14,15,1.0714285714285714
brutalcarnage.us,22,27,1.2272727272727273
catwaterfountainshop.com,13,14,1.0769230769230769
approvers.net,12,13,1.0833333333333333
aguani.com,18,17,0.9444444444444444
ayate.com,14,14,1.0
aisa.gr,19,21,1.105263157894737
bondsdefault.com,12,13,1.0833333333333333
1999m.com,11,10,0.9090909090909091
3fc3.com,4,4,1.0
calitri.org,17,16,0.9411764705882353
aas-c.com,14,13,0.9285714285714286
bouldervalley.com,11,10,0.9090909090909091
bfhot.com,20,21,1.05
azvi.com,13,14,1.0769230769230769
bewerbungstipps24.de,9,8,0.8888888888888888
bouquetofpixels.com,19,18,0.9473684210526315
chicago-realestate.biz,14,13,0.9285714285714286
alshog.net,13,14,1.0769230769230769
adomain.ca,14,15,1.0714285714285714
chicos.com,102,107,1.0490196078431373
azarette.net,16,15,0.9375
aoki.com,15,16,1.0666666666666667
bhsuk.com,12,11,0.9166666666666666
burgundy.ca,15,16,1.0666666666666667
besthostingco.com,39,45,1.1538461538461537
364.at,18,21,1.1666666666666667
auwan.com,5,4,0.8
amfireandsafety.com,16,15,0.9375
51czw.net,6,5,0.8333333333333334
b2078.cn,5,4,0.8
angel-breath.de,17,16,0.9411764705882353
831s.com,15,14,0.9333333333333333
antplunk.com,14,13,0.9285714285714286
clubraiz.com,18,17,0.9444444444444444
checkday.com,15,16,1.0666666666666667
britishshakespearecompany.com,14,13,0.9285714285714286
arpeggio.eu,16,17,1.0625
8wip.com,13,12,0.9230769230769231
barczewo.pl,32,42,1.3125
atruestar.com,14,15,1.0714285714285714
ahdzgc.cn,5,4,0.8
club-gossip.nl,14,15,1.0714285714285714
a9896.cn,5,4,0.8
achinoam.com,13,14,1.0769230769230769
audeble.com,15,16,1.0666666666666667
bdco.de,18,18,1.0
afrique.eu,12,13,1.0833333333333333
cnfzm.com,12,13,1.0833333333333333
anlmo.com,8,7,0.875
c7391.cn,5,4,0.8
buyphoenixforeclosure.com,14,15,1.0714285714285714
afl24.com,12,13,1.0833333333333333
atyou.cn,5,6,1.2
cncej.org,12,11,0.9166666666666666
bichonpuppyforsale.com,15,16,1.0666666666666667
billato.com,12,11,0.9166666666666666
behindertenbeirat-brandenburg.de,25,26,1.04
cochranfirm.com,34,33,0.9705882352941176
0tc.net,15,14,0.9333333333333333
avsphere.com,14,13,0.9285714285714286
03724.de,12,13,1.0833333333333333
asrfarda.com,17,16,0.9411764705882353
bone-garden.com,13,14,1.0769230769230769
celmegvalositas.com,19,22,1.1578947368421053
2014bux.com,12,13,1.0833333333333333
breakadice.de,13,14,1.0769230769230769
cloudshake.com,12,12,1.0
bcloneri.info,25,24,0.96
campeones.com,13,14,1.0769230769230769
52tec.net,8,7,0.875
ahsngd.com,6,5,0.8333333333333334
chakapuli.com,16,15,0.9375
birdo.jp,16,20,1.25
aab-blog.com,13,14,1.0769230769230769
asses.com,12,13,1.0833333333333333
aleviyye.com,15,14,0.9333333333333333
alcurio.com,13,14,1.0769230769230769
bayris.com,12,13,1.0833333333333333
0wi.com,14,15,1.0714285714285714
bzdfilmsmindsing.com,21,26,1.2380952380952381
baida.com,8,7,0.875
0pe.com,12,13,1.0833333333333333
astrocafe.org,12,13,1.0833333333333333
1bike.net,15,15,1.0
anybodycandothis.com,15,14,0.9333333333333333
canina.net,13,14,1.0769230769230769
90688.cn,4,4,1.0
always-gaming.com,14,15,1.0714285714285714
cjwventures.com,25,27,1.08
businessreport.org,12,13,1.0833333333333333
blogtycoon.net,14,15,1.0714285714285714
928mm.com,13,12,0.9230769230769231
buzzitup.net,17,16,0.9411764705882353
carfel.com,15,16,1.0666666666666667
bestbulldogges.com,16,17,1.0625
chickenfeed.com,10,9,0.9
colourcollision.com,17,16,0.9411764705882353
apota.de,12,13,1.0833333333333333
babepixxx.com,16,15,0.9375
buffalobroadcasting.com,17,16,0.9411764705882353
c6761.cn,5,4,0.8
ccslabtest.com,41,40,0.975609756097561
bakasan.net,10,9,0.9
beautyaide.com,12,13,1.0833333333333333
8dd.org,20,21,1.05
anibaba.com,15,16,1.0666666666666667
athleta.org,12,13,1.0833333333333333
bootleggers.org,20,21,1.05
12051.de,15,16,1.0666666666666667
catapiller.de,12,13,1.0833333333333333
800zht.com,5,4,0.8
arttalk.info,14,15,1.0714285714285714
59j.com,16,17,1.0625
agnostic.eu,15,14,0.9333333333333333
bamhome.com,13,12,0.9230769230769231
arsenalfilm.com,15,16,1.0666666666666667
cesuvt.org,19,18,0.9473684210526315
bluestuff.com,16,15,0.9375
articleenergy.info,12,13,1.0833333333333333
9tanzi.net,5,4,0.8
camaraderepresentantes.net,18,17,0.9444444444444444
bukubelajar.com,17,16,0.9411764705882353
abrivar.com,14,15,1.0714285714285714
chevalets.de,12,13,1.0833333333333333
45years.com,17,16,0.9411764705882353
absolutelybushed.com,24,29,1.2083333333333333
coed.net,12,13,1.0833333333333333
4775.de,16,15,0.9375
by-expression.com,21,21,1.0
022229.net,7,6,0.8571428571428571
b3895.cn,5,4,0.8
cftr.ca,15,16,1.0666666666666667
b5942.cn,5,4,0.8
as-jt.fr,15,16,1.0666666666666667
5daily.com,15,14,0.9333333333333333
autoinsuranceratecomparisons.com,16,15,0.9375
bamuz.com,12,13,1.0833333333333333
